matchID,seriesID,Versus,Game_number,gametime,isLastGame,playerID,playerName,teamID,teamName,position,heroID,heroName,kills,deaths,creep_score,gpm,madstone_collected,tower_kills,obs_placed,camps_stacked,runes_grabbed,watchers_taken,smokes_used,teamfight_participation,stuns,firstblood_claimed,roshan_kills,tormentor_kills,courier_kills,date
8943097729,1130047,Aurora Gaming vs GamerLegion,1,4369,0,206642367,Ghost,9964962,GamerLegion,core,21,Windranger,642.0,585.0,2388.0,1300.0,403.0,352.0,117.0,234.0,705.0,441.0,0.0,1089.23,525.0,1934.0,2344.0,0.0,0.0,13/08/2026
8943097729,1130047,Aurora Gaming vs GamerLegion,1,4369,0,160119017,Fayde,9964962,GamerLegion,core,155,Largo,642.0,975.0,2067.0,1298.0,338.0,1408.0,0.0,2340.0,705.0,294.0,0.0,1198.15,172.94,0.0,1172.0,0.0,0.0,13/08/2026
8943097729,1130047,Aurora Gaming vs GamerLegion,1,4369,0,124801257,Nightfall,9467224,Aurora Gaming,core,19,Tiny,1177.0,975.0,2286.0,1440.0,312.0,1760.0,0.0,234.0,1128.0,0.0,293.0,1346.93,592.02,0.0,0.0,879.0,703.0,13/08/2026
8943097729,1130047,Aurora Gaming vs GamerLegion,1,4369,0,126842529,Ws`,9467224,Aurora Gaming,core,98,Timbersaw,1284.0,585.0,2331.0,1530.0,234.0,352.0,117.0,1404.0,564.0,735.0,0.0,1346.93,312.66,0.0,1172.0,0.0,703.0,13/08/2026
8943097729,1130047,Aurora Gaming vs GamerLegion,1,4369,0,154974246,RCY,9964962,GamerLegion,mid,107,Earth Spirit,1391.0,780.0,1812.0,1240.0,130.0,704.0,234.0,0.0,1128.0,588.0,0.0,1688.31,340.99,0.0,1172.0,0.0,0.0,13/08/2026
8943097729,1130047,Aurora Gaming vs GamerLegion,1,4369,0,301750126,Mikoto,9467224,Aurora Gaming,mid,25,Lina,1177.0,1365.0,2532.0,1554.0,390.0,0.0,234.0,936.0,2961.0,294.0,0.0,1346.93,652.04,0.0,1172.0,879.0,703.0,13/08/2026
8943097729,1130047,Aurora Gaming vs GamerLegion,1,4369,0,191362875,Speeed,9964962,GamerLegion,support,9,Mirana,963.0,195.0,993.0,862.0,104.0,0.0,702.0,1170.0,564.0,1764.0,1465.0,1633.85,831.67,0.0,0.0,0.0,1406.0,13/08/2026
8943097729,1130047,Aurora Gaming vs GamerLegion,1,4369,0,90423751,Bignum,9964962,GamerLegion,support,119,Dark Willow,535.0,-780.0,183.0,648.0,26.0,0.0,2574.0,234.0,705.0,1470.0,1465.0,1089.23,2172.0,0.0,0.0,0.0,0.0,13/08/2026
8943097729,1130047,Aurora Gaming vs GamerLegion,1,4369,0,256156323,Mira,9467224,Aurora Gaming,support,100,Tusk,428.0,-195.0,405.0,732.0,13.0,0.0,1872.0,468.0,1269.0,2940.0,1758.0,1191.51,721.32,0.0,0.0,0.0,1406.0,13/08/2026
8943097729,1130047,Aurora Gaming vs GamerLegion,1,4369,0,320219866,kaori,9467224,Aurora Gaming,support,112,Winter Wyvern,214.0,-585.0,324.0,732.0,26.0,0.0,1404.0,1170.0,705.0,2646.0,879.0,828.88,317.74,0.0,0.0,0.0,1406.0,13/08/2026
8943171995,1130047,Aurora Gaming vs GamerLegion,2,2574,0,126842529,Ws`,9467224,Aurora Gaming,core,38,Beastmaster,535.0,1170.0,1086.0,1306.0,260.0,1056.0,0.0,702.0,282.0,147.0,0.0,991.2,428.34,0.0,2344.0,879.0,0.0,13/08/2026
8943171995,1130047,Aurora Gaming vs GamerLegion,2,2574,0,124801257,Nightfall,9467224,Aurora Gaming,core,21,Windranger,642.0,1365.0,1398.0,1426.0,208.0,704.0,0.0,468.0,282.0,294.0,0.0,1274.4,465.32,0.0,1172.0,0.0,0.0,13/08/2026
8943171995,1130047,Aurora Gaming vs GamerLegion,2,2574,0,206642367,Ghost,9964962,GamerLegion,core,36,Necrophos,642.0,975.0,1722.0,1390.0,559.0,704.0,0.0,702.0,705.0,588.0,0.0,1143.69,244.66,0.0,0.0,0.0,0.0,13/08/2026
8943171995,1130047,Aurora Gaming vs GamerLegion,2,2574,0,160119017,Fayde,9964962,GamerLegion,core,108,Underlord,107.0,780.0,918.0,954.0,143.0,352.0,0.0,1404.0,423.0,588.0,293.0,1307.08,1608.62,0.0,0.0,0.0,703.0,13/08/2026
8943171995,1130047,Aurora Gaming vs GamerLegion,2,2574,0,301750126,Mikoto,9467224,Aurora Gaming,mid,126,Void Spirit,1391.0,1755.0,1230.0,1382.0,117.0,352.0,234.0,0.0,1692.0,0.0,0.0,1699.2,0.0,0.0,0.0,0.0,0.0,13/08/2026
8943171995,1130047,Aurora Gaming vs GamerLegion,2,2574,0,154974246,RCY,9964962,GamerLegion,mid,74,Invoker,214.0,1170.0,1056.0,1132.0,52.0,352.0,117.0,234.0,282.0,0.0,0.0,1633.85,606.03,0.0,1172.0,0.0,0.0,13/08/2026
8943171995,1130047,Aurora Gaming vs GamerLegion,2,2574,0,256156323,Mira,9467224,Aurora Gaming,support,90,Keeper of the Light,214.0,1170.0,351.0,788.0,65.0,0.0,1053.0,702.0,141.0,2058.0,879.0,1486.8,0.0,0.0,0.0,0.0,1406.0,13/08/2026
8943171995,1130047,Aurora Gaming vs GamerLegion,2,2574,0,320219866,kaori,9467224,Aurora Gaming,support,64,Jakiro,428.0,1755.0,255.0,752.0,52.0,0.0,1170.0,702.0,282.0,2205.0,879.0,1557.6,406.34,0.0,0.0,879.0,0.0,13/08/2026
8943171995,1130047,Aurora Gaming vs GamerLegion,2,2574,0,191362875,Speeed,9964962,GamerLegion,support,62,Bounty Hunter,321.0,-195.0,57.0,568.0,26.0,0.0,1053.0,0.0,1410.0,735.0,0.0,1633.85,328.0,0.0,0.0,0.0,5624.0,13/08/2026
8943171995,1130047,Aurora Gaming vs GamerLegion,2,2574,0,90423751,Bignum,9964962,GamerLegion,support,9,Mirana,107.0,1170.0,369.0,710.0,26.0,0.0,1053.0,702.0,705.0,735.0,1465.0,1307.08,346.67,1934.0,0.0,0.0,0.0,13/08/2026
8944475884,1130278,Aurora Gaming vs Team Spirit,1,2526,0,321580662,Yatoro,7119388,Team Spirit,core,53,Nature's Prophet,1177.0,585.0,2064.0,1932.0,364.0,1760.0,117.0,468.0,423.0,294.0,293.0,1725.75,0.0,0.0,1172.0,0.0,0.0,14/08/2026
8944475884,1130278,Aurora Gaming vs Team Spirit,1,2526,0,302214028,Collapse,7119388,Team Spirit,core,96,Centaur Warrunner,856.0,1365.0,1152.0,1374.0,208.0,0.0,117.0,1404.0,705.0,441.0,0.0,1593.0,558.01,0.0,0.0,0.0,0.0,14/08/2026
8944475884,1130278,Aurora Gaming vs Team Spirit,1,2526,0,124801257,Nightfall,9467224,Aurora Gaming,core,11,Shadow Fiend,1070.0,975.0,1395.0,1362.0,312.0,704.0,0.0,702.0,141.0,147.0,0.0,1593.0,90.51,1934.0,1172.0,879.0,0.0,14/08/2026
8944475884,1130278,Aurora Gaming vs Team Spirit,1,2526,0,126842529,Ws`,9467224,Aurora Gaming,core,2,Axe,1391.0,780.0,897.0,1196.0,169.0,352.0,0.0,702.0,423.0,147.0,0.0,1460.25,427.67,0.0,0.0,0.0,0.0,14/08/2026
8944475884,1130278,Aurora Gaming vs Team Spirit,1,2526,0,106305042,Larl,7119388,Team Spirit,mid,49,Dragon Knight,963.0,975.0,1080.0,1234.0,117.0,1056.0,0.0,0.0,1269.0,294.0,0.0,1460.25,653.33,0.0,0.0,0.0,0.0,14/08/2026
8944475884,1130278,Aurora Gaming vs Team Spirit,1,2526,0,301750126,Mikoto,9467224,Aurora Gaming,mid,106,Ember Spirit,535.0,1365.0,1182.0,1190.0,169.0,0.0,351.0,234.0,1974.0,441.0,0.0,1261.12,738.66,0.0,0.0,879.0,0.0,14/08/2026
8944475884,1130278,Aurora Gaming vs Team Spirit,1,2526,0,847565596,rue,7119388,Team Spirit,support,85,Undying,214.0,195.0,243.0,672.0,39.0,0.0,585.0,468.0,141.0,1911.0,879.0,1261.12,0.0,0.0,0.0,0.0,0.0,14/08/2026
8944475884,1130278,Aurora Gaming vs Team Spirit,1,2526,0,218231587,not_me,7119388,Team Spirit,support,131,Ringmaster,214.0,390.0,222.0,746.0,13.0,0.0,1404.0,1872.0,141.0,147.0,879.0,1261.12,257.99,0.0,0.0,0.0,0.0,14/08/2026
8944475884,1130278,Aurora Gaming vs Team Spirit,1,2526,0,256156323,Mira,9467224,Aurora Gaming,support,123,Hoodwink,321.0,390.0,438.0,692.0,65.0,0.0,819.0,1170.0,423.0,1323.0,879.0,1327.5,444.65,0.0,0.0,0.0,1406.0,14/08/2026
8944475884,1130278,Aurora Gaming vs Team Spirit,1,2526,0,320219866,kaori,9467224,Aurora Gaming,support,3,Bane,107.0,0.0,45.0,470.0,13.0,0.0,1170.0,468.0,564.0,2205.0,879.0,597.38,540.34,0.0,0.0,0.0,703.0,14/08/2026
8944521792,1130278,Aurora Gaming vs Team Spirit,2,2619,0,124801257,Nightfall,9467224,Aurora Gaming,core,18,Sven,963.0,1365.0,1641.0,1396.0,351.0,704.0,0.0,234.0,141.0,294.0,0.0,1359.36,424.0,0.0,1172.0,0.0,703.0,14/08/2026
8944521792,1130278,Aurora Gaming vs Team Spirit,2,2619,0,126842529,Ws`,9467224,Aurora Gaming,core,96,Centaur Warrunner,0.0,780.0,1152.0,1172.0,156.0,352.0,117.0,702.0,423.0,882.0,0.0,509.76,361.01,0.0,0.0,0.0,0.0,14/08/2026
8944521792,1130278,Aurora Gaming vs Team Spirit,2,2619,0,321580662,Yatoro,7119388,Team Spirit,core,80,Lone Druid,1284.0,1755.0,2094.0,1918.0,273.0,2112.0,117.0,1638.0,1128.0,147.0,0.0,1357.0,887.68,0.0,0.0,0.0,703.0,14/08/2026
8944521792,1130278,Aurora Gaming vs Team Spirit,2,2619,0,302214028,Collapse,7119388,Team Spirit,core,129,Mars,749.0,1365.0,1173.0,1222.0,182.0,0.0,117.0,936.0,282.0,1176.0,293.0,944.0,571.67,0.0,0.0,879.0,0.0,14/08/2026
8944521792,1130278,Aurora Gaming vs Team Spirit,2,2619,0,301750126,Mikoto,9467224,Aurora Gaming,mid,25,Lina,535.0,975.0,1227.0,1182.0,104.0,704.0,117.0,234.0,1410.0,588.0,0.0,1444.32,446.67,1934.0,0.0,0.0,0.0,14/08/2026
8944521792,1130278,Aurora Gaming vs Team Spirit,2,2619,0,106305042,Larl,7119388,Team Spirit,mid,107,Earth Spirit,1177.0,1365.0,1035.0,1280.0,117.0,0.0,117.0,234.0,1551.0,588.0,0.0,1416.0,155.0,0.0,0.0,879.0,0.0,14/08/2026
8944521792,1130278,Aurora Gaming vs Team Spirit,2,2619,0,256156323,Mira,9467224,Aurora Gaming,support,79,Shadow Demon,856.0,-195.0,201.0,706.0,26.0,352.0,1404.0,936.0,564.0,588.0,879.0,1529.28,525.66,0.0,1172.0,0.0,2109.0,14/08/2026
8944521792,1130278,Aurora Gaming vs Team Spirit,2,2619,0,320219866,kaori,9467224,Aurora Gaming,support,110,Phoenix,321.0,-195.0,390.0,698.0,91.0,0.0,585.0,936.0,282.0,1470.0,879.0,1019.52,18.67,0.0,0.0,0.0,0.0,14/08/2026
8944521792,1130278,Aurora Gaming vs Team Spirit,2,2619,0,847565596,rue,7119388,Team Spirit,support,64,Jakiro,214.0,390.0,225.0,738.0,0.0,352.0,468.0,936.0,141.0,1176.0,586.0,1180.0,339.34,0.0,0.0,0.0,0.0,14/08/2026
8944521792,1130278,Aurora Gaming vs Team Spirit,2,2619,0,218231587,not_me,7119388,Team Spirit,support,3,Bane,428.0,0.0,126.0,628.0,26.0,0.0,1404.0,234.0,423.0,294.0,879.0,1003.0,833.34,0.0,0.0,0.0,1406.0,14/08/2026
8944841068,1130328,Aurora Gaming vs Team Yandex,1,2528,0,171262902,医者watson`,9823272,Team Yandex,core,36,Necrophos,1070.0,1560.0,2073.0,1912.0,299.0,352.0,0.0,234.0,705.0,735.0,0.0,1480.36,90.66,0.0,0.0,0.0,703.0,14/08/2026
8944841068,1130328,Aurora Gaming vs Team Yandex,1,2528,0,56351509,DM,9823272,Team Yandex,core,96,Centaur Warrunner,642.0,1560.0,1197.0,1276.0,221.0,1056.0,0.0,702.0,987.0,294.0,0.0,1287.27,416.36,0.0,2344.0,0.0,1406.0,14/08/2026
8944841068,1130328,Aurora Gaming vs Team Yandex,1,2528,0,124801257,Nightfall,9467224,Aurora Gaming,core,11,Shadow Fiend,535.0,975.0,1452.0,1272.0,364.0,704.0,0.0,234.0,141.0,0.0,0.0,1011.43,58.83,0.0,0.0,879.0,0.0,14/08/2026
8944841068,1130328,Aurora Gaming vs Team Yandex,1,2528,0,126842529,Ws`,9467224,Aurora Gaming,core,108,Underlord,321.0,1170.0,1182.0,1188.0,182.0,0.0,0.0,702.0,141.0,735.0,0.0,1416.0,1226.65,0.0,1172.0,0.0,0.0,14/08/2026
8944841068,1130328,Aurora Gaming vs Team Yandex,1,2528,0,312436974,CHIRA_JUNIOR,9823272,Team Yandex,mid,114,Monkey King,1284.0,1170.0,996.0,1228.0,143.0,704.0,117.0,0.0,1551.0,0.0,0.0,1673.45,525.33,0.0,0.0,0.0,703.0,14/08/2026
8944841068,1130328,Aurora Gaming vs Team Yandex,1,2528,0,301750126,Mikoto,9467224,Aurora Gaming,mid,107,Earth Spirit,642.0,195.0,807.0,1054.0,65.0,0.0,234.0,234.0,282.0,147.0,0.0,1517.14,160.0,0.0,0.0,0.0,0.0,14/08/2026
8944841068,1130328,Aurora Gaming vs Team Yandex,1,2528,0,93817671,Maladych,9823272,Team Yandex,support,83,Treant Protector,107.0,780.0,222.0,688.0,78.0,0.0,936.0,0.0,282.0,1029.0,293.0,1480.36,499.67,0.0,0.0,0.0,0.0,14/08/2026
8944841068,1130328,Aurora Gaming vs Team Yandex,1,2528,0,103735745,Saksa,9823272,Team Yandex,support,123,Hoodwink,428.0,585.0,240.0,766.0,13.0,0.0,1170.0,1638.0,1410.0,3381.0,1758.0,1416.0,495.32,1934.0,0.0,0.0,1406.0,14/08/2026
8944841068,1130328,Aurora Gaming vs Team Yandex,1,2528,0,256156323,Mira,9467224,Aurora Gaming,support,9,Mirana,749.0,975.0,357.0,716.0,117.0,0.0,819.0,702.0,564.0,1176.0,293.0,1921.71,462.0,0.0,0.0,0.0,0.0,14/08/2026
8944841068,1130328,Aurora Gaming vs Team Yandex,1,2528,0,320219866,kaori,9467224,Aurora Gaming,support,112,Winter Wyvern,0.0,-195.0,75.0,484.0,13.0,0.0,1170.0,468.0,0.0,1176.0,879.0,1213.71,173.0,0.0,0.0,0.0,0.0,14/08/2026
8944931337,1130328,Aurora Gaming vs Team Yandex,2,2421,0,124801257,Nightfall,9467224,Aurora Gaming,core,19,Tiny,1070.0,1755.0,1218.0,1356.0,169.0,1760.0,0.0,468.0,423.0,0.0,0.0,1416.0,253.32,0.0,1172.0,879.0,703.0,14/08/2026
8944931337,1130328,Aurora Gaming vs Team Yandex,2,2421,0,126842529,Ws`,9467224,Aurora Gaming,core,96,Centaur Warrunner,642.0,1755.0,1170.0,1362.0,208.0,352.0,0.0,468.0,282.0,441.0,0.0,1239.0,380.34,0.0,0.0,0.0,0.0,14/08/2026
8944931337,1130328,Aurora Gaming vs Team Yandex,2,2421,0,171262902,医者watson`,9823272,Team Yandex,core,25,Lina,107.0,1170.0,1458.0,1182.0,377.0,0.0,0.0,936.0,423.0,0.0,0.0,944.0,351.34,0.0,0.0,0.0,0.0,14/08/2026
8944931337,1130328,Aurora Gaming vs Team Yandex,2,2421,0,56351509,DM,9823272,Team Yandex,core,69,Doom,214.0,585.0,891.0,1060.0,169.0,0.0,0.0,0.0,141.0,735.0,0.0,1416.0,101.01,0.0,0.0,0.0,0.0,14/08/2026
8944931337,1130328,Aurora Gaming vs Team Yandex,2,2421,0,301750126,Mikoto,9467224,Aurora Gaming,mid,74,Invoker,1712.0,1560.0,1197.0,1508.0,169.0,1056.0,351.0,234.0,846.0,0.0,0.0,1947.0,773.71,1934.0,1172.0,0.0,0.0,14/08/2026
8944931337,1130328,Aurora Gaming vs Team Yandex,2,2421,0,312436974,CHIRA_JUNIOR,9823272,Team Yandex,mid,106,Ember Spirit,321.0,780.0,882.0,936.0,143.0,0.0,234.0,702.0,705.0,441.0,0.0,1888.0,369.99,0.0,0.0,0.0,0.0,14/08/2026
8944931337,1130328,Aurora Gaming vs Team Yandex,2,2421,0,256156323,Mira,9467224,Aurora Gaming,support,119,Dark Willow,321.0,1170.0,141.0,642.0,0.0,0.0,702.0,468.0,846.0,1617.0,879.0,1239.0,1341.0,0.0,0.0,0.0,703.0,14/08/2026
8944931337,1130328,Aurora Gaming vs Team Yandex,2,2421,0,320219866,kaori,9467224,Aurora Gaming,support,112,Winter Wyvern,107.0,1755.0,99.0,648.0,39.0,0.0,1170.0,234.0,705.0,1911.0,879.0,1180.0,137.33,0.0,0.0,0.0,0.0,14/08/2026
8944931337,1130328,Aurora Gaming vs Team Yandex,2,2421,0,93817671,Maladych,9823272,Team Yandex,support,100,Tusk,107.0,-390.0,153.0,508.0,26.0,0.0,819.0,234.0,423.0,882.0,586.0,1180.0,338.01,0.0,0.0,0.0,0.0,14/08/2026
8944931337,1130328,Aurora Gaming vs Team Yandex,2,2421,0,103735745,Saksa,9823272,Team Yandex,support,9,Mirana,214.0,585.0,303.0,632.0,0.0,0.0,1053.0,1170.0,423.0,1323.0,879.0,1888.0,385.0,0.0,0.0,0.0,703.0,14/08/2026
8945052416,1130328,Aurora Gaming vs Team Yandex,3,2032,1,171262902,医者watson`,9823272,Team Yandex,core,145,Kez,428.0,1170.0,1125.0,1116.0,156.0,0.0,117.0,1170.0,0.0,147.0,0.0,1652.0,62.33,1934.0,0.0,0.0,0.0,14/08/2026
8945052416,1130328,Aurora Gaming vs Team Yandex,3,2032,1,56351509,DM,9823272,Team Yandex,core,96,Centaur Warrunner,107.0,1365.0,942.0,1038.0,156.0,0.0,0.0,234.0,141.0,294.0,0.0,944.0,354.0,0.0,0.0,0.0,0.0,14/08/2026
8945052416,1130328,Aurora Gaming vs Team Yandex,3,2032,1,124801257,Nightfall,9467224,Aurora Gaming,core,11,Shadow Fiend,535.0,1755.0,1329.0,1480.0,260.0,352.0,0.0,234.0,141.0,294.0,0.0,1391.59,5.67,0.0,2344.0,0.0,0.0,14/08/2026
8945052416,1130328,Aurora Gaming vs Team Yandex,3,2032,1,126842529,Ws`,9467224,Aurora Gaming,core,77,Lycan,1177.0,1755.0,873.0,1414.0,156.0,1408.0,0.0,234.0,141.0,882.0,0.0,1757.79,8.67,0.0,0.0,879.0,0.0,14/08/2026
8945052416,1130328,Aurora Gaming vs Team Yandex,3,2032,1,312436974,CHIRA_JUNIOR,9823272,Team Yandex,mid,36,Necrophos,107.0,1170.0,1092.0,1074.0,169.0,0.0,117.0,702.0,423.0,0.0,0.0,944.0,45.67,0.0,0.0,0.0,0.0,14/08/2026
8945052416,1130328,Aurora Gaming vs Team Yandex,3,2032,1,301750126,Mikoto,9467224,Aurora Gaming,mid,107,Earth Spirit,642.0,1560.0,804.0,1284.0,26.0,704.0,234.0,0.0,1833.0,147.0,0.0,1538.07,204.33,0.0,0.0,0.0,0.0,14/08/2026
8945052416,1130328,Aurora Gaming vs Team Yandex,3,2032,1,93817671,Maladych,9823272,Team Yandex,support,85,Undying,214.0,0.0,255.0,556.0,39.0,0.0,819.0,468.0,423.0,735.0,586.0,944.0,0.0,0.0,1172.0,0.0,0.0,14/08/2026
8945052416,1130328,Aurora Gaming vs Team Yandex,3,2032,1,103735745,Saksa,9823272,Team Yandex,support,79,Shadow Demon,0.0,390.0,150.0,538.0,0.0,0.0,819.0,2574.0,705.0,1323.0,586.0,1180.0,304.33,0.0,0.0,0.0,0.0,14/08/2026
8945052416,1130328,Aurora Gaming vs Team Yandex,3,2032,1,256156323,Mira,9467224,Aurora Gaming,support,9,Mirana,107.0,975.0,246.0,686.0,52.0,0.0,936.0,702.0,705.0,1029.0,293.0,1391.59,401.0,0.0,0.0,0.0,0.0,14/08/2026
8945052416,1130328,Aurora Gaming vs Team Yandex,3,2032,1,320219866,kaori,9467224,Aurora Gaming,support,64,Jakiro,428.0,1950.0,234.0,802.0,39.0,352.0,819.0,468.0,141.0,1323.0,1172.0,1538.07,440.66,0.0,0.0,0.0,0.0,14/08/2026
8943202720,1130060,BoomBoys vs Iron Wing,1,3237,0,172099728,Kiritych~,8255888,BoomBoys,core,145,Kez,1177.0,1365.0,2337.0,1864.0,273.0,3168.0,0.0,234.0,1128.0,294.0,0.0,1357.0,57.0,0.0,3516.0,879.0,0.0,13/08/2026
8943202720,1130060,BoomBoys vs Iron Wing,1,3237,0,165564598,MieRo,8255888,BoomBoys,core,28,Slardar,856.0,585.0,1158.0,1112.0,169.0,0.0,0.0,0.0,282.0,735.0,0.0,1416.0,443.0,0.0,0.0,879.0,0.0,13/08/2026
8943202720,1130060,BoomBoys vs Iron Wing,1,3237,0,86698277,33,10150413,Iron Wing,core,96,Centaur Warrunner,214.0,390.0,1482.0,1112.0,299.0,352.0,0.0,234.0,282.0,147.0,0.0,923.48,395.67,0.0,0.0,0.0,0.0,13/08/2026
8943202720,1130060,BoomBoys vs Iron Wing,1,3237,0,331855530,Pure,10150413,Iron Wing,core,91,Io,1070.0,975.0,2256.0,1438.0,312.0,0.0,0.0,1638.0,564.0,0.0,0.0,1662.26,226.33,1934.0,1172.0,0.0,0.0,13/08/2026
8943202720,1130060,BoomBoys vs Iron Wing,1,3237,0,480412663,gpk~,8255888,BoomBoys,mid,128,Snapfire,1498.0,1755.0,1806.0,1536.0,208.0,352.0,234.0,702.0,1833.0,294.0,0.0,1593.0,566.68,0.0,0.0,0.0,1406.0,13/08/2026
8943202720,1130060,BoomBoys vs Iron Wing,1,3237,0,93618577,bzm,10150413,Iron Wing,mid,7,Earthshaker,428.0,975.0,1713.0,1328.0,130.0,352.0,117.0,702.0,1692.0,294.0,0.0,1569.91,1654.99,0.0,0.0,0.0,0.0,13/08/2026
8943202720,1130060,BoomBoys vs Iron Wing,1,3237,0,317880638,Save-,8255888,BoomBoys,support,131,Ringmaster,214.0,975.0,330.0,756.0,39.0,352.0,819.0,1170.0,705.0,1470.0,1465.0,1416.0,311.66,0.0,0.0,0.0,0.0,13/08/2026
8943202720,1130060,BoomBoys vs Iron Wing,1,3237,0,196878136,Kataomi`,8255888,BoomBoys,support,3,Bane,107.0,585.0,135.0,662.0,26.0,0.0,1872.0,0.0,282.0,1764.0,1172.0,1121.0,1124.22,0.0,0.0,0.0,703.0,13/08/2026
8943202720,1130060,BoomBoys vs Iron Wing,1,3237,0,346412363,Ari,10150413,Iron Wing,support,123,Hoodwink,321.0,0.0,504.0,604.0,13.0,0.0,1053.0,3042.0,282.0,1029.0,586.0,1292.87,651.0,0.0,0.0,0.0,703.0,13/08/2026
8943202720,1130060,BoomBoys vs Iron Wing,1,3237,0,136829091,Whitemon,10150413,Iron Wing,support,100,Tusk,428.0,390.0,108.0,562.0,0.0,0.0,1755.0,1404.0,423.0,2646.0,1758.0,1569.91,365.34,0.0,0.0,0.0,703.0,13/08/2026
8943278347,1130060,BoomBoys vs Iron Wing,2,2681,0,172099728,Kiritych~,8255888,BoomBoys,core,6,Drow Ranger,107.0,780.0,1869.0,1324.0,312.0,0.0,0.0,468.0,141.0,294.0,0.0,1158.55,0.0,0.0,0.0,0.0,0.0,13/08/2026
8943278347,1130060,BoomBoys vs Iron Wing,2,2681,0,165564598,MieRo,8255888,BoomBoys,core,155,Largo,107.0,390.0,783.0,774.0,143.0,0.0,0.0,702.0,0.0,0.0,0.0,1351.64,57.65,0.0,0.0,0.0,0.0,13/08/2026
8943278347,1130060,BoomBoys vs Iron Wing,2,2681,0,86698277,33,10150413,Iron Wing,core,69,Doom,1391.0,1755.0,1530.0,1620.0,325.0,352.0,0.0,1872.0,705.0,0.0,0.0,1593.0,175.65,0.0,0.0,0.0,0.0,13/08/2026
8943278347,1130060,BoomBoys vs Iron Wing,2,2681,0,331855530,Pure,10150413,Iron Wing,core,145,Kez,1177.0,1560.0,1872.0,1710.0,247.0,1056.0,117.0,1404.0,564.0,147.0,0.0,1121.0,119.34,0.0,2344.0,879.0,0.0,13/08/2026
8943278347,1130060,BoomBoys vs Iron Wing,2,2681,0,480412663,gpk~,8255888,BoomBoys,mid,13,Puck,749.0,1170.0,1479.0,1114.0,286.0,0.0,234.0,702.0,705.0,441.0,0.0,1351.64,138.0,0.0,0.0,0.0,0.0,13/08/2026
8943278347,1130060,BoomBoys vs Iron Wing,2,2681,0,93618577,bzm,10150413,Iron Wing,mid,19,Tiny,749.0,1755.0,1296.0,1438.0,65.0,352.0,117.0,936.0,2961.0,882.0,0.0,1770.0,380.63,0.0,0.0,0.0,0.0,13/08/2026
8943278347,1130060,BoomBoys vs Iron Wing,2,2681,0,317880638,Save-,8255888,BoomBoys,support,27,Shadow Shaman,0.0,-195.0,102.0,404.0,0.0,352.0,468.0,1170.0,282.0,294.0,2051.0,1158.55,566.67,0.0,0.0,0.0,0.0,13/08/2026
8943278347,1130060,BoomBoys vs Iron Wing,2,2681,0,196878136,Kataomi`,8255888,BoomBoys,support,103,Elder Titan,107.0,585.0,93.0,448.0,0.0,0.0,1755.0,234.0,141.0,1470.0,293.0,1544.73,645.34,0.0,0.0,0.0,0.0,13/08/2026
8943278347,1130060,BoomBoys vs Iron Wing,2,2681,0,346412363,Ari,10150413,Iron Wing,support,123,Hoodwink,428.0,1365.0,540.0,782.0,91.0,0.0,234.0,2808.0,564.0,1176.0,879.0,1357.0,535.33,1934.0,0.0,879.0,0.0,13/08/2026
8943278347,1130060,BoomBoys vs Iron Wing,2,2681,0,136829091,Whitemon,10150413,Iron Wing,support,3,Bane,107.0,1170.0,60.0,652.0,0.0,0.0,1989.0,1170.0,564.0,1764.0,1465.0,1003.0,517.67,0.0,0.0,0.0,0.0,13/08/2026
8943357930,1130060,BoomBoys vs Iron Wing,3,4164,1,172099728,Kiritych~,8255888,BoomBoys,core,6,Drow Ranger,963.0,1170.0,2793.0,1794.0,377.0,2112.0,0.0,702.0,987.0,441.0,0.0,1435.14,25.0,0.0,3516.0,879.0,0.0,13/08/2026
8943357930,1130060,BoomBoys vs Iron Wing,3,4164,1,165564598,MieRo,8255888,BoomBoys,core,155,Largo,1391.0,1365.0,1341.0,1216.0,221.0,0.0,0.0,936.0,987.0,441.0,0.0,1779.57,378.36,0.0,0.0,0.0,0.0,13/08/2026
8943357930,1130060,BoomBoys vs Iron Wing,3,4164,1,86698277,33,10150413,Iron Wing,core,69,Doom,642.0,780.0,1830.0,1364.0,338.0,0.0,0.0,2106.0,141.0,294.0,0.0,1393.88,363.66,0.0,0.0,0.0,0.0,13/08/2026
8943357930,1130060,BoomBoys vs Iron Wing,3,4164,1,331855530,Pure,10150413,Iron Wing,core,73,Alchemist,749.0,780.0,2634.0,1964.0,429.0,1056.0,0.0,2106.0,1692.0,294.0,0.0,1526.62,1077.31,1934.0,3516.0,879.0,0.0,13/08/2026
8943357930,1130060,BoomBoys vs Iron Wing,3,4164,1,480412663,gpk~,8255888,BoomBoys,mid,13,Puck,428.0,390.0,2103.0,1340.0,234.0,352.0,234.0,1170.0,2115.0,294.0,0.0,975.89,293.32,0.0,0.0,0.0,703.0,13/08/2026
8943357930,1130060,BoomBoys vs Iron Wing,3,4164,1,93618577,bzm,10150413,Iron Wing,mid,106,Ember Spirit,856.0,585.0,2202.0,1380.0,130.0,352.0,234.0,1404.0,1410.0,294.0,0.0,1393.88,1099.31,0.0,0.0,0.0,0.0,13/08/2026
8943357930,1130060,BoomBoys vs Iron Wing,3,4164,1,317880638,Save-,8255888,BoomBoys,support,9,Mirana,642.0,585.0,525.0,822.0,91.0,704.0,702.0,468.0,564.0,1323.0,1465.0,1492.54,1128.01,0.0,0.0,0.0,0.0,13/08/2026
8943357930,1130060,BoomBoys vs Iron Wing,3,4164,1,196878136,Kataomi`,8255888,BoomBoys,support,103,Elder Titan,321.0,0.0,288.0,748.0,39.0,0.0,2808.0,468.0,564.0,2058.0,1758.0,1320.32,1454.71,0.0,0.0,0.0,0.0,13/08/2026
8943357930,1130060,BoomBoys vs Iron Wing,3,4164,1,346412363,Ari,10150413,Iron Wing,support,123,Hoodwink,535.0,0.0,567.0,660.0,65.0,0.0,936.0,2106.0,423.0,1029.0,1172.0,1327.5,766.31,0.0,0.0,0.0,0.0,13/08/2026
8943357930,1130060,BoomBoys vs Iron Wing,3,4164,1,136829091,Whitemon,10150413,Iron Wing,support,131,Ringmaster,642.0,390.0,153.0,662.0,26.0,0.0,2574.0,2340.0,423.0,2793.0,2051.0,1593.0,419.99,0.0,0.0,0.0,0.0,13/08/2026
8943013334,1130032,BoomBoys vs OG,1,2722,0,172099728,Kiritych~,8255888,BoomBoys,core,80,Lone Druid,642.0,1950.0,2040.0,1712.0,299.0,2464.0,0.0,1638.0,1128.0,294.0,0.0,1351.64,437.01,1934.0,1172.0,0.0,0.0,13/08/2026
8943013334,1130032,BoomBoys vs OG,1,2722,0,165564598,MieRo,8255888,BoomBoys,core,104,Legion Commander,428.0,1170.0,1035.0,1072.0,286.0,352.0,0.0,702.0,141.0,588.0,0.0,1158.55,379.67,0.0,0.0,0.0,0.0,13/08/2026
8943013334,1130032,BoomBoys vs OG,1,2722,0,132309493,Raven,2586976,OG,core,33,Enigma,0.0,1170.0,981.0,950.0,91.0,704.0,0.0,234.0,0.0,294.0,0.0,1307.08,335.0,0.0,0.0,0.0,0.0,13/08/2026
8943013334,1130032,BoomBoys vs OG,1,2722,0,355168766,Natsumi,2586976,OG,core,145,Kez,428.0,1170.0,1350.0,1078.0,299.0,0.0,0.0,468.0,423.0,294.0,0.0,1143.69,80.33,0.0,0.0,879.0,0.0,13/08/2026
8943013334,1130032,BoomBoys vs OG,1,2722,0,480412663,gpk~,8255888,BoomBoys,mid,106,Ember Spirit,856.0,1560.0,1686.0,1472.0,169.0,0.0,234.0,468.0,1551.0,0.0,0.0,1544.73,710.34,0.0,1172.0,0.0,0.0,13/08/2026
8943013334,1130032,BoomBoys vs OG,1,2722,0,324277900,Yopaj-,2586976,OG,mid,25,Lina,749.0,1170.0,1419.0,1136.0,299.0,0.0,234.0,702.0,846.0,147.0,0.0,1633.85,388.68,0.0,0.0,0.0,0.0,13/08/2026
8943013334,1130032,BoomBoys vs OG,1,2722,0,317880638,Save-,8255888,BoomBoys,support,21,Windranger,214.0,1170.0,276.0,700.0,0.0,0.0,468.0,1404.0,423.0,588.0,1465.0,1448.18,429.0,0.0,0.0,0.0,2109.0,13/08/2026
8943013334,1130032,BoomBoys vs OG,1,2722,0,196878136,Kataomi`,8255888,BoomBoys,support,85,Undying,214.0,1365.0,177.0,628.0,13.0,0.0,1872.0,702.0,423.0,2058.0,586.0,1062.0,0.0,0.0,0.0,0.0,0.0,13/08/2026
8943013334,1130032,BoomBoys vs OG,1,2722,0,155494381,TIMS,2586976,OG,support,123,Hoodwink,0.0,780.0,270.0,550.0,26.0,0.0,819.0,702.0,987.0,1764.0,586.0,1470.46,742.32,0.0,0.0,0.0,0.0,13/08/2026
8943013334,1130032,BoomBoys vs OG,1,2722,0,100594231,skem,2586976,OG,support,9,Mirana,214.0,1170.0,417.0,678.0,52.0,0.0,1404.0,702.0,705.0,882.0,1758.0,1470.46,561.0,0.0,0.0,0.0,703.0,13/08/2026
8943055466,1130032,BoomBoys vs OG,2,2215,0,132309493,Raven,2586976,OG,core,2,Axe,0.0,585.0,888.0,896.0,130.0,352.0,0.0,1404.0,423.0,147.0,0.0,910.29,386.0,0.0,0.0,0.0,703.0,13/08/2026
8943055466,1130032,BoomBoys vs OG,2,2215,0,355168766,Natsumi,2586976,OG,core,46,Templar Assassin,428.0,1365.0,1680.0,1490.0,312.0,352.0,0.0,234.0,141.0,147.0,293.0,1820.57,0.0,0.0,0.0,0.0,0.0,13/08/2026
8943055466,1130032,BoomBoys vs OG,2,2215,0,172099728,Kiritych~,8255888,BoomBoys,core,36,Necrophos,963.0,1755.0,1752.0,1714.0,234.0,0.0,0.0,936.0,423.0,147.0,0.0,1464.83,75.33,0.0,0.0,0.0,703.0,13/08/2026
8943055466,1130032,BoomBoys vs OG,2,2215,0,165564598,MieRo,8255888,BoomBoys,core,96,Centaur Warrunner,535.0,1950.0,1212.0,1424.0,182.0,704.0,0.0,702.0,282.0,294.0,0.0,1318.34,327.67,0.0,0.0,0.0,0.0,13/08/2026
8943055466,1130032,BoomBoys vs OG,2,2215,0,324277900,Yopaj-,2586976,OG,mid,19,Tiny,107.0,1365.0,864.0,930.0,78.0,0.0,351.0,468.0,846.0,294.0,586.0,1517.14,182.32,0.0,0.0,0.0,0.0,13/08/2026
8943055466,1130032,BoomBoys vs OG,2,2215,0,480412663,gpk~,8255888,BoomBoys,mid,25,Lina,963.0,1755.0,1170.0,1366.0,156.0,2464.0,234.0,1872.0,1128.0,147.0,0.0,1098.62,278.68,0.0,2344.0,879.0,703.0,13/08/2026
8943055466,1130032,BoomBoys vs OG,2,2215,0,155494381,TIMS,2586976,OG,support,123,Hoodwink,214.0,780.0,180.0,550.0,26.0,0.0,936.0,0.0,282.0,1323.0,879.0,1213.71,472.66,1934.0,0.0,0.0,703.0,13/08/2026
8943055466,1130032,BoomBoys vs OG,2,2215,0,100594231,skem,2586976,OG,support,62,Bounty Hunter,0.0,0.0,96.0,498.0,0.0,0.0,585.0,702.0,1128.0,1029.0,0.0,910.29,120.0,0.0,0.0,0.0,4218.0,13/08/2026
8943055466,1130032,BoomBoys vs OG,2,2215,0,196878136,Kataomi`,8255888,BoomBoys,support,85,Undying,214.0,1170.0,126.0,708.0,0.0,0.0,1404.0,234.0,282.0,882.0,586.0,1318.34,0.0,0.0,0.0,0.0,703.0,13/08/2026
8943055466,1130032,BoomBoys vs OG,2,2215,0,317880638,Save-,8255888,BoomBoys,support,119,Dark Willow,428.0,1755.0,144.0,696.0,26.0,0.0,468.0,234.0,141.0,1323.0,1172.0,1391.59,825.66,0.0,0.0,0.0,0.0,13/08/2026
8944565060,1130305,BoomBoys vs TEAM VISION,1,2214,0,172099728,Kiritych~,8255888,BoomBoys,core,54,Lifestealer,0.0,975.0,1233.0,1136.0,221.0,0.0,0.0,1170.0,423.0,441.0,0.0,424.8,0.0,0.0,1172.0,0.0,0.0,14/08/2026
8944565060,1130305,BoomBoys vs TEAM VISION,1,2214,0,165564598,MieRo,8255888,BoomBoys,core,33,Enigma,321.0,390.0,870.0,1008.0,117.0,704.0,0.0,0.0,141.0,0.0,0.0,1486.8,286.99,0.0,0.0,0.0,0.0,14/08/2026
8944565060,1130305,BoomBoys vs TEAM VISION,1,2214,0,1044002267,Satanic,9572001,TEAM VISION,core,46,Templar Assassin,1177.0,1950.0,2064.0,1972.0,442.0,2112.0,0.0,1170.0,705.0,0.0,0.0,1301.81,43.66,0.0,1172.0,879.0,0.0,14/08/2026
8944565060,1130305,BoomBoys vs TEAM VISION,1,2214,0,195108598,Noticed,9572001,TEAM VISION,core,96,Centaur Warrunner,214.0,1755.0,1359.0,1390.0,104.0,352.0,0.0,702.0,141.0,294.0,0.0,1781.42,426.35,0.0,0.0,0.0,703.0,14/08/2026
8944565060,1130305,BoomBoys vs TEAM VISION,1,2214,0,480412663,gpk~,8255888,BoomBoys,mid,13,Puck,428.0,1170.0,1035.0,1006.0,143.0,0.0,234.0,234.0,1551.0,0.0,0.0,1699.2,55.0,0.0,0.0,0.0,703.0,14/08/2026
8944565060,1130305,BoomBoys vs TEAM VISION,1,2214,0,106573901,No[o]ne-,9572001,TEAM VISION,mid,107,Earth Spirit,1284.0,1755.0,1002.0,1330.0,78.0,352.0,117.0,0.0,1410.0,735.0,0.0,1575.87,213.0,0.0,0.0,0.0,0.0,14/08/2026
8944565060,1130305,BoomBoys vs TEAM VISION,1,2214,0,317880638,Save-,8255888,BoomBoys,support,90,Keeper of the Light,107.0,780.0,372.0,618.0,39.0,0.0,702.0,702.0,141.0,735.0,1172.0,1699.2,0.0,0.0,0.0,0.0,0.0,14/08/2026
8944565060,1130305,BoomBoys vs TEAM VISION,1,2214,0,196878136,Kataomi`,8255888,BoomBoys,support,123,Hoodwink,214.0,390.0,228.0,536.0,78.0,0.0,1170.0,702.0,141.0,1323.0,586.0,1274.4,382.0,0.0,0.0,0.0,703.0,14/08/2026
8944565060,1130305,BoomBoys vs TEAM VISION,1,2214,0,164199202,9Class,9572001,TEAM VISION,support,119,Dark Willow,428.0,1365.0,129.0,664.0,13.0,0.0,585.0,1404.0,282.0,1470.0,879.0,1027.74,413.67,1934.0,0.0,0.0,0.0,14/08/2026
8944565060,1130305,BoomBoys vs TEAM VISION,1,2214,0,73401082,Dukalis,9572001,TEAM VISION,support,83,Treant Protector,214.0,975.0,42.0,644.0,0.0,0.0,1170.0,0.0,141.0,441.0,879.0,1164.77,270.67,0.0,1172.0,0.0,0.0,14/08/2026
8944612322,1130305,BoomBoys vs TEAM VISION,2,4116,0,1044002267,Satanic,9572001,TEAM VISION,core,8,Juggernaut,749.0,1755.0,3594.0,1914.0,468.0,2112.0,0.0,234.0,1269.0,441.0,0.0,1380.6,0.0,0.0,2344.0,0.0,0.0,14/08/2026
8944612322,1130305,BoomBoys vs TEAM VISION,2,4116,0,195108598,Noticed,9572001,TEAM VISION,core,55,Dark Seer,321.0,780.0,2391.0,1480.0,221.0,0.0,0.0,702.0,1128.0,294.0,0.0,1699.2,280.66,0.0,0.0,0.0,0.0,14/08/2026
8944612322,1130305,BoomBoys vs TEAM VISION,2,4116,0,172099728,Kiritych~,8255888,BoomBoys,core,36,Necrophos,1391.0,585.0,2730.0,1612.0,325.0,0.0,0.0,1170.0,141.0,588.0,0.0,1480.36,227.33,0.0,1172.0,1758.0,0.0,14/08/2026
8944612322,1130305,BoomBoys vs TEAM VISION,2,4116,0,165564598,MieRo,8255888,BoomBoys,core,108,Underlord,642.0,1755.0,2082.0,1378.0,221.0,704.0,0.0,234.0,141.0,588.0,0.0,1737.82,3690.04,0.0,0.0,0.0,0.0,14/08/2026
8944612322,1130305,BoomBoys vs TEAM VISION,2,4116,0,106573901,No[o]ne-,9572001,TEAM VISION,mid,107,Earth Spirit,856.0,390.0,1860.0,1310.0,117.0,0.0,234.0,468.0,2115.0,1470.0,0.0,1911.6,230.34,0.0,0.0,0.0,0.0,14/08/2026
8944612322,1130305,BoomBoys vs TEAM VISION,2,4116,0,480412663,gpk~,8255888,BoomBoys,mid,120,Pangolier,1070.0,1365.0,2184.0,1318.0,364.0,0.0,117.0,702.0,2256.0,0.0,0.0,1673.45,1285.71,0.0,1172.0,879.0,0.0,14/08/2026
8944612322,1130305,BoomBoys vs TEAM VISION,2,4116,0,164199202,9Class,9572001,TEAM VISION,support,62,Bounty Hunter,107.0,-195.0,147.0,642.0,39.0,0.0,1287.0,0.0,1128.0,1764.0,293.0,1274.4,254.99,0.0,0.0,0.0,2812.0,14/08/2026
8944612322,1130305,BoomBoys vs TEAM VISION,2,4116,0,73401082,Dukalis,9572001,TEAM VISION,support,58,Enchantress,107.0,585.0,756.0,820.0,78.0,1056.0,2106.0,1872.0,282.0,1029.0,2930.0,1062.0,48.33,0.0,1172.0,0.0,0.0,14/08/2026
8944612322,1130305,BoomBoys vs TEAM VISION,2,4116,0,317880638,Save-,8255888,BoomBoys,support,90,Keeper of the Light,428.0,1560.0,612.0,854.0,26.0,0.0,702.0,1404.0,141.0,1470.0,879.0,1802.18,356.68,1934.0,0.0,879.0,0.0,14/08/2026
8944612322,1130305,BoomBoys vs TEAM VISION,2,4116,0,196878136,Kataomi`,8255888,BoomBoys,support,85,Undying,0.0,585.0,201.0,554.0,13.0,0.0,2808.0,2106.0,564.0,1617.0,2051.0,1222.91,0.0,0.0,0.0,0.0,1406.0,14/08/2026
8944676424,1130317,GamerLegion vs Vici Gaming,1,3170,0,320252024,shiro,726228,Vici Gaming,core,114,Monkey King,321.0,585.0,1488.0,1084.0,221.0,0.0,0.0,0.0,564.0,0.0,0.0,1470.46,327.33,0.0,0.0,0.0,0.0,14/08/2026
8944676424,1130317,GamerLegion vs Vici Gaming,1,3170,0,118134220,Bach,726228,Vici Gaming,core,120,Pangolier,214.0,1170.0,1296.0,1036.0,169.0,0.0,0.0,234.0,423.0,147.0,0.0,1633.85,463.22,0.0,0.0,0.0,1406.0,14/08/2026
8944676424,1130317,GamerLegion vs Vici Gaming,1,3170,0,206642367,Ghost,9964962,GamerLegion,core,19,Tiny,1498.0,1755.0,1740.0,1488.0,273.0,2816.0,0.0,234.0,1269.0,0.0,0.0,1432.47,441.99,0.0,1172.0,0.0,0.0,14/08/2026
8944676424,1130317,GamerLegion vs Vici Gaming,1,3170,0,160119017,Fayde,9964962,GamerLegion,core,135,Dawnbreaker,749.0,1365.0,1986.0,1504.0,312.0,704.0,0.0,1872.0,846.0,294.0,0.0,1185.49,237.33,0.0,0.0,0.0,703.0,14/08/2026
8944676424,1130317,GamerLegion vs Vici Gaming,1,3170,0,137129583,Xm,726228,Vici Gaming,mid,25,Lina,535.0,390.0,1743.0,1250.0,286.0,352.0,234.0,468.0,564.0,147.0,0.0,1633.85,583.0,1934.0,0.0,879.0,0.0,14/08/2026
8944676424,1130317,GamerLegion vs Vici Gaming,1,3170,0,154974246,RCY,9964962,GamerLegion,mid,107,Earth Spirit,1284.0,1170.0,1278.0,1334.0,39.0,352.0,234.0,0.0,1692.0,441.0,0.0,1778.23,286.0,0.0,0.0,0.0,0.0,14/08/2026
8944676424,1130317,GamerLegion vs Vici Gaming,1,3170,0,157475523,XinQ,726228,Vici Gaming,support,91,Io,107.0,-195.0,405.0,508.0,78.0,0.0,351.0,234.0,282.0,588.0,0.0,653.54,0.0,0.0,1172.0,0.0,0.0,14/08/2026
8944676424,1130317,GamerLegion vs Vici Gaming,1,3170,0,111114687,y`,726228,Vici Gaming,support,3,Bane,214.0,-780.0,84.0,538.0,13.0,0.0,2340.0,702.0,0.0,2352.0,2637.0,1470.46,541.66,0.0,0.0,0.0,0.0,14/08/2026
8944676424,1130317,GamerLegion vs Vici Gaming,1,3170,0,90423751,Bignum,9964962,GamerLegion,support,123,Hoodwink,214.0,975.0,231.0,738.0,13.0,0.0,1521.0,702.0,705.0,1617.0,1465.0,1136.09,318.0,0.0,0.0,0.0,703.0,14/08/2026
8944676424,1130317,GamerLegion vs Vici Gaming,1,3170,0,191362875,Speeed,9964962,GamerLegion,support,9,Mirana,856.0,1950.0,732.0,1016.0,104.0,0.0,936.0,1872.0,846.0,588.0,1172.0,1234.88,527.66,0.0,1172.0,0.0,703.0,14/08/2026
8944742846,1130317,GamerLegion vs Vici Gaming,2,3791,0,160119017,Fayde,9964962,GamerLegion,core,2,Axe,856.0,195.0,1410.0,966.0,195.0,0.0,0.0,1872.0,987.0,441.0,293.0,1261.12,1021.33,0.0,1172.0,0.0,703.0,14/08/2026
8944742846,1130317,GamerLegion vs Vici Gaming,2,3791,0,206642367,Ghost,9964962,GamerLegion,core,73,Alchemist,428.0,975.0,2157.0,1666.0,481.0,704.0,0.0,936.0,987.0,882.0,0.0,1194.75,762.34,0.0,2344.0,879.0,0.0,14/08/2026
8944742846,1130317,GamerLegion vs Vici Gaming,2,3791,0,320252024,shiro,726228,Vici Gaming,core,25,Lina,1498.0,975.0,2721.0,1804.0,377.0,1760.0,0.0,702.0,141.0,0.0,0.0,1781.42,449.69,0.0,2344.0,0.0,0.0,14/08/2026
8944742846,1130317,GamerLegion vs Vici Gaming,2,3791,0,118134220,Bach,726228,Vici Gaming,core,55,Dark Seer,214.0,1365.0,1722.0,1284.0,195.0,704.0,0.0,1404.0,423.0,294.0,0.0,1712.9,622.68,0.0,0.0,0.0,0.0,14/08/2026
8944742846,1130317,GamerLegion vs Vici Gaming,2,3791,0,154974246,RCY,9964962,GamerLegion,mid,74,Invoker,1070.0,975.0,2403.0,1620.0,104.0,704.0,117.0,1170.0,1128.0,0.0,0.0,1526.62,1634.68,0.0,0.0,0.0,0.0,14/08/2026
8944742846,1130317,GamerLegion vs Vici Gaming,2,3791,0,137129583,Xm,726228,Vici Gaming,mid,120,Pangolier,856.0,975.0,1746.0,1286.0,208.0,0.0,234.0,0.0,2256.0,441.0,0.0,1644.39,597.52,0.0,0.0,0.0,0.0,14/08/2026
8944742846,1130317,GamerLegion vs Vici Gaming,2,3791,0,191362875,Speeed,9964962,GamerLegion,support,9,Mirana,749.0,975.0,705.0,798.0,78.0,0.0,1287.0,3276.0,705.0,2205.0,879.0,1526.62,604.67,1934.0,0.0,0.0,0.0,14/08/2026
8944742846,1130317,GamerLegion vs Vici Gaming,2,3791,0,90423751,Bignum,9964962,GamerLegion,support,123,Hoodwink,321.0,585.0,426.0,716.0,13.0,0.0,1989.0,936.0,987.0,2058.0,1758.0,1327.5,589.32,0.0,0.0,0.0,0.0,14/08/2026
8944742846,1130317,GamerLegion vs Vici Gaming,2,3791,0,157475523,XinQ,726228,Vici Gaming,support,21,Windranger,428.0,195.0,594.0,770.0,39.0,0.0,351.0,468.0,705.0,2058.0,293.0,1438.84,578.0,0.0,0.0,879.0,0.0,14/08/2026
8944742846,1130317,GamerLegion vs Vici Gaming,2,3791,0,111114687,y`,726228,Vici Gaming,support,100,Tusk,321.0,0.0,126.0,730.0,26.0,0.0,2691.0,234.0,564.0,2205.0,2344.0,1986.97,664.67,0.0,0.0,0.0,703.0,14/08/2026
8944834423,1130317,GamerLegion vs Vici Gaming,3,2277,1,206642367,Ghost,9964962,GamerLegion,core,56,Clinkz,428.0,1170.0,1149.0,1124.0,247.0,0.0,0.0,234.0,282.0,0.0,293.0,980.31,0.0,0.0,0.0,0.0,0.0,14/08/2026
8944834423,1130317,GamerLegion vs Vici Gaming,3,2277,1,160119017,Fayde,9964962,GamerLegion,core,33,Enigma,321.0,780.0,957.0,968.0,117.0,352.0,0.0,702.0,423.0,735.0,0.0,1143.69,209.0,0.0,0.0,0.0,703.0,14/08/2026
8944834423,1130317,GamerLegion vs Vici Gaming,3,2277,1,320252024,shiro,726228,Vici Gaming,core,25,Lina,856.0,1170.0,1362.0,1550.0,208.0,2464.0,117.0,468.0,423.0,0.0,0.0,1388.77,185.35,0.0,2344.0,0.0,0.0,14/08/2026
8944834423,1130317,GamerLegion vs Vici Gaming,3,2277,1,118134220,Bach,726228,Vici Gaming,core,38,Beastmaster,428.0,1365.0,936.0,1194.0,91.0,1408.0,0.0,702.0,141.0,441.0,0.0,1552.15,265.67,0.0,0.0,0.0,0.0,14/08/2026
8944834423,1130317,GamerLegion vs Vici Gaming,3,2277,1,154974246,RCY,9964962,GamerLegion,mid,145,Kez,214.0,1170.0,1098.0,1068.0,208.0,352.0,234.0,234.0,846.0,294.0,0.0,816.92,67.33,0.0,0.0,0.0,0.0,14/08/2026
8944834423,1130317,GamerLegion vs Vici Gaming,3,2277,1,137129583,Xm,726228,Vici Gaming,mid,120,Pangolier,856.0,1950.0,1098.0,1266.0,169.0,0.0,117.0,468.0,1410.0,147.0,0.0,1797.23,223.35,1934.0,0.0,879.0,0.0,14/08/2026
8944834423,1130317,GamerLegion vs Vici Gaming,3,2277,1,90423751,Bignum,9964962,GamerLegion,support,51,Clockwerk,214.0,585.0,78.0,478.0,0.0,352.0,936.0,0.0,1128.0,1176.0,879.0,1143.69,315.98,0.0,0.0,0.0,703.0,14/08/2026
8944834423,1130317,GamerLegion vs Vici Gaming,3,2277,1,191362875,Speeed,9964962,GamerLegion,support,9,Mirana,214.0,975.0,258.0,586.0,78.0,0.0,936.0,936.0,141.0,588.0,879.0,1633.85,97.66,0.0,0.0,0.0,0.0,14/08/2026
8944834423,1130317,GamerLegion vs Vici Gaming,3,2277,1,157475523,XinQ,726228,Vici Gaming,support,90,Keeper of the Light,107.0,1365.0,291.0,774.0,52.0,0.0,702.0,1638.0,423.0,1029.0,1172.0,898.62,52.33,0.0,0.0,0.0,0.0,14/08/2026
8944834423,1130317,GamerLegion vs Vici Gaming,3,2277,1,111114687,y`,726228,Vici Gaming,support,64,Jakiro,535.0,1365.0,225.0,752.0,65.0,0.0,1170.0,0.0,282.0,2058.0,879.0,1470.46,141.67,0.0,0.0,0.0,0.0,14/08/2026
8944476051,1130282,GamerLegion vs Xtreme Gaming,1,1293,0,206642367,Ghost,9964962,GamerLegion,core,145,Kez,535.0,1560.0,669.0,1198.0,104.0,704.0,0.0,234.0,141.0,294.0,0.0,1298.0,48.33,1934.0,0.0,0.0,0.0,14/08/2026
8944476051,1130282,GamerLegion vs Xtreme Gaming,1,1293,0,160119017,Fayde,9964962,GamerLegion,core,33,Enigma,642.0,1950.0,576.0,1064.0,52.0,352.0,0.0,234.0,282.0,294.0,0.0,1534.0,266.67,0.0,0.0,0.0,0.0,14/08/2026
8944476051,1130282,GamerLegion vs Xtreme Gaming,1,1293,0,898754153,Ame,8261500,Xtreme Gaming,core,54,Lifestealer,107.0,1755.0,519.0,824.0,117.0,0.0,0.0,234.0,282.0,294.0,0.0,1062.0,0.0,0.0,0.0,0.0,0.0,14/08/2026
8944476051,1130282,GamerLegion vs Xtreme Gaming,1,1293,0,129958758,Xxs,8261500,Xtreme Gaming,core,155,Largo,107.0,1170.0,369.0,720.0,78.0,0.0,0.0,234.0,141.0,0.0,0.0,2124.0,63.68,0.0,0.0,0.0,0.0,14/08/2026
8944476051,1130282,GamerLegion vs Xtreme Gaming,1,1293,0,154974246,RCY,9964962,GamerLegion,mid,96,Centaur Warrunner,0.0,1950.0,639.0,1110.0,104.0,352.0,117.0,0.0,705.0,294.0,0.0,1180.0,152.67,0.0,0.0,0.0,0.0,14/08/2026
8944476051,1130282,GamerLegion vs Xtreme Gaming,1,1293,0,173978074,NothingToSay,8261500,Xtreme Gaming,mid,13,Puck,214.0,1170.0,399.0,756.0,39.0,0.0,117.0,234.0,705.0,0.0,0.0,1062.0,30.0,0.0,0.0,0.0,703.0,14/08/2026
8944476051,1130282,GamerLegion vs Xtreme Gaming,1,1293,0,90423751,Bignum,9964962,GamerLegion,support,79,Shadow Demon,321.0,1755.0,90.0,536.0,26.0,0.0,468.0,468.0,423.0,588.0,586.0,1534.0,276.67,0.0,0.0,0.0,1406.0,14/08/2026
8944476051,1130282,GamerLegion vs Xtreme Gaming,1,1293,0,191362875,Speeed,9964962,GamerLegion,support,9,Mirana,428.0,1365.0,150.0,632.0,39.0,0.0,585.0,0.0,141.0,882.0,293.0,1416.0,121.33,0.0,0.0,0.0,703.0,14/08/2026
8944476051,1130282,GamerLegion vs Xtreme Gaming,1,1293,0,101695162,fy,8261500,Xtreme Gaming,support,119,Dark Willow,107.0,975.0,87.0,424.0,39.0,0.0,351.0,936.0,0.0,735.0,293.0,2124.0,523.67,0.0,0.0,0.0,0.0,14/08/2026
8944476051,1130282,GamerLegion vs Xtreme Gaming,1,1293,0,94296097,xNova,8261500,Xtreme Gaming,support,131,Ringmaster,107.0,1170.0,57.0,342.0,13.0,0.0,702.0,468.0,564.0,1029.0,293.0,1416.0,53.67,0.0,0.0,0.0,0.0,14/08/2026
8944506550,1130282,GamerLegion vs Xtreme Gaming,2,2832,0,898754153,Ame,8261500,Xtreme Gaming,core,91,Io,428.0,585.0,1824.0,1282.0,299.0,352.0,0.0,234.0,282.0,294.0,0.0,849.6,12.0,0.0,0.0,0.0,0.0,14/08/2026
8944506550,1130282,GamerLegion vs Xtreme Gaming,2,2832,0,129958758,Xxs,8261500,Xtreme Gaming,core,98,Timbersaw,642.0,975.0,1629.0,1270.0,273.0,352.0,0.0,234.0,141.0,0.0,0.0,849.6,154.33,0.0,0.0,0.0,0.0,14/08/2026
8944506550,1130282,GamerLegion vs Xtreme Gaming,2,2832,0,206642367,Ghost,9964962,GamerLegion,core,11,Shadow Fiend,1284.0,1755.0,1671.0,1600.0,338.0,2112.0,0.0,0.0,423.0,147.0,0.0,1180.0,60.0,0.0,1172.0,879.0,0.0,14/08/2026
8944506550,1130282,GamerLegion vs Xtreme Gaming,2,2832,0,160119017,Fayde,9964962,GamerLegion,core,96,Centaur Warrunner,535.0,1950.0,1389.0,1352.0,234.0,352.0,117.0,702.0,987.0,441.0,0.0,1652.0,690.35,1934.0,1172.0,0.0,0.0,14/08/2026
8944506550,1130282,GamerLegion vs Xtreme Gaming,2,2832,0,173978074,NothingToSay,8261500,Xtreme Gaming,mid,59,Huskar,535.0,390.0,1218.0,986.0,130.0,352.0,117.0,468.0,423.0,147.0,0.0,849.6,200.67,0.0,0.0,0.0,0.0,14/08/2026
8944506550,1130282,GamerLegion vs Xtreme Gaming,2,2832,0,154974246,RCY,9964962,GamerLegion,mid,106,Ember Spirit,1284.0,1560.0,1140.0,1288.0,169.0,352.0,351.0,1170.0,1692.0,294.0,0.0,1652.0,676.66,0.0,0.0,0.0,0.0,14/08/2026
8944506550,1130282,GamerLegion vs Xtreme Gaming,2,2832,0,101695162,fy,8261500,Xtreme Gaming,support,7,Earthshaker,0.0,390.0,423.0,660.0,26.0,0.0,819.0,234.0,423.0,1176.0,879.0,1416.0,1485.39,0.0,0.0,0.0,703.0,14/08/2026
8944506550,1130282,GamerLegion vs Xtreme Gaming,2,2832,0,94296097,xNova,8261500,Xtreme Gaming,support,9,Mirana,0.0,390.0,294.0,564.0,39.0,0.0,1638.0,702.0,423.0,2058.0,879.0,1132.8,533.67,0.0,0.0,0.0,703.0,14/08/2026
8944506550,1130282,GamerLegion vs Xtreme Gaming,2,2832,0,191362875,Speeed,9964962,GamerLegion,support,112,Winter Wyvern,321.0,1365.0,168.0,720.0,13.0,352.0,702.0,702.0,705.0,1617.0,1172.0,1180.0,216.66,0.0,0.0,0.0,703.0,14/08/2026
8944506550,1130282,GamerLegion vs Xtreme Gaming,2,2832,0,90423751,Bignum,9964962,GamerLegion,support,119,Dark Willow,428.0,195.0,81.0,680.0,0.0,0.0,1404.0,468.0,987.0,1029.0,1172.0,1357.0,1211.66,0.0,0.0,0.0,0.0,14/08/2026
8943142948,1130053,HULIGANI vs Team Yandex,1,1515,0,171262902,医者watson`,9823272,Team Yandex,core,80,Lone Druid,535.0,1950.0,1191.0,1648.0,130.0,1760.0,0.0,1404.0,564.0,147.0,0.0,738.78,162.34,0.0,0.0,0.0,703.0,13/08/2026
8943142948,1130053,HULIGANI vs Team Yandex,1,1515,0,56351509,DM,9823272,Team Yandex,core,108,Underlord,428.0,1755.0,645.0,1174.0,65.0,352.0,0.0,468.0,282.0,147.0,0.0,1108.17,1100.32,0.0,0.0,0.0,703.0,13/08/2026
8943142948,1130053,HULIGANI vs Team Yandex,1,1515,0,320017600,ssnovv1,10149530,HULIGANI,core,73,Alchemist,0.0,1365.0,756.0,1138.0,143.0,0.0,117.0,1638.0,141.0,0.0,0.0,1416.0,150.66,0.0,0.0,0.0,0.0,13/08/2026
8943142948,1130053,HULIGANI vs Team Yandex,1,1515,0,92487440,Corrupted,10149530,HULIGANI,core,55,Dark Seer,0.0,1170.0,690.0,810.0,130.0,0.0,117.0,936.0,0.0,147.0,293.0,0.0,60.99,0.0,0.0,0.0,0.0,13/08/2026
8943142948,1130053,HULIGANI vs Team Yandex,1,1515,0,312436974,CHIRA_JUNIOR,9823272,Team Yandex,mid,93,Slark,963.0,1950.0,471.0,992.0,26.0,352.0,234.0,0.0,705.0,147.0,0.0,1385.22,0.0,0.0,0.0,0.0,703.0,13/08/2026
8943142948,1130053,HULIGANI vs Team Yandex,1,1515,0,140251702,Mirage`雨,10149530,HULIGANI,mid,106,Ember Spirit,0.0,975.0,345.0,602.0,65.0,0.0,234.0,234.0,423.0,147.0,0.0,708.0,242.99,0.0,0.0,0.0,0.0,13/08/2026
8943142948,1130053,HULIGANI vs Team Yandex,1,1515,0,93817671,Maladych,9823272,Team Yandex,support,85,Undying,214.0,1560.0,159.0,648.0,0.0,0.0,585.0,234.0,282.0,294.0,586.0,1108.17,0.0,0.0,0.0,0.0,703.0,13/08/2026
8943142948,1130053,HULIGANI vs Team Yandex,1,1515,0,103735745,Saksa,9823272,Team Yandex,support,90,Keeper of the Light,214.0,1950.0,372.0,874.0,52.0,0.0,585.0,1872.0,705.0,882.0,0.0,1200.52,0.0,0.0,0.0,0.0,703.0,13/08/2026
8943142948,1130053,HULIGANI vs Team Yandex,1,1515,0,145065875,sayuw,10149530,HULIGANI,support,123,Hoodwink,321.0,780.0,165.0,482.0,0.0,0.0,117.0,234.0,0.0,441.0,0.0,2124.0,204.0,0.0,0.0,0.0,0.0,13/08/2026
8943142948,1130053,HULIGANI vs Team Yandex,1,1515,0,123787715,RESPECT,10149530,HULIGANI,support,112,Winter Wyvern,0.0,975.0,60.0,352.0,0.0,0.0,702.0,1638.0,564.0,441.0,586.0,2124.0,45.0,0.0,0.0,0.0,0.0,13/08/2026
8943182700,1130053,HULIGANI vs Team Yandex,2,2927,0,171262902,医者watson`,9823272,Team Yandex,core,11,Shadow Fiend,1070.0,1755.0,2052.0,1774.0,468.0,2816.0,0.0,702.0,705.0,147.0,0.0,1094.18,85.0,0.0,1172.0,879.0,0.0,13/08/2026
8943182700,1130053,HULIGANI vs Team Yandex,2,2927,0,56351509,DM,9823272,Team Yandex,core,55,Dark Seer,428.0,1170.0,1254.0,1318.0,130.0,0.0,0.0,1170.0,564.0,441.0,0.0,1737.82,326.23,0.0,0.0,0.0,0.0,13/08/2026
8943182700,1130053,HULIGANI vs Team Yandex,2,2927,0,320017600,ssnovv1,10149530,HULIGANI,core,36,Necrophos,963.0,1170.0,2211.0,1564.0,403.0,0.0,0.0,936.0,564.0,441.0,0.0,1327.5,172.0,1934.0,0.0,0.0,0.0,13/08/2026
8943182700,1130053,HULIGANI vs Team Yandex,2,2927,0,92487440,Corrupted,10149530,HULIGANI,core,96,Centaur Warrunner,321.0,780.0,1383.0,1146.0,208.0,1056.0,117.0,702.0,423.0,882.0,293.0,1239.0,981.34,0.0,0.0,0.0,0.0,13/08/2026
8943182700,1130053,HULIGANI vs Team Yandex,2,2927,0,312436974,CHIRA_JUNIOR,9823272,Team Yandex,mid,107,Earth Spirit,1498.0,1560.0,960.0,1200.0,65.0,704.0,234.0,0.0,1410.0,294.0,293.0,1673.45,358.0,0.0,1172.0,0.0,0.0,13/08/2026
8943182700,1130053,HULIGANI vs Team Yandex,2,2927,0,140251702,Mirage`雨,10149530,HULIGANI,mid,74,Invoker,856.0,1170.0,1353.0,1286.0,130.0,0.0,117.0,234.0,564.0,0.0,0.0,1947.0,1502.64,0.0,1172.0,0.0,0.0,13/08/2026
8943182700,1130053,HULIGANI vs Team Yandex,2,2927,0,93817671,Maladych,9823272,Team Yandex,support,85,Undying,321.0,195.0,405.0,796.0,26.0,0.0,819.0,468.0,282.0,1617.0,879.0,1222.91,0.0,0.0,1172.0,0.0,0.0,13/08/2026
8943182700,1130053,HULIGANI vs Team Yandex,2,2927,0,103735745,Saksa,9823272,Team Yandex,support,62,Bounty Hunter,321.0,195.0,66.0,746.0,0.0,0.0,1638.0,0.0,846.0,1323.0,293.0,1544.73,350.33,0.0,0.0,0.0,1406.0,13/08/2026
8943182700,1130053,HULIGANI vs Team Yandex,2,2927,0,145065875,sayuw,10149530,HULIGANI,support,51,Clockwerk,107.0,-390.0,108.0,466.0,0.0,0.0,702.0,0.0,564.0,1029.0,293.0,1062.0,518.98,0.0,0.0,0.0,703.0,13/08/2026
8943182700,1130053,HULIGANI vs Team Yandex,2,2927,0,123787715,RESPECT,10149530,HULIGANI,support,123,Hoodwink,214.0,390.0,462.0,672.0,26.0,0.0,1755.0,702.0,564.0,1323.0,1465.0,1504.5,663.33,0.0,0.0,0.0,703.0,13/08/2026
8944475901,1130279,HULIGANI vs Vici Gaming,1,2828,0,320252024,shiro,726228,Vici Gaming,core,11,Shadow Fiend,749.0,1755.0,2325.0,1588.0,468.0,1408.0,0.0,234.0,705.0,147.0,0.0,1534.0,63.17,0.0,0.0,879.0,0.0,14/08/2026
8944475901,1130279,HULIGANI vs Vici Gaming,1,2828,0,118134220,Bach,726228,Vici Gaming,core,28,Slardar,428.0,780.0,1221.0,1026.0,26.0,0.0,0.0,0.0,423.0,735.0,0.0,944.0,251.99,0.0,0.0,0.0,0.0,14/08/2026
8944475901,1130279,HULIGANI vs Vici Gaming,1,2828,0,320017600,ssnovv1,10149530,HULIGANI,core,53,Nature's Prophet,642.0,1560.0,2640.0,1968.0,403.0,2464.0,0.0,936.0,705.0,147.0,0.0,1699.2,0.0,1934.0,1172.0,1758.0,0.0,14/08/2026
8944475901,1130279,HULIGANI vs Vici Gaming,1,2828,0,92487440,Corrupted,10149530,HULIGANI,core,96,Centaur Warrunner,0.0,1170.0,999.0,1120.0,130.0,352.0,234.0,936.0,282.0,588.0,0.0,1699.2,622.68,0.0,0.0,0.0,0.0,14/08/2026
8944475901,1130279,HULIGANI vs Vici Gaming,1,2828,0,137129583,Xm,726228,Vici Gaming,mid,17,Storm Spirit,642.0,1365.0,1359.0,1068.0,221.0,0.0,117.0,234.0,1128.0,147.0,0.0,1298.0,252.33,0.0,0.0,0.0,0.0,14/08/2026
8944475901,1130279,HULIGANI vs Vici Gaming,1,2828,0,140251702,Mirage`雨,10149530,HULIGANI,mid,39,Queen of Pain,1391.0,1365.0,1296.0,1324.0,156.0,0.0,234.0,0.0,2538.0,735.0,0.0,1911.6,0.0,0.0,0.0,0.0,0.0,14/08/2026
8944475901,1130279,HULIGANI vs Vici Gaming,1,2828,0,157475523,XinQ,726228,Vici Gaming,support,86,Rubick,107.0,975.0,381.0,618.0,26.0,0.0,819.0,468.0,282.0,588.0,1172.0,1770.0,483.33,0.0,0.0,0.0,0.0,14/08/2026
8944475901,1130279,HULIGANI vs Vici Gaming,1,2828,0,111114687,y`,726228,Vici Gaming,support,85,Undying,0.0,780.0,198.0,598.0,13.0,0.0,1521.0,702.0,141.0,1764.0,879.0,1180.0,0.0,0.0,2344.0,0.0,0.0,14/08/2026
8944475901,1130279,HULIGANI vs Vici Gaming,1,2828,0,145065875,sayuw,10149530,HULIGANI,support,100,Tusk,0.0,780.0,120.0,576.0,26.0,0.0,702.0,1404.0,564.0,1176.0,586.0,1274.4,387.0,0.0,0.0,0.0,703.0,14/08/2026
8944475901,1130279,HULIGANI vs Vici Gaming,1,2828,0,123787715,RESPECT,10149530,HULIGANI,support,123,Hoodwink,107.0,1170.0,348.0,812.0,39.0,352.0,1404.0,936.0,141.0,1470.0,1465.0,1911.6,378.66,0.0,1172.0,0.0,703.0,14/08/2026
8944521919,1130279,HULIGANI vs Vici Gaming,2,2704,0,320252024,shiro,726228,Vici Gaming,core,11,Shadow Fiend,1070.0,1950.0,1719.0,1582.0,273.0,2464.0,0.0,468.0,705.0,147.0,0.0,1529.28,66.5,0.0,2344.0,1758.0,0.0,14/08/2026
8944521919,1130279,HULIGANI vs Vici Gaming,2,2704,0,118134220,Bach,726228,Vici Gaming,core,69,Doom,321.0,975.0,1338.0,1400.0,234.0,0.0,0.0,1638.0,141.0,441.0,0.0,1189.44,241.0,0.0,0.0,0.0,0.0,14/08/2026
8944521919,1130279,HULIGANI vs Vici Gaming,2,2704,0,320017600,ssnovv1,10149530,HULIGANI,core,109,Terrorblade,321.0,1170.0,2067.0,1588.0,312.0,1760.0,117.0,702.0,282.0,1029.0,0.0,1517.14,0.0,0.0,1172.0,0.0,0.0,14/08/2026
8944521919,1130279,HULIGANI vs Vici Gaming,2,2704,0,92487440,Corrupted,10149530,HULIGANI,core,108,Underlord,428.0,780.0,1230.0,1222.0,208.0,0.0,117.0,468.0,0.0,588.0,0.0,1517.14,1716.65,0.0,0.0,0.0,703.0,14/08/2026
8944521919,1130279,HULIGANI vs Vici Gaming,2,2704,0,137129583,Xm,726228,Vici Gaming,mid,120,Pangolier,535.0,1755.0,1518.0,1398.0,169.0,352.0,234.0,0.0,2115.0,735.0,0.0,1529.28,360.37,0.0,0.0,0.0,0.0,14/08/2026
8944521919,1130279,HULIGANI vs Vici Gaming,2,2704,0,140251702,Mirage`雨,10149530,HULIGANI,mid,39,Queen of Pain,321.0,1170.0,1368.0,1130.0,195.0,0.0,234.0,234.0,1974.0,441.0,0.0,1365.43,0.0,0.0,0.0,0.0,703.0,14/08/2026
8944521919,1130279,HULIGANI vs Vici Gaming,2,2704,0,157475523,XinQ,726228,Vici Gaming,support,86,Rubick,428.0,1170.0,345.0,804.0,52.0,0.0,702.0,936.0,564.0,1323.0,1465.0,1529.28,2249.67,1934.0,0.0,0.0,0.0,14/08/2026
8944521919,1130279,HULIGANI vs Vici Gaming,2,2704,0,111114687,y`,726228,Vici Gaming,support,100,Tusk,321.0,1170.0,129.0,686.0,0.0,0.0,1521.0,234.0,282.0,3969.0,879.0,1784.16,388.01,0.0,0.0,0.0,703.0,14/08/2026
8944521919,1130279,HULIGANI vs Vici Gaming,2,2704,0,145065875,sayuw,10149530,HULIGANI,support,90,Keeper of the Light,107.0,975.0,150.0,606.0,13.0,0.0,585.0,1638.0,141.0,1176.0,879.0,1365.43,0.0,0.0,0.0,0.0,703.0,14/08/2026
8944521919,1130279,HULIGANI vs Vici Gaming,2,2704,0,123787715,RESPECT,10149530,HULIGANI,support,131,Ringmaster,214.0,780.0,120.0,560.0,13.0,0.0,1170.0,2340.0,141.0,1470.0,1172.0,1668.86,381.0,0.0,0.0,0.0,0.0,14/08/2026
8944566156,1130279,HULIGANI vs Vici Gaming,3,3255,1,320252024,shiro,726228,Vici Gaming,core,19,Tiny,642.0,1170.0,2205.0,1568.0,325.0,1056.0,0.0,234.0,564.0,0.0,0.0,1150.5,290.0,0.0,0.0,0.0,703.0,14/08/2026
8944566156,1130279,HULIGANI vs Vici Gaming,3,3255,1,118134220,Bach,726228,Vici Gaming,core,97,Magnus,428.0,1365.0,1377.0,1130.0,182.0,352.0,0.0,234.0,141.0,294.0,0.0,1681.5,637.66,0.0,0.0,879.0,0.0,14/08/2026
8944566156,1130279,HULIGANI vs Vici Gaming,3,3255,1,320017600,ssnovv1,10149530,HULIGANI,core,54,Lifestealer,856.0,1365.0,1929.0,1454.0,247.0,1760.0,117.0,468.0,564.0,147.0,0.0,1517.14,82.33,0.0,3516.0,879.0,0.0,14/08/2026
8944566156,1130279,HULIGANI vs Vici Gaming,3,3255,1,92487440,Corrupted,10149530,HULIGANI,core,55,Dark Seer,321.0,975.0,1632.0,1330.0,130.0,352.0,117.0,1872.0,564.0,441.0,0.0,2124.0,124.66,0.0,0.0,0.0,0.0,14/08/2026
8944566156,1130279,HULIGANI vs Vici Gaming,3,3255,1,137129583,Xm,726228,Vici Gaming,mid,114,Monkey King,856.0,1170.0,1752.0,1384.0,143.0,352.0,234.0,234.0,1410.0,588.0,0.0,1593.0,236.35,0.0,0.0,0.0,703.0,14/08/2026
8944566156,1130279,HULIGANI vs Vici Gaming,3,3255,1,140251702,Mirage`雨,10149530,HULIGANI,mid,120,Pangolier,428.0,1170.0,1452.0,1080.0,299.0,0.0,117.0,468.0,1974.0,0.0,293.0,1416.0,403.52,0.0,0.0,0.0,0.0,14/08/2026
8944566156,1130279,HULIGANI vs Vici Gaming,3,3255,1,157475523,XinQ,726228,Vici Gaming,support,119,Dark Willow,428.0,1365.0,423.0,816.0,26.0,0.0,468.0,1170.0,987.0,1470.0,879.0,1593.0,2042.64,1934.0,1172.0,0.0,1406.0,14/08/2026
8944566156,1130279,HULIGANI vs Vici Gaming,3,3255,1,111114687,y`,726228,Vici Gaming,support,9,Mirana,214.0,585.0,426.0,726.0,65.0,0.0,1989.0,702.0,705.0,2352.0,1758.0,1770.0,186.67,0.0,0.0,0.0,0.0,14/08/2026
8944566156,1130279,HULIGANI vs Vici Gaming,3,3255,1,145065875,sayuw,10149530,HULIGANI,support,100,Tusk,107.0,780.0,111.0,582.0,13.0,352.0,1053.0,1638.0,282.0,1617.0,1465.0,1719.43,314.33,0.0,0.0,0.0,703.0,14/08/2026
8944566156,1130279,HULIGANI vs Vici Gaming,3,3255,1,123787715,RESPECT,10149530,HULIGANI,support,123,Hoodwink,535.0,585.0,402.0,774.0,13.0,0.0,1404.0,702.0,423.0,1470.0,879.0,1719.43,343.67,0.0,0.0,0.0,0.0,14/08/2026
8944738770,1130324,HULIGANI vs Xtreme Gaming,1,2887,0,898754153,Ame,8261500,Xtreme Gaming,core,6,Drow Ranger,642.0,1365.0,1857.0,1566.0,325.0,2464.0,0.0,1404.0,423.0,588.0,0.0,1022.67,28.33,0.0,1172.0,879.0,0.0,14/08/2026
8944738770,1130324,HULIGANI vs Xtreme Gaming,1,2887,0,129958758,Xxs,8261500,Xtreme Gaming,core,108,Underlord,321.0,1560.0,1623.0,1288.0,299.0,0.0,0.0,1404.0,141.0,441.0,0.0,1101.33,1490.33,0.0,0.0,0.0,0.0,14/08/2026
8944738770,1130324,HULIGANI vs Xtreme Gaming,1,2887,0,320017600,ssnovv1,10149530,HULIGANI,core,18,Sven,535.0,1365.0,2037.0,1340.0,338.0,704.0,0.0,702.0,1128.0,441.0,0.0,929.25,215.0,0.0,0.0,879.0,0.0,14/08/2026
8944738770,1130324,HULIGANI vs Xtreme Gaming,1,2887,0,92487440,Corrupted,10149530,HULIGANI,core,135,Dawnbreaker,535.0,1170.0,1605.0,1182.0,169.0,0.0,117.0,468.0,282.0,588.0,0.0,1593.0,162.67,0.0,0.0,0.0,0.0,14/08/2026
8944738770,1130324,HULIGANI vs Xtreme Gaming,1,2887,0,173978074,NothingToSay,8261500,Xtreme Gaming,mid,106,Ember Spirit,1284.0,1365.0,1050.0,1240.0,91.0,352.0,117.0,702.0,1833.0,294.0,0.0,1966.67,737.66,0.0,0.0,0.0,1406.0,14/08/2026
8944738770,1130324,HULIGANI vs Xtreme Gaming,1,2887,0,140251702,Mirage`雨,10149530,HULIGANI,mid,25,Lina,642.0,1170.0,1626.0,1272.0,234.0,352.0,234.0,702.0,1551.0,294.0,586.0,1062.0,563.01,0.0,1172.0,0.0,0.0,14/08/2026
8944738770,1130324,HULIGANI vs Xtreme Gaming,1,2887,0,101695162,fy,8261500,Xtreme Gaming,support,9,Mirana,535.0,1170.0,396.0,742.0,39.0,0.0,1170.0,468.0,423.0,2058.0,879.0,1809.33,468.33,1934.0,0.0,879.0,0.0,14/08/2026
8944738770,1130324,HULIGANI vs Xtreme Gaming,1,2887,0,94296097,xNova,8261500,Xtreme Gaming,support,103,Elder Titan,107.0,1170.0,123.0,686.0,0.0,352.0,1404.0,234.0,705.0,1911.0,1465.0,1258.67,292.67,0.0,0.0,0.0,0.0,14/08/2026
8944738770,1130324,HULIGANI vs Xtreme Gaming,1,2887,0,145065875,sayuw,10149530,HULIGANI,support,100,Tusk,0.0,585.0,54.0,524.0,13.0,0.0,1287.0,234.0,423.0,1617.0,1172.0,1460.25,180.0,0.0,0.0,0.0,0.0,14/08/2026
8944738770,1130324,HULIGANI vs Xtreme Gaming,1,2887,0,123787715,RESPECT,10149530,HULIGANI,support,112,Winter Wyvern,0.0,195.0,129.0,510.0,13.0,0.0,936.0,1404.0,0.0,882.0,586.0,796.5,191.83,0.0,1172.0,0.0,0.0,14/08/2026
8944814087,1130324,HULIGANI vs Xtreme Gaming,2,2338,0,129958758,Xxs,8261500,Xtreme Gaming,core,98,Timbersaw,1284.0,1950.0,1440.0,1718.0,156.0,352.0,0.0,234.0,564.0,1029.0,0.0,1593.0,0.0,0.0,1172.0,879.0,703.0,14/08/2026
8944814087,1130324,HULIGANI vs Xtreme Gaming,2,2338,0,898754153,Ame,8261500,Xtreme Gaming,core,19,Tiny,535.0,1560.0,1347.0,1460.0,260.0,2112.0,0.0,0.0,141.0,294.0,0.0,910.29,228.65,0.0,0.0,0.0,703.0,14/08/2026
8944814087,1130324,HULIGANI vs Xtreme Gaming,2,2338,0,320017600,ssnovv1,10149530,HULIGANI,core,109,Terrorblade,321.0,1755.0,1818.0,1500.0,312.0,1056.0,117.0,0.0,141.0,735.0,0.0,816.92,0.0,0.0,0.0,0.0,0.0,14/08/2026
8944814087,1130324,HULIGANI vs Xtreme Gaming,2,2338,0,92487440,Corrupted,10149530,HULIGANI,core,55,Dark Seer,214.0,585.0,1020.0,1038.0,156.0,0.0,0.0,468.0,282.0,441.0,0.0,1143.69,98.67,0.0,0.0,0.0,0.0,14/08/2026
8944814087,1130324,HULIGANI vs Xtreme Gaming,2,2338,0,173978074,NothingToSay,8261500,Xtreme Gaming,mid,120,Pangolier,749.0,1365.0,804.0,1084.0,169.0,352.0,117.0,468.0,1269.0,294.0,0.0,1441.29,252.35,0.0,1172.0,0.0,0.0,14/08/2026
8944814087,1130324,HULIGANI vs Xtreme Gaming,2,2338,0,140251702,Mirage`雨,10149530,HULIGANI,mid,28,Slardar,107.0,1365.0,840.0,870.0,143.0,352.0,234.0,702.0,1410.0,147.0,293.0,1633.85,293.33,0.0,0.0,0.0,0.0,14/08/2026
8944814087,1130324,HULIGANI vs Xtreme Gaming,2,2338,0,94296097,xNova,8261500,Xtreme Gaming,support,9,Mirana,107.0,1365.0,216.0,728.0,26.0,0.0,1170.0,702.0,423.0,1764.0,1465.0,682.71,301.67,0.0,0.0,0.0,0.0,14/08/2026
8944814087,1130324,HULIGANI vs Xtreme Gaming,2,2338,0,101695162,fy,8261500,Xtreme Gaming,support,71,Spirit Breaker,321.0,975.0,216.0,744.0,0.0,0.0,936.0,702.0,564.0,1764.0,0.0,1668.86,950.0,1934.0,0.0,0.0,0.0,14/08/2026
8944814087,1130324,HULIGANI vs Xtreme Gaming,2,2338,0,145065875,sayuw,10149530,HULIGANI,support,100,Tusk,107.0,195.0,78.0,444.0,13.0,0.0,702.0,468.0,282.0,1323.0,293.0,1307.08,223.66,0.0,0.0,0.0,703.0,14/08/2026
8944814087,1130324,HULIGANI vs Xtreme Gaming,2,2338,0,123787715,RESPECT,10149530,HULIGANI,support,123,Hoodwink,642.0,390.0,213.0,600.0,0.0,0.0,1170.0,702.0,423.0,1470.0,586.0,1307.08,331.66,0.0,0.0,0.0,703.0,14/08/2026
8943000927,1130028,Iron Wing vs Nigma Galaxy,1,1649,0,111620041,SumaiL-,10136357,Nigma Galaxy ,core,54,Lifestealer,0.0,1365.0,930.0,1030.0,104.0,0.0,0.0,468.0,282.0,441.0,0.0,0.0,0.0,0.0,0.0,0.0,0.0,13/08/2026
8943000927,1130028,Iron Wing vs Nigma Galaxy,1,1649,0,138880576,Davai,10136357,Nigma Galaxy ,core,28,Slardar,107.0,585.0,531.0,702.0,91.0,0.0,0.0,0.0,141.0,0.0,0.0,1062.0,211.0,0.0,0.0,0.0,0.0,13/08/2026
8943000927,1130028,Iron Wing vs Nigma Galaxy,1,1649,0,86698277,33,10150413,Iron Wing,core,96,Centaur Warrunner,428.0,1950.0,786.0,1244.0,130.0,0.0,0.0,468.0,141.0,0.0,0.0,1132.8,256.67,1934.0,0.0,0.0,0.0,13/08/2026
8943000927,1130028,Iron Wing vs Nigma Galaxy,1,1649,0,331855530,Pure,10150413,Iron Wing,core,10,Morphling,856.0,1950.0,1035.0,1556.0,169.0,2464.0,0.0,936.0,282.0,147.0,0.0,1345.2,97.33,0.0,1172.0,0.0,703.0,13/08/2026
8943000927,1130028,Iron Wing vs Nigma Galaxy,1,1649,0,210053851,lorenof,10136357,Nigma Galaxy ,mid,59,Huskar,321.0,585.0,741.0,882.0,234.0,352.0,234.0,234.0,282.0,0.0,0.0,1593.0,0.0,0.0,0.0,0.0,0.0,13/08/2026
8943000927,1130028,Iron Wing vs Nigma Galaxy,1,1649,0,93618577,bzm,10150413,Iron Wing,mid,7,Earthshaker,428.0,1755.0,555.0,1114.0,65.0,0.0,234.0,468.0,1833.0,588.0,0.0,1628.4,656.0,0.0,0.0,0.0,0.0,13/08/2026
8943000927,1130028,Iron Wing vs Nigma Galaxy,1,1649,0,152168157,OmaR,10136357,Nigma Galaxy ,support,51,Clockwerk,0.0,585.0,147.0,478.0,0.0,0.0,936.0,0.0,564.0,1029.0,879.0,2124.0,280.66,0.0,0.0,0.0,703.0,13/08/2026
8943000927,1130028,Iron Wing vs Nigma Galaxy,1,1649,0,101356886,GH,10136357,Nigma Galaxy ,support,9,Mirana,0.0,780.0,153.0,488.0,0.0,0.0,468.0,1638.0,141.0,735.0,586.0,531.0,184.67,0.0,0.0,0.0,0.0,13/08/2026
8943000927,1130028,Iron Wing vs Nigma Galaxy,1,1649,0,346412363,Ari,10150413,Iron Wing,support,123,Hoodwink,749.0,1950.0,138.0,716.0,0.0,0.0,234.0,1872.0,282.0,441.0,293.0,1557.6,175.33,0.0,0.0,0.0,703.0,13/08/2026
8943000927,1130028,Iron Wing vs Nigma Galaxy,1,1649,0,136829091,Whitemon,10150413,Iron Wing,support,85,Undying,749.0,1170.0,213.0,834.0,26.0,0.0,1170.0,936.0,141.0,1323.0,1172.0,1557.6,0.0,0.0,0.0,0.0,0.0,13/08/2026
8943038404,1130028,Iron Wing vs Nigma Galaxy,2,3264,0,111620041,SumaiL-,10136357,Nigma Galaxy ,core,36,Necrophos,856.0,585.0,2427.0,1696.0,429.0,352.0,0.0,702.0,141.0,441.0,0.0,1805.4,121.0,0.0,1172.0,0.0,0.0,13/08/2026
8943038404,1130028,Iron Wing vs Nigma Galaxy,2,3264,0,138880576,Davai,10136357,Nigma Galaxy ,core,155,Largo,321.0,-585.0,1209.0,1062.0,104.0,352.0,0.0,1404.0,0.0,294.0,0.0,1168.2,92.65,0.0,0.0,0.0,0.0,13/08/2026
8943038404,1130028,Iron Wing vs Nigma Galaxy,2,3264,0,86698277,33,10150413,Iron Wing,core,77,Lycan,1284.0,1365.0,1689.0,1574.0,390.0,2464.0,117.0,234.0,705.0,0.0,0.0,1517.14,30.0,1934.0,1172.0,879.0,0.0,13/08/2026
8943038404,1130028,Iron Wing vs Nigma Galaxy,2,3264,0,331855530,Pure,10150413,Iron Wing,core,145,Kez,1926.0,975.0,1989.0,1638.0,234.0,704.0,0.0,1638.0,846.0,147.0,0.0,1593.0,179.66,0.0,2344.0,0.0,1406.0,13/08/2026
8943038404,1130028,Iron Wing vs Nigma Galaxy,2,3264,0,210053851,lorenof,10136357,Nigma Galaxy ,mid,17,Storm Spirit,535.0,975.0,1698.0,1278.0,247.0,352.0,234.0,234.0,1269.0,0.0,0.0,1380.6,320.0,0.0,0.0,0.0,703.0,13/08/2026
8943038404,1130028,Iron Wing vs Nigma Galaxy,2,3264,0,93618577,bzm,10150413,Iron Wing,mid,107,Earth Spirit,1498.0,1560.0,1134.0,1322.0,39.0,0.0,117.0,234.0,2679.0,441.0,0.0,1668.86,238.21,0.0,0.0,0.0,0.0,13/08/2026
8943038404,1130028,Iron Wing vs Nigma Galaxy,2,3264,0,152168157,OmaR,10136357,Nigma Galaxy ,support,27,Shadow Shaman,321.0,-1950.0,264.0,580.0,0.0,0.0,1638.0,234.0,141.0,1176.0,1172.0,1274.4,972.67,0.0,0.0,0.0,1406.0,13/08/2026
8943038404,1130028,Iron Wing vs Nigma Galaxy,2,3264,0,101356886,GH,10136357,Nigma Galaxy ,support,3,Bane,107.0,-195.0,51.0,494.0,0.0,0.0,1170.0,0.0,282.0,1911.0,1172.0,1699.2,561.01,0.0,0.0,0.0,0.0,13/08/2026
8943038404,1130028,Iron Wing vs Nigma Galaxy,2,3264,0,346412363,Ari,10150413,Iron Wing,support,123,Hoodwink,963.0,1365.0,498.0,864.0,52.0,0.0,702.0,1170.0,987.0,1176.0,1465.0,1593.0,808.65,0.0,0.0,0.0,0.0,13/08/2026
8943038404,1130028,Iron Wing vs Nigma Galaxy,2,3264,0,136829091,Whitemon,10150413,Iron Wing,support,131,Ringmaster,321.0,585.0,69.0,666.0,0.0,0.0,1989.0,936.0,564.0,2646.0,1172.0,1555.07,848.02,0.0,0.0,0.0,0.0,13/08/2026
8944611964,1130309,Iron Wing vs Team Falcons,1,4085,0,86698277,33,10150413,Iron Wing,core,55,Dark Seer,428.0,390.0,1821.0,1390.0,325.0,0.0,117.0,936.0,141.0,294.0,0.0,1450.54,183.32,0.0,0.0,0.0,0.0,14/08/2026
8944611964,1130309,Iron Wing vs Team Falcons,1,4085,0,331855530,Pure,10150413,Iron Wing,core,54,Lifestealer,1070.0,195.0,2046.0,1456.0,455.0,2816.0,0.0,0.0,564.0,735.0,0.0,1346.93,276.97,0.0,3516.0,0.0,0.0,14/08/2026
8944611964,1130309,Iron Wing vs Team Falcons,1,4085,0,100058342,skiter,9247354,Team Falcons,core,18,Sven,1391.0,975.0,2763.0,1584.0,442.0,352.0,0.0,234.0,1833.0,1029.0,0.0,1037.3,820.68,0.0,1172.0,1758.0,0.0,14/08/2026
8944611964,1130309,Iron Wing vs Team Falcons,1,4085,0,183719386,AMMAR_THE_F,9247354,Team Falcons,core,28,Slardar,856.0,0.0,1728.0,1266.0,169.0,352.0,0.0,936.0,1128.0,1323.0,0.0,1037.3,685.33,0.0,1172.0,0.0,703.0,14/08/2026
8944611964,1130309,Iron Wing vs Team Falcons,1,4085,0,93618577,bzm,10150413,Iron Wing,mid,107,Earth Spirit,1284.0,780.0,1614.0,1426.0,104.0,0.0,117.0,0.0,1692.0,735.0,0.0,1864.98,493.61,0.0,0.0,0.0,0.0,14/08/2026
8944611964,1130309,Iron Wing vs Team Falcons,1,4085,0,898455820,Malr1ne,9247354,Team Falcons,mid,128,Snapfire,1819.0,1365.0,2094.0,1564.0,208.0,352.0,234.0,1404.0,2115.0,735.0,0.0,1531.26,456.34,1934.0,0.0,879.0,1406.0,14/08/2026
8944611964,1130309,Iron Wing vs Team Falcons,1,4085,0,346412363,Ari,10150413,Iron Wing,support,119,Dark Willow,321.0,-195.0,228.0,686.0,39.0,0.0,819.0,234.0,282.0,882.0,879.0,1398.73,2639.66,0.0,0.0,0.0,0.0,14/08/2026
8944611964,1130309,Iron Wing vs Team Falcons,1,4085,0,136829091,Whitemon,10150413,Iron Wing,support,131,Ringmaster,1177.0,195.0,222.0,778.0,13.0,0.0,2574.0,234.0,282.0,1029.0,2344.0,1605.95,937.01,0.0,0.0,0.0,0.0,14/08/2026
8944611964,1130309,Iron Wing vs Team Falcons,1,4085,0,10366616,Sneyking,9247354,Team Falcons,support,58,Enchantress,107.0,0.0,1245.0,958.0,104.0,1056.0,1170.0,3510.0,1128.0,2646.0,879.0,740.93,374.35,0.0,0.0,0.0,703.0,14/08/2026
8944611964,1130309,Iron Wing vs Team Falcons,1,4085,0,25907144,Cr1t-,9247354,Team Falcons,support,123,Hoodwink,321.0,-585.0,513.0,688.0,26.0,0.0,2223.0,1872.0,564.0,1029.0,2051.0,1086.7,613.34,0.0,0.0,0.0,1406.0,14/08/2026
8944695348,1130309,Iron Wing vs Team Falcons,2,2841,0,86698277,33,10150413,Iron Wing,core,60,Night Stalker,428.0,1170.0,783.0,780.0,221.0,352.0,0.0,468.0,423.0,882.0,0.0,1213.71,16.0,1934.0,0.0,0.0,703.0,14/08/2026
8944695348,1130309,Iron Wing vs Team Falcons,2,2841,0,331855530,Pure,10150413,Iron Wing,core,145,Kez,535.0,390.0,1593.0,1190.0,234.0,352.0,0.0,0.0,705.0,147.0,0.0,1011.43,33.0,0.0,0.0,879.0,0.0,14/08/2026
8944695348,1130309,Iron Wing vs Team Falcons,2,2841,0,100058342,skiter,9247354,Team Falcons,core,73,Alchemist,321.0,1365.0,1638.0,1656.0,260.0,704.0,0.0,1170.0,705.0,882.0,0.0,1027.74,527.01,0.0,1172.0,0.0,703.0,14/08/2026
8944695348,1130309,Iron Wing vs Team Falcons,2,2841,0,183719386,AMMAR_THE_F,9247354,Team Falcons,core,98,Timbersaw,749.0,1170.0,1875.0,1662.0,182.0,0.0,0.0,468.0,141.0,1029.0,0.0,1027.74,0.0,0.0,0.0,0.0,703.0,14/08/2026
8944695348,1130309,Iron Wing vs Team Falcons,2,2841,0,93618577,bzm,10150413,Iron Wing,mid,113,Arc Warden,856.0,1170.0,1992.0,1724.0,286.0,352.0,117.0,1404.0,1269.0,147.0,0.0,1314.86,0.0,0.0,1172.0,0.0,0.0,14/08/2026
8944695348,1130309,Iron Wing vs Team Falcons,2,2841,0,898455820,Malr1ne,9247354,Team Falcons,mid,25,Lina,1498.0,975.0,1644.0,1562.0,234.0,2112.0,117.0,468.0,1833.0,0.0,0.0,1370.32,264.68,0.0,1172.0,879.0,703.0,14/08/2026
8944695348,1130309,Iron Wing vs Team Falcons,2,2841,0,346412363,Ari,10150413,Iron Wing,support,123,Hoodwink,214.0,390.0,330.0,544.0,39.0,0.0,702.0,702.0,141.0,882.0,586.0,1517.14,508.67,0.0,0.0,0.0,0.0,14/08/2026
8944695348,1130309,Iron Wing vs Team Falcons,2,2841,0,136829091,Whitemon,10150413,Iron Wing,support,100,Tusk,214.0,585.0,129.0,594.0,0.0,0.0,1872.0,0.0,846.0,2352.0,1465.0,1416.0,306.34,0.0,0.0,0.0,0.0,14/08/2026
8944695348,1130309,Iron Wing vs Team Falcons,2,2841,0,10366616,Sneyking,9247354,Team Falcons,support,58,Enchantress,321.0,1170.0,558.0,904.0,78.0,704.0,1053.0,936.0,705.0,2205.0,879.0,1438.84,37.67,0.0,0.0,879.0,703.0,14/08/2026
8944695348,1130309,Iron Wing vs Team Falcons,2,2841,0,25907144,Cr1t-,9247354,Team Falcons,support,51,Clockwerk,321.0,975.0,111.0,658.0,0.0,0.0,1287.0,2106.0,141.0,588.0,1465.0,1507.35,463.65,0.0,0.0,0.0,703.0,14/08/2026
8944764687,1130309,Iron Wing vs Team Falcons,3,2895,1,86698277,33,10150413,Iron Wing,core,155,Largo,1070.0,1560.0,1044.0,1220.0,156.0,0.0,0.0,468.0,423.0,441.0,586.0,1477.57,73.63,1934.0,1172.0,0.0,0.0,14/08/2026
8944764687,1130309,Iron Wing vs Team Falcons,3,2895,1,331855530,Pure,10150413,Iron Wing,core,91,Io,1391.0,1365.0,1626.0,1478.0,286.0,1056.0,0.0,1404.0,705.0,147.0,0.0,1385.22,0.0,0.0,0.0,879.0,0.0,14/08/2026
8944764687,1130309,Iron Wing vs Team Falcons,3,2895,1,100058342,skiter,9247354,Team Falcons,core,19,Tiny,107.0,195.0,1098.0,848.0,299.0,0.0,0.0,468.0,282.0,294.0,0.0,1143.69,201.66,0.0,1172.0,0.0,0.0,14/08/2026
8944764687,1130309,Iron Wing vs Team Falcons,3,2895,1,183719386,AMMAR_THE_F,9247354,Team Falcons,core,36,Necrophos,535.0,390.0,1587.0,1186.0,286.0,0.0,0.0,702.0,846.0,441.0,0.0,1797.23,46.33,0.0,0.0,0.0,0.0,14/08/2026
8944764687,1130309,Iron Wing vs Team Falcons,3,2895,1,93618577,bzm,10150413,Iron Wing,mid,16,Sand King,642.0,1560.0,1323.0,1284.0,208.0,352.0,234.0,1404.0,1692.0,441.0,0.0,1385.22,523.33,0.0,0.0,0.0,0.0,14/08/2026
8944764687,1130309,Iron Wing vs Team Falcons,3,2895,1,898455820,Malr1ne,9247354,Team Falcons,mid,120,Pangolier,321.0,975.0,1209.0,1022.0,104.0,352.0,0.0,0.0,1410.0,294.0,0.0,1797.23,457.55,0.0,0.0,0.0,703.0,14/08/2026
8944764687,1130309,Iron Wing vs Team Falcons,3,2895,1,346412363,Ari,10150413,Iron Wing,support,123,Hoodwink,1177.0,1755.0,486.0,832.0,52.0,352.0,351.0,936.0,141.0,441.0,293.0,1385.22,776.99,0.0,1172.0,0.0,0.0,14/08/2026
8944764687,1130309,Iron Wing vs Team Falcons,3,2895,1,136829091,Whitemon,10150413,Iron Wing,support,131,Ringmaster,535.0,975.0,87.0,674.0,13.0,0.0,2106.0,468.0,564.0,2646.0,1465.0,1523.74,362.3,0.0,0.0,0.0,0.0,14/08/2026
8944764687,1130309,Iron Wing vs Team Falcons,3,2895,1,10366616,Sneyking,9247354,Team Falcons,support,58,Enchantress,107.0,-585.0,624.0,672.0,65.0,1056.0,1287.0,0.0,282.0,1470.0,586.0,1633.85,21.0,0.0,0.0,0.0,0.0,14/08/2026
8944764687,1130309,Iron Wing vs Team Falcons,3,2895,1,25907144,Cr1t-,9247354,Team Falcons,support,79,Shadow Demon,321.0,-195.0,273.0,626.0,0.0,0.0,1287.0,1638.0,423.0,588.0,1758.0,1633.85,249.0,0.0,0.0,0.0,0.0,14/08/2026
8944553935,1130301,LGD Gaming vs Nigma Galaxy,1,3012,0,177203952,Yuma,10150538,LGD Gaming,core,80,Lone Druid,1070.0,1755.0,2403.0,1648.0,221.0,704.0,117.0,702.0,705.0,294.0,0.0,1470.46,893.34,1934.0,0.0,879.0,0.0,14/08/2026
8944553935,1130301,LGD Gaming vs Nigma Galaxy,1,3012,0,292921272,Wisper,10150538,LGD Gaming,core,2,Axe,1391.0,975.0,1587.0,1386.0,156.0,0.0,0.0,702.0,846.0,1323.0,0.0,1470.46,317.67,0.0,0.0,0.0,703.0,14/08/2026
8944553935,1130301,LGD Gaming vs Nigma Galaxy,1,3012,0,111620041,SumaiL-,10136357,Nigma Galaxy ,core,106,Ember Spirit,428.0,1365.0,1356.0,1202.0,104.0,0.0,0.0,468.0,1128.0,882.0,0.0,1538.07,920.65,0.0,1172.0,0.0,0.0,14/08/2026
8944553935,1130301,LGD Gaming vs Nigma Galaxy,1,3012,0,138880576,Davai,10136357,Nigma Galaxy ,core,36,Necrophos,963.0,780.0,1776.0,1594.0,299.0,352.0,0.0,702.0,423.0,147.0,0.0,1757.79,161.66,0.0,0.0,0.0,0.0,14/08/2026
8944553935,1130301,LGD Gaming vs Nigma Galaxy,1,3012,0,94054712,Topson,10150538,LGD Gaming,mid,47,Viper,214.0,390.0,1935.0,1320.0,208.0,352.0,117.0,702.0,987.0,0.0,0.0,816.92,0.0,0.0,1172.0,0.0,0.0,14/08/2026
8944553935,1130301,LGD Gaming vs Nigma Galaxy,1,3012,0,210053851,lorenof,10136357,Nigma Galaxy ,mid,53,Nature's Prophet,1712.0,1755.0,2628.0,2200.0,325.0,3520.0,117.0,1170.0,846.0,294.0,0.0,1831.03,51.67,0.0,2344.0,879.0,703.0,14/08/2026
8944553935,1130301,LGD Gaming vs Nigma Galaxy,1,3012,0,105045291,Thiolicor,10150538,LGD Gaming,support,119,Dark Willow,107.0,195.0,210.0,536.0,13.0,0.0,585.0,1170.0,423.0,3087.0,879.0,1225.38,2515.09,0.0,0.0,0.0,0.0,14/08/2026
8944553935,1130301,LGD Gaming vs Nigma Galaxy,1,3012,0,81306398,KingJungles,10150538,LGD Gaming,support,110,Phoenix,0.0,780.0,519.0,692.0,39.0,0.0,1872.0,1404.0,564.0,735.0,1172.0,1143.69,162.67,0.0,0.0,0.0,0.0,14/08/2026
8944553935,1130301,LGD Gaming vs Nigma Galaxy,1,3012,0,152168157,OmaR,10136357,Nigma Galaxy ,support,51,Clockwerk,0.0,-195.0,123.0,640.0,13.0,0.0,1872.0,702.0,423.0,1764.0,1172.0,1464.83,908.94,0.0,0.0,0.0,1406.0,14/08/2026
8944553935,1130301,LGD Gaming vs Nigma Galaxy,1,3012,0,101356886,GH,10136357,Nigma Galaxy ,support,50,Dazzle,0.0,975.0,195.0,602.0,0.0,0.0,819.0,468.0,423.0,2205.0,1465.0,1245.1,197.32,0.0,0.0,0.0,0.0,14/08/2026
8944602781,1130301,LGD Gaming vs Nigma Galaxy,2,3750,0,177203952,Yuma,10150538,LGD Gaming,core,36,Necrophos,1070.0,780.0,2157.0,1492.0,260.0,704.0,0.0,1638.0,705.0,0.0,0.0,1136.09,122.67,0.0,1172.0,0.0,0.0,14/08/2026
8944602781,1130301,LGD Gaming vs Nigma Galaxy,2,3750,0,292921272,Wisper,10150538,LGD Gaming,core,38,Beastmaster,856.0,585.0,1998.0,1372.0,390.0,704.0,0.0,2574.0,282.0,1029.0,0.0,1185.49,1015.67,0.0,1172.0,0.0,0.0,14/08/2026
8944602781,1130301,LGD Gaming vs Nigma Galaxy,2,3750,0,111620041,SumaiL-,10136357,Nigma Galaxy ,core,56,Clinkz,1498.0,-390.0,2349.0,1634.0,234.0,1760.0,0.0,0.0,282.0,294.0,0.0,1618.29,84.0,0.0,1172.0,0.0,0.0,14/08/2026
8944602781,1130301,LGD Gaming vs Nigma Galaxy,2,3750,0,138880576,Davai,10136357,Nigma Galaxy ,core,155,Largo,963.0,1365.0,1536.0,1358.0,234.0,0.0,0.0,2340.0,423.0,147.0,0.0,1567.71,229.65,0.0,1172.0,0.0,0.0,14/08/2026
8944602781,1130301,LGD Gaming vs Nigma Galaxy,2,3750,0,94054712,Topson,10150538,LGD Gaming,mid,32,Riki,1712.0,390.0,1026.0,998.0,52.0,0.0,117.0,0.0,2820.0,441.0,0.0,1531.26,0.0,0.0,0.0,1758.0,0.0,14/08/2026
8944602781,1130301,LGD Gaming vs Nigma Galaxy,2,3750,0,210053851,lorenof,10136357,Nigma Galaxy ,mid,13,Puck,1498.0,1560.0,2112.0,1668.0,338.0,352.0,234.0,234.0,1410.0,0.0,0.0,1517.14,256.98,0.0,1172.0,0.0,0.0,14/08/2026
8944602781,1130301,LGD Gaming vs Nigma Galaxy,2,3750,0,105045291,Thiolicor,10150538,LGD Gaming,support,119,Dark Willow,642.0,0.0,351.0,678.0,0.0,0.0,936.0,702.0,987.0,4557.0,1465.0,1284.28,1684.33,0.0,0.0,0.0,2109.0,14/08/2026
8944602781,1130301,LGD Gaming vs Nigma Galaxy,2,3750,0,81306398,KingJungles,10150538,LGD Gaming,support,51,Clockwerk,321.0,-195.0,186.0,626.0,39.0,352.0,2106.0,702.0,846.0,588.0,1465.0,1185.49,859.65,0.0,0.0,0.0,703.0,14/08/2026
8944602781,1130301,LGD Gaming vs Nigma Galaxy,2,3750,0,152168157,OmaR,10136357,Nigma Galaxy ,support,27,Shadow Shaman,321.0,-1365.0,270.0,716.0,26.0,352.0,1872.0,468.0,705.0,1911.0,1465.0,1365.43,1399.68,1934.0,0.0,0.0,703.0,14/08/2026
8944602781,1130301,LGD Gaming vs Nigma Galaxy,2,3750,0,101356886,GH,10136357,Nigma Galaxy ,support,112,Winter Wyvern,107.0,0.0,399.0,768.0,13.0,0.0,1170.0,1170.0,423.0,1911.0,1465.0,1264.29,206.51,0.0,1172.0,0.0,703.0,14/08/2026
8942993144,1130024,LGD Gaming vs Team Falcons,1,2446,0,100058342,skiter,9247354,Team Falcons,core,73,Alchemist,642.0,975.0,1239.0,1420.0,403.0,0.0,234.0,1404.0,705.0,588.0,0.0,1062.0,988.02,1934.0,0.0,0.0,0.0,13/08/2026
8942993144,1130024,LGD Gaming vs Team Falcons,1,2446,0,183719386,AMMAR_THE_F,9247354,Team Falcons,core,129,Mars,321.0,390.0,852.0,938.0,117.0,0.0,0.0,936.0,564.0,441.0,0.0,1255.09,830.34,0.0,0.0,0.0,703.0,13/08/2026
8942993144,1130024,LGD Gaming vs Team Falcons,1,2446,0,177203952,Yuma,10150538,LGD Gaming,core,12,Phantom Lancer,1605.0,1560.0,1494.0,1716.0,208.0,2112.0,0.0,234.0,564.0,147.0,0.0,1357.0,0.0,0.0,1172.0,0.0,703.0,13/08/2026
8942993144,1130024,LGD Gaming vs Team Falcons,1,2446,0,292921272,Wisper,10150538,LGD Gaming,core,128,Snapfire,642.0,1170.0,1500.0,1526.0,312.0,352.0,0.0,2340.0,564.0,1911.0,0.0,1239.0,344.67,0.0,0.0,0.0,0.0,13/08/2026
8942993144,1130024,LGD Gaming vs Team Falcons,1,2446,0,898455820,Malr1ne,9247354,Team Falcons,mid,59,Huskar,749.0,975.0,1146.0,1158.0,130.0,1760.0,234.0,234.0,0.0,294.0,0.0,1158.55,23.33,0.0,2344.0,879.0,0.0,13/08/2026
8942993144,1130024,LGD Gaming vs Team Falcons,1,2446,0,94054712,Topson,10150538,LGD Gaming,mid,21,Windranger,749.0,1365.0,969.0,1238.0,143.0,704.0,117.0,234.0,1833.0,147.0,0.0,1180.0,448.32,0.0,0.0,0.0,0.0,13/08/2026
8942993144,1130024,LGD Gaming vs Team Falcons,1,2446,0,10366616,Sneyking,9247354,Team Falcons,support,5,Crystal Maiden,321.0,780.0,360.0,766.0,65.0,0.0,1170.0,1638.0,282.0,1470.0,1172.0,1930.91,954.67,0.0,0.0,0.0,0.0,13/08/2026
8942993144,1130024,LGD Gaming vs Team Falcons,1,2446,0,25907144,Cr1t-,9247354,Team Falcons,support,79,Shadow Demon,321.0,-390.0,159.0,584.0,13.0,0.0,351.0,1638.0,423.0,588.0,879.0,1544.73,280.33,0.0,0.0,0.0,703.0,13/08/2026
8942993144,1130024,LGD Gaming vs Team Falcons,1,2446,0,105045291,Thiolicor,10150538,LGD Gaming,support,100,Tusk,428.0,585.0,150.0,782.0,13.0,0.0,1053.0,702.0,705.0,1911.0,1465.0,1239.0,398.67,0.0,0.0,879.0,1406.0,13/08/2026
8942993144,1130024,LGD Gaming vs Team Falcons,1,2446,0,81306398,KingJungles,10150538,LGD Gaming,support,123,Hoodwink,428.0,780.0,165.0,708.0,52.0,0.0,1053.0,1404.0,282.0,882.0,293.0,1121.0,388.66,0.0,0.0,0.0,703.0,13/08/2026
8943034557,1130024,LGD Gaming vs Team Falcons,2,2256,0,100058342,skiter,9247354,Team Falcons,core,19,Tiny,856.0,1755.0,1122.0,1410.0,208.0,2464.0,117.0,234.0,705.0,441.0,0.0,1464.83,319.0,0.0,0.0,879.0,0.0,13/08/2026
8943034557,1130024,LGD Gaming vs Team Falcons,2,2256,0,183719386,AMMAR_THE_F,9247354,Team Falcons,core,36,Necrophos,428.0,1170.0,1455.0,1506.0,312.0,0.0,0.0,702.0,423.0,441.0,0.0,805.66,75.66,0.0,1172.0,0.0,0.0,13/08/2026
8943034557,1130024,LGD Gaming vs Team Falcons,2,2256,0,177203952,Yuma,10150538,LGD Gaming,core,25,Lina,321.0,1365.0,1362.0,1154.0,286.0,0.0,0.0,936.0,423.0,147.0,0.0,1652.0,272.34,0.0,0.0,0.0,0.0,13/08/2026
8943034557,1130024,LGD Gaming vs Team Falcons,2,2256,0,292921272,Wisper,10150538,LGD Gaming,core,55,Dark Seer,321.0,975.0,1320.0,1364.0,234.0,704.0,0.0,1404.0,423.0,735.0,0.0,944.0,96.0,0.0,0.0,0.0,703.0,13/08/2026
8943034557,1130024,LGD Gaming vs Team Falcons,2,2256,0,898455820,Malr1ne,9247354,Team Falcons,mid,120,Pangolier,1070.0,1755.0,1062.0,1422.0,78.0,704.0,117.0,234.0,1128.0,294.0,0.0,1391.59,265.19,0.0,0.0,0.0,0.0,13/08/2026
8943034557,1130024,LGD Gaming vs Team Falcons,2,2256,0,94054712,Topson,10150538,LGD Gaming,mid,72,Gyrocopter,107.0,975.0,948.0,936.0,195.0,0.0,234.0,0.0,1128.0,0.0,0.0,1180.0,362.33,0.0,0.0,0.0,0.0,13/08/2026
8943034557,1130024,LGD Gaming vs Team Falcons,2,2256,0,10366616,Sneyking,9247354,Team Falcons,support,9,Mirana,535.0,1755.0,426.0,898.0,91.0,352.0,1170.0,1170.0,0.0,1470.0,1465.0,1464.83,242.33,1934.0,0.0,879.0,1406.0,13/08/2026
8943034557,1130024,LGD Gaming vs Team Falcons,2,2256,0,25907144,Cr1t-,9247354,Team Falcons,support,79,Shadow Demon,107.0,1560.0,186.0,748.0,0.0,0.0,702.0,2340.0,141.0,588.0,293.0,1245.1,276.66,0.0,1172.0,0.0,703.0,13/08/2026
8943034557,1130024,LGD Gaming vs Team Falcons,2,2256,0,105045291,Thiolicor,10150538,LGD Gaming,support,71,Spirit Breaker,214.0,585.0,171.0,556.0,39.0,0.0,585.0,936.0,564.0,1911.0,293.0,1652.0,358.0,0.0,0.0,0.0,703.0,13/08/2026
8943034557,1130024,LGD Gaming vs Team Falcons,2,2256,0,81306398,KingJungles,10150538,LGD Gaming,support,51,Clockwerk,0.0,195.0,105.0,508.0,13.0,0.0,1053.0,1170.0,705.0,882.0,879.0,1416.0,256.0,0.0,0.0,0.0,1406.0,13/08/2026
8943072784,1130024,LGD Gaming vs Team Falcons,3,2640,1,100058342,skiter,9247354,Team Falcons,core,18,Sven,642.0,780.0,1473.0,1354.0,286.0,1760.0,117.0,234.0,564.0,294.0,0.0,782.53,239.34,0.0,0.0,0.0,0.0,13/08/2026
8943072784,1130024,LGD Gaming vs Team Falcons,3,2640,1,183719386,AMMAR_THE_F,9247354,Team Falcons,core,120,Pangolier,1284.0,1170.0,1413.0,1486.0,234.0,704.0,0.0,702.0,564.0,1176.0,0.0,1173.79,280.52,0.0,1172.0,0.0,0.0,13/08/2026
8943072784,1130024,LGD Gaming vs Team Falcons,3,2640,1,177203952,Yuma,10150538,LGD Gaming,core,21,Windranger,963.0,585.0,1233.0,1182.0,234.0,0.0,0.0,468.0,0.0,147.0,0.0,1618.29,181.0,0.0,1172.0,879.0,703.0,13/08/2026
8943072784,1130024,LGD Gaming vs Team Falcons,3,2640,1,292921272,Wisper,10150538,LGD Gaming,core,65,Batrider,321.0,390.0,1152.0,1070.0,169.0,0.0,0.0,1872.0,705.0,1617.0,0.0,1416.0,277.34,0.0,0.0,0.0,703.0,13/08/2026
8943072784,1130024,LGD Gaming vs Team Falcons,3,2640,1,898455820,Malr1ne,9247354,Team Falcons,mid,25,Lina,1284.0,1560.0,1344.0,1452.0,143.0,1408.0,234.0,1404.0,1410.0,294.0,0.0,1117.89,371.01,0.0,0.0,879.0,0.0,13/08/2026
8943072784,1130024,LGD Gaming vs Team Falcons,3,2640,1,94054712,Topson,10150538,LGD Gaming,mid,49,Dragon Knight,321.0,975.0,1296.0,1086.0,273.0,704.0,117.0,0.0,1269.0,294.0,293.0,1517.14,385.66,0.0,0.0,0.0,0.0,13/08/2026
8943072784,1130024,LGD Gaming vs Team Falcons,3,2640,1,10366616,Sneyking,9247354,Team Falcons,support,5,Crystal Maiden,535.0,975.0,258.0,778.0,65.0,0.0,1404.0,2340.0,564.0,1764.0,1465.0,1117.89,809.0,0.0,0.0,0.0,0.0,13/08/2026
8943072784,1130024,LGD Gaming vs Team Falcons,3,2640,1,25907144,Cr1t-,9247354,Team Falcons,support,51,Clockwerk,321.0,1170.0,153.0,708.0,26.0,0.0,585.0,1638.0,282.0,882.0,586.0,1341.47,593.65,0.0,0.0,0.0,0.0,13/08/2026
8943072784,1130024,LGD Gaming vs Team Falcons,3,2640,1,105045291,Thiolicor,10150538,LGD Gaming,support,79,Shadow Demon,321.0,-390.0,168.0,514.0,52.0,0.0,936.0,936.0,846.0,2205.0,586.0,1112.57,276.66,1934.0,0.0,0.0,703.0,13/08/2026
8943072784,1130024,LGD Gaming vs Team Falcons,3,2640,1,81306398,KingJungles,10150538,LGD Gaming,support,9,Mirana,321.0,780.0,243.0,660.0,52.0,0.0,1170.0,468.0,141.0,735.0,1465.0,1618.29,370.67,0.0,0.0,0.0,703.0,13/08/2026
8943235603,1130063,LGD Gaming vs Team Resilience,1,3923,0,170896543,YSR-04E,5017210,Team Resilience,core,67,Spectre,2354.0,975.0,2112.0,1686.0,390.0,1760.0,0.0,0.0,846.0,882.0,0.0,1712.9,582.63,0.0,2344.0,0.0,0.0,13/08/2026
8943235603,1130063,LGD Gaming vs Team Resilience,1,3923,0,145957968,niu,5017210,Team Resilience,core,155,Largo,749.0,975.0,1194.0,1134.0,130.0,352.0,0.0,702.0,282.0,735.0,0.0,1267.55,544.31,1934.0,0.0,1758.0,0.0,13/08/2026
8943235603,1130063,LGD Gaming vs Team Resilience,1,3923,0,177203952,Yuma,10150538,LGD Gaming,core,46,Templar Assassin,107.0,0.0,2484.0,1388.0,325.0,704.0,0.0,702.0,564.0,294.0,0.0,1274.4,16.0,0.0,1172.0,879.0,0.0,13/08/2026
8943235603,1130063,LGD Gaming vs Team Resilience,1,3923,0,292921272,Wisper,10150538,LGD Gaming,core,98,Timbersaw,1498.0,195.0,3066.0,1790.0,455.0,352.0,0.0,702.0,987.0,882.0,0.0,1699.2,374.33,0.0,0.0,0.0,0.0,13/08/2026
8943235603,1130063,LGD Gaming vs Team Resilience,1,3923,0,315272623,Echozz,5017210,Team Resilience,mid,7,Earthshaker,1605.0,1365.0,1746.0,1386.0,286.0,352.0,234.0,0.0,2538.0,882.0,0.0,1370.32,3448.14,0.0,2344.0,0.0,0.0,13/08/2026
8943235603,1130063,LGD Gaming vs Team Resilience,1,3923,0,94054712,Topson,10150538,LGD Gaming,mid,107,Earth Spirit,1177.0,0.0,1788.0,1286.0,143.0,0.0,234.0,468.0,1551.0,294.0,0.0,1840.8,480.65,0.0,2344.0,0.0,0.0,13/08/2026
8943235603,1130063,LGD Gaming vs Team Resilience,1,3923,0,150961567,planet,5017210,Team Resilience,support,123,Hoodwink,749.0,975.0,882.0,928.0,78.0,0.0,936.0,1872.0,282.0,2940.0,586.0,1301.81,998.0,0.0,0.0,0.0,0.0,13/08/2026
8943235603,1130063,LGD Gaming vs Team Resilience,1,3923,0,249835593,zzq,5017210,Team Resilience,support,85,Undying,1177.0,-390.0,531.0,928.0,65.0,0.0,2340.0,468.0,987.0,882.0,2637.0,1507.35,0.0,0.0,0.0,0.0,0.0,13/08/2026
8943235603,1130063,LGD Gaming vs Team Resilience,1,3923,0,105045291,Thiolicor,10150538,LGD Gaming,support,121,Grimstroke,428.0,-1755.0,423.0,712.0,39.0,0.0,1170.0,2808.0,1128.0,2646.0,1172.0,1911.6,360.99,0.0,0.0,0.0,703.0,13/08/2026
8943235603,1130063,LGD Gaming vs Team Resilience,1,3923,0,81306398,KingJungles,10150538,LGD Gaming,support,3,Bane,0.0,-780.0,156.0,510.0,13.0,0.0,1989.0,1170.0,0.0,1764.0,1758.0,1132.8,1235.34,0.0,0.0,0.0,0.0,13/08/2026
8943332564,1130063,LGD Gaming vs Team Resilience,2,4566,0,177203952,Yuma,10150538,LGD Gaming,core,18,Sven,2461.0,1560.0,3036.0,1854.0,624.0,1760.0,117.0,0.0,1692.0,294.0,0.0,1376.67,684.99,0.0,3516.0,1758.0,1406.0,13/08/2026
8943332564,1130063,LGD Gaming vs Team Resilience,2,4566,0,292921272,Wisper,10150538,LGD Gaming,core,33,Enigma,749.0,0.0,2391.0,1494.0,221.0,1408.0,0.0,234.0,705.0,1470.0,0.0,1219.33,579.31,0.0,0.0,0.0,0.0,13/08/2026
8943332564,1130063,LGD Gaming vs Team Resilience,2,4566,0,170896543,YSR-04E,5017210,Team Resilience,core,6,Drow Ranger,1070.0,780.0,4242.0,1814.0,390.0,704.0,0.0,1638.0,987.0,588.0,0.0,1351.64,0.0,0.0,3516.0,1758.0,0.0,13/08/2026
8943332564,1130063,LGD Gaming vs Team Resilience,2,4566,0,145957968,niu,5017210,Team Resilience,core,96,Centaur Warrunner,642.0,-195.0,1965.0,1052.0,247.0,352.0,0.0,0.0,564.0,588.0,0.0,1287.27,663.34,1934.0,0.0,0.0,0.0,13/08/2026
8943332564,1130063,LGD Gaming vs Team Resilience,2,4566,0,94054712,Topson,10150538,LGD Gaming,mid,120,Pangolier,1070.0,975.0,2304.0,1448.0,169.0,0.0,117.0,468.0,2538.0,441.0,0.0,1612.67,1407.03,0.0,0.0,0.0,703.0,13/08/2026
8943332564,1130063,LGD Gaming vs Team Resilience,2,4566,0,315272623,Echozz,5017210,Team Resilience,mid,13,Puck,642.0,390.0,3186.0,1452.0,273.0,352.0,117.0,468.0,1692.0,1176.0,0.0,1287.27,325.0,0.0,0.0,0.0,0.0,13/08/2026
8943332564,1130063,LGD Gaming vs Team Resilience,2,4566,0,105045291,Thiolicor,10150538,LGD Gaming,support,119,Dark Willow,535.0,-195.0,576.0,856.0,143.0,0.0,1170.0,2574.0,1269.0,5145.0,1465.0,1455.33,3087.75,0.0,0.0,0.0,0.0,13/08/2026
8943332564,1130063,LGD Gaming vs Team Resilience,2,4566,0,81306398,KingJungles,10150538,LGD Gaming,support,112,Winter Wyvern,749.0,975.0,387.0,786.0,65.0,0.0,2808.0,1638.0,564.0,1764.0,2051.0,1258.67,554.68,0.0,0.0,0.0,0.0,13/08/2026
8943332564,1130063,LGD Gaming vs Team Resilience,2,4566,0,150961567,planet,5017210,Team Resilience,support,105,Techies,856.0,-390.0,1311.0,972.0,182.0,0.0,585.0,936.0,423.0,2205.0,586.0,1609.09,268.34,0.0,0.0,0.0,703.0,13/08/2026
8943332564,1130063,LGD Gaming vs Team Resilience,2,4566,0,249835593,zzq,5017210,Team Resilience,support,85,Undying,214.0,-1365.0,591.0,730.0,65.0,0.0,3276.0,468.0,564.0,1617.0,2637.0,1222.91,0.0,0.0,1172.0,0.0,703.0,13/08/2026
8943466067,1130063,LGD Gaming vs Team Resilience,3,4282,1,177203952,Yuma,10150538,LGD Gaming,core,4,Bloodseeker,2354.0,780.0,2970.0,1978.0,299.0,2112.0,0.0,0.0,1410.0,588.0,0.0,1593.0,186.98,0.0,2344.0,879.0,0.0,13/08/2026
8943466067,1130063,LGD Gaming vs Team Resilience,3,4282,1,292921272,Wisper,10150538,LGD Gaming,core,97,Magnus,1284.0,1365.0,2778.0,1710.0,390.0,352.0,117.0,1170.0,1269.0,1323.0,0.0,1593.0,789.03,1934.0,1172.0,0.0,0.0,13/08/2026
8943466067,1130063,LGD Gaming vs Team Resilience,3,4282,1,170896543,YSR-04E,5017210,Team Resilience,core,6,Drow Ranger,214.0,-585.0,2670.0,1364.0,429.0,0.0,234.0,702.0,423.0,294.0,0.0,566.4,0.0,0.0,0.0,879.0,0.0,13/08/2026
8943466067,1130063,LGD Gaming vs Team Resilience,3,4282,1,145957968,niu,5017210,Team Resilience,core,98,Timbersaw,856.0,195.0,2097.0,1282.0,182.0,352.0,0.0,234.0,141.0,294.0,0.0,1132.8,159.0,0.0,3516.0,879.0,0.0,13/08/2026
8943466067,1130063,LGD Gaming vs Team Resilience,3,4282,1,94054712,Topson,10150538,LGD Gaming,mid,22,Zeus,1177.0,1170.0,1629.0,1326.0,169.0,0.0,117.0,234.0,2115.0,147.0,0.0,1838.08,890.93,0.0,0.0,0.0,0.0,13/08/2026
8943466067,1130063,LGD Gaming vs Team Resilience,3,4282,1,315272623,Echozz,5017210,Team Resilience,mid,16,Sand King,1284.0,-195.0,1500.0,1024.0,169.0,0.0,117.0,468.0,1551.0,588.0,293.0,1840.8,739.37,0.0,0.0,0.0,0.0,13/08/2026
8943466067,1130063,LGD Gaming vs Team Resilience,3,4282,1,105045291,Thiolicor,10150538,LGD Gaming,support,119,Dark Willow,428.0,-585.0,672.0,922.0,78.0,0.0,351.0,936.0,705.0,4116.0,879.0,1633.85,2692.67,0.0,0.0,0.0,3515.0,13/08/2026
8943466067,1130063,LGD Gaming vs Team Resilience,3,4282,1,81306398,KingJungles,10150538,LGD Gaming,support,112,Winter Wyvern,321.0,1170.0,405.0,768.0,0.0,0.0,3159.0,1404.0,564.0,2352.0,2637.0,1429.62,289.5,0.0,0.0,0.0,0.0,13/08/2026
8943466067,1130063,LGD Gaming vs Team Resilience,3,4282,1,150961567,planet,5017210,Team Resilience,support,9,Mirana,428.0,1560.0,1107.0,950.0,130.0,352.0,1053.0,1638.0,987.0,3087.0,1758.0,1416.0,699.36,0.0,0.0,0.0,703.0,13/08/2026
8943466067,1130063,LGD Gaming vs Team Resilience,3,4282,1,249835593,zzq,5017210,Team Resilience,support,85,Undying,428.0,-1560.0,360.0,640.0,39.0,0.0,2457.0,936.0,423.0,1323.0,1465.0,1062.0,8.66,0.0,0.0,0.0,0.0,13/08/2026
8943244303,1130066,Nigma Galaxy vs OG,1,3227,0,111620041,SumaiL-,10136357,Nigma Galaxy ,core,11,Shadow Fiend,1177.0,1755.0,2367.0,1760.0,442.0,3168.0,0.0,936.0,423.0,1176.0,0.0,1441.29,295.01,0.0,0.0,0.0,0.0,13/08/2026
8943244303,1130066,Nigma Galaxy vs OG,1,3227,0,138880576,Davai,10136357,Nigma Galaxy ,core,155,Largo,214.0,1365.0,1074.0,1124.0,104.0,0.0,0.0,1404.0,564.0,147.0,0.0,1365.43,132.31,0.0,0.0,0.0,703.0,13/08/2026
8943244303,1130066,Nigma Galaxy vs OG,1,3227,0,132309493,Raven,2586976,OG,core,38,Beastmaster,321.0,1170.0,1398.0,1118.0,234.0,352.0,0.0,234.0,282.0,147.0,0.0,1453.26,619.67,0.0,0.0,1758.0,0.0,13/08/2026
8943244303,1130066,Nigma Galaxy vs OG,1,3227,0,355168766,Natsumi,2586976,OG,core,138,Muerta,749.0,1170.0,2430.0,1554.0,299.0,1056.0,117.0,936.0,282.0,735.0,0.0,1788.63,323.34,0.0,2344.0,0.0,703.0,13/08/2026
8943244303,1130066,Nigma Galaxy vs OG,1,3227,0,210053851,lorenof,10136357,Nigma Galaxy ,mid,106,Ember Spirit,1284.0,1365.0,1704.0,1484.0,143.0,0.0,234.0,1170.0,2397.0,0.0,0.0,1593.0,774.54,1934.0,1172.0,0.0,0.0,13/08/2026
8943244303,1130066,Nigma Galaxy vs OG,1,3227,0,324277900,Yopaj-,2586976,OG,mid,7,Earthshaker,214.0,1170.0,1197.0,958.0,182.0,0.0,234.0,936.0,1410.0,0.0,293.0,1676.84,1748.34,0.0,0.0,0.0,0.0,13/08/2026
8943244303,1130066,Nigma Galaxy vs OG,1,3227,0,152168157,OmaR,10136357,Nigma Galaxy ,support,27,Shadow Shaman,107.0,0.0,312.0,774.0,0.0,352.0,1404.0,234.0,846.0,1029.0,1758.0,1289.57,1228.36,0.0,1172.0,0.0,0.0,13/08/2026
8943244303,1130066,Nigma Galaxy vs OG,1,3227,0,101356886,GH,10136357,Nigma Galaxy ,support,50,Dazzle,214.0,1560.0,246.0,640.0,26.0,0.0,1170.0,936.0,564.0,2205.0,879.0,1137.86,279.43,0.0,0.0,0.0,703.0,13/08/2026
8943244303,1130066,Nigma Galaxy vs OG,1,3227,0,155494381,TIMS,2586976,OG,support,119,Dark Willow,214.0,195.0,144.0,590.0,0.0,0.0,1521.0,1872.0,141.0,1911.0,1465.0,1229.68,2179.67,0.0,1172.0,0.0,0.0,13/08/2026
8943244303,1130066,Nigma Galaxy vs OG,1,3227,0,100594231,skem,2586976,OG,support,21,Windranger,428.0,585.0,504.0,706.0,26.0,0.0,1170.0,1872.0,564.0,1176.0,879.0,1453.26,703.66,0.0,0.0,0.0,703.0,13/08/2026
8943324841,1130066,Nigma Galaxy vs OG,2,4461,0,355168766,Natsumi,2586976,OG,core,72,Gyrocopter,856.0,585.0,3366.0,1682.0,455.0,1408.0,351.0,234.0,1269.0,588.0,293.0,1092.34,447.34,0.0,3516.0,879.0,0.0,13/08/2026
8943324841,1130066,Nigma Galaxy vs OG,2,4461,0,132309493,Raven,2586976,OG,core,85,Undying,1070.0,390.0,1287.0,1006.0,169.0,0.0,0.0,234.0,141.0,1176.0,0.0,1881.26,0.0,1934.0,0.0,0.0,0.0,13/08/2026
8943324841,1130066,Nigma Galaxy vs OG,2,4461,0,111620041,SumaiL-,10136357,Nigma Galaxy ,core,18,Sven,749.0,195.0,2769.0,1404.0,572.0,0.0,0.0,936.0,423.0,1029.0,0.0,861.08,524.66,0.0,1172.0,879.0,0.0,13/08/2026
8943324841,1130066,Nigma Galaxy vs OG,2,4461,0,138880576,Davai,10136357,Nigma Galaxy ,core,33,Enigma,321.0,975.0,2379.0,1510.0,91.0,2464.0,0.0,936.0,423.0,0.0,293.0,1492.54,448.38,0.0,0.0,0.0,1406.0,13/08/2026
8943324841,1130066,Nigma Galaxy vs OG,2,4461,0,324277900,Yopaj-,2586976,OG,mid,49,Dragon Knight,1177.0,585.0,2334.0,1378.0,208.0,704.0,117.0,702.0,2397.0,441.0,0.0,1153.03,640.67,0.0,0.0,0.0,0.0,13/08/2026
8943324841,1130066,Nigma Galaxy vs OG,2,4461,0,210053851,lorenof,10136357,Nigma Galaxy ,mid,25,Lina,2033.0,1365.0,2922.0,1764.0,403.0,352.0,117.0,468.0,2820.0,0.0,0.0,1549.95,767.37,0.0,1172.0,0.0,0.0,13/08/2026
8943324841,1130066,Nigma Galaxy vs OG,2,4461,0,155494381,TIMS,2586976,OG,support,86,Rubick,428.0,1170.0,840.0,850.0,65.0,0.0,1755.0,702.0,564.0,2352.0,1172.0,1638.51,757.31,0.0,0.0,0.0,0.0,13/08/2026
8943324841,1130066,Nigma Galaxy vs OG,2,4461,0,100594231,skem,2586976,OG,support,21,Windranger,214.0,-195.0,837.0,816.0,39.0,0.0,1755.0,1170.0,987.0,2058.0,2051.0,1577.83,619.67,0.0,0.0,0.0,703.0,13/08/2026
8943324841,1130066,Nigma Galaxy vs OG,2,4461,0,152168157,OmaR,10136357,Nigma Galaxy ,support,51,Clockwerk,535.0,-195.0,300.0,802.0,13.0,0.0,2457.0,468.0,282.0,2793.0,2051.0,1549.95,894.97,0.0,1172.0,0.0,703.0,13/08/2026
8943324841,1130066,Nigma Galaxy vs OG,2,4461,0,101356886,GH,10136357,Nigma Galaxy ,support,9,Mirana,321.0,585.0,1485.0,1200.0,130.0,704.0,1404.0,702.0,846.0,3087.0,1172.0,1722.16,1633.99,0.0,1172.0,0.0,703.0,13/08/2026
8944628326,1130312,OG vs Team Resilience,1,3276,0,170896543,YSR-04E,5017210,Team Resilience,core,19,Tiny,1391.0,1170.0,1881.0,1502.0,286.0,1760.0,0.0,234.0,1410.0,441.0,0.0,1604.8,531.33,0.0,0.0,1758.0,703.0,14/08/2026
8944628326,1130312,OG vs Team Resilience,1,3276,0,145957968,niu,5017210,Team Resilience,core,120,Pangolier,642.0,1170.0,1467.0,1212.0,169.0,704.0,0.0,234.0,846.0,882.0,0.0,1368.8,836.25,0.0,1172.0,0.0,0.0,14/08/2026
8944628326,1130312,OG vs Team Resilience,1,3276,0,132309493,Raven,2586976,OG,core,85,Undying,963.0,0.0,1137.0,1026.0,104.0,352.0,0.0,234.0,423.0,882.0,0.0,1385.22,0.0,0.0,1172.0,879.0,0.0,14/08/2026
8944628326,1130312,OG vs Team Resilience,1,3276,0,355168766,Natsumi,2586976,OG,core,54,Lifestealer,428.0,780.0,1605.0,1240.0,351.0,352.0,0.0,468.0,141.0,0.0,0.0,1108.17,140.67,0.0,1172.0,0.0,0.0,14/08/2026
8944628326,1130312,OG vs Team Resilience,1,3276,0,315272623,Echozz,5017210,Team Resilience,mid,74,Invoker,1391.0,1365.0,1602.0,1482.0,130.0,1056.0,234.0,936.0,1128.0,147.0,0.0,1746.4,1756.07,0.0,0.0,0.0,0.0,14/08/2026
8944628326,1130312,OG vs Team Resilience,1,3276,0,324277900,Yopaj-,2586976,OG,mid,107,Earth Spirit,428.0,195.0,1002.0,940.0,130.0,352.0,234.0,234.0,1269.0,294.0,0.0,1477.57,303.0,0.0,0.0,0.0,0.0,14/08/2026
8944628326,1130312,OG vs Team Resilience,1,3276,0,150961567,planet,5017210,Team Resilience,support,86,Rubick,535.0,390.0,648.0,884.0,65.0,0.0,585.0,1170.0,846.0,2058.0,1172.0,1840.8,630.67,0.0,0.0,0.0,1406.0,14/08/2026
8944628326,1130312,OG vs Team Resilience,1,3276,0,249835593,zzq,5017210,Team Resilience,support,9,Mirana,856.0,975.0,513.0,924.0,65.0,0.0,1989.0,1404.0,705.0,1176.0,586.0,1557.6,393.67,0.0,0.0,0.0,0.0,14/08/2026
8944628326,1130312,OG vs Team Resilience,1,3276,0,155494381,TIMS,2586976,OG,support,123,Hoodwink,428.0,390.0,342.0,710.0,78.0,0.0,702.0,1404.0,705.0,1764.0,879.0,2031.65,631.66,1934.0,0.0,0.0,0.0,14/08/2026
8944628326,1130312,OG vs Team Resilience,1,3276,0,100594231,skem,2586976,OG,support,5,Crystal Maiden,214.0,-390.0,540.0,736.0,104.0,0.0,2106.0,468.0,282.0,1029.0,1758.0,1108.17,897.0,0.0,0.0,0.0,0.0,14/08/2026
8944692094,1130312,OG vs Team Resilience,2,1961,0,132309493,Raven,2586976,OG,core,96,Centaur Warrunner,214.0,390.0,669.0,832.0,234.0,0.0,0.0,234.0,141.0,0.0,0.0,849.6,204.34,1934.0,0.0,0.0,703.0,14/08/2026
8944692094,1130312,OG vs Team Resilience,2,1961,0,355168766,Natsumi,2586976,OG,core,19,Tiny,107.0,780.0,849.0,876.0,156.0,0.0,0.0,468.0,141.0,0.0,293.0,849.6,85.0,0.0,0.0,0.0,0.0,14/08/2026
8944692094,1130312,OG vs Team Resilience,2,1961,0,170896543,YSR-04E,5017210,Team Resilience,core,11,Shadow Fiend,1498.0,1950.0,1221.0,1626.0,260.0,1408.0,0.0,234.0,423.0,294.0,0.0,1393.88,48.17,0.0,2344.0,0.0,1406.0,14/08/2026
8944692094,1130312,OG vs Team Resilience,2,1961,0,145957968,niu,5017210,Team Resilience,core,2,Axe,428.0,1170.0,642.0,974.0,91.0,352.0,0.0,468.0,423.0,294.0,293.0,1261.12,311.33,0.0,0.0,879.0,0.0,14/08/2026
8944692094,1130312,OG vs Team Resilience,2,1961,0,324277900,Yopaj-,2586976,OG,mid,25,Lina,642.0,1365.0,912.0,1100.0,130.0,0.0,234.0,234.0,423.0,147.0,0.0,1557.6,347.34,0.0,0.0,0.0,0.0,14/08/2026
8944692094,1130312,OG vs Team Resilience,2,1961,0,315272623,Echozz,5017210,Team Resilience,mid,107,Earth Spirit,321.0,1365.0,657.0,1048.0,143.0,352.0,234.0,702.0,1410.0,294.0,0.0,1327.5,85.33,0.0,0.0,0.0,1406.0,14/08/2026
8944692094,1130312,OG vs Team Resilience,2,1961,0,155494381,TIMS,2586976,OG,support,100,Tusk,0.0,195.0,114.0,496.0,13.0,0.0,585.0,702.0,564.0,735.0,293.0,1274.4,74.0,0.0,0.0,0.0,0.0,14/08/2026
8944692094,1130312,OG vs Team Resilience,2,1961,0,100594231,skem,2586976,OG,support,9,Mirana,642.0,780.0,246.0,728.0,39.0,0.0,1053.0,234.0,705.0,735.0,879.0,1699.2,265.67,0.0,0.0,0.0,703.0,14/08/2026
8944692094,1130312,OG vs Team Resilience,2,1961,0,150961567,planet,5017210,Team Resilience,support,123,Hoodwink,642.0,1365.0,282.0,812.0,26.0,0.0,702.0,936.0,141.0,882.0,293.0,1593.0,513.66,0.0,0.0,0.0,703.0,14/08/2026
8944692094,1130312,OG vs Team Resilience,2,1961,0,249835593,zzq,5017210,Team Resilience,support,85,Undying,535.0,975.0,222.0,776.0,13.0,0.0,936.0,0.0,282.0,882.0,1172.0,1659.38,0.0,0.0,0.0,0.0,0.0,14/08/2026
8943267925,1130069,TEAM VISION vs Team Falcons,1,2690,0,100058342,skiter,9247354,Team Falcons,core,73,Alchemist,428.0,1365.0,1527.0,1594.0,286.0,704.0,0.0,1170.0,987.0,147.0,0.0,1460.25,575.33,0.0,0.0,0.0,0.0,13/08/2026
8943267925,1130069,TEAM VISION vs Team Falcons,1,2690,0,183719386,AMMAR_THE_F,9247354,Team Falcons,core,96,Centaur Warrunner,749.0,1365.0,1494.0,1500.0,234.0,352.0,0.0,234.0,564.0,882.0,0.0,1593.0,793.68,0.0,0.0,0.0,1406.0,13/08/2026
8943267925,1130069,TEAM VISION vs Team Falcons,1,2690,0,1044002267,Satanic,9572001,TEAM VISION,core,80,Lone Druid,1284.0,1560.0,2457.0,1912.0,208.0,704.0,0.0,936.0,846.0,147.0,0.0,1593.0,862.69,0.0,0.0,0.0,0.0,13/08/2026
8943267925,1130069,TEAM VISION vs Team Falcons,1,2690,0,195108598,Noticed,9572001,TEAM VISION,core,55,Dark Seer,107.0,1170.0,1380.0,1272.0,169.0,352.0,0.0,936.0,141.0,147.0,0.0,1504.5,154.65,0.0,0.0,0.0,0.0,13/08/2026
8943267925,1130069,TEAM VISION vs Team Falcons,1,2690,0,898455820,Malr1ne,9247354,Team Falcons,mid,59,Huskar,1177.0,975.0,1116.0,1238.0,221.0,1408.0,234.0,234.0,423.0,441.0,0.0,1128.38,0.0,0.0,2344.0,879.0,0.0,13/08/2026
8943267925,1130069,TEAM VISION vs Team Falcons,1,2690,0,106573901,No[o]ne-,9572001,TEAM VISION,mid,47,Viper,428.0,1170.0,1068.0,1038.0,195.0,0.0,0.0,468.0,1410.0,1029.0,0.0,1416.0,0.0,0.0,0.0,0.0,0.0,13/08/2026
8943267925,1130069,TEAM VISION vs Team Falcons,1,2690,0,10366616,Sneyking,9247354,Team Falcons,support,9,Mirana,642.0,195.0,330.0,726.0,13.0,0.0,1053.0,1638.0,564.0,1323.0,1172.0,1659.38,319.33,0.0,0.0,0.0,1406.0,13/08/2026
8943267925,1130069,TEAM VISION vs Team Falcons,1,2690,0,25907144,Cr1t-,9247354,Team Falcons,support,79,Shadow Demon,428.0,1170.0,261.0,784.0,0.0,0.0,1170.0,1872.0,564.0,0.0,879.0,1526.62,387.33,0.0,1172.0,0.0,0.0,13/08/2026
8943267925,1130069,TEAM VISION vs Team Falcons,1,2690,0,164199202,9Class,9572001,TEAM VISION,support,62,Bounty Hunter,428.0,0.0,81.0,704.0,13.0,352.0,819.0,0.0,846.0,1029.0,293.0,1416.0,366.99,1934.0,0.0,0.0,1406.0,13/08/2026
8943267925,1130069,TEAM VISION vs Team Falcons,1,2690,0,73401082,Dukalis,9572001,TEAM VISION,support,105,Techies,321.0,-390.0,210.0,692.0,13.0,0.0,1521.0,468.0,0.0,882.0,2051.0,1681.5,383.68,0.0,0.0,0.0,0.0,13/08/2026
8943364918,1130069,TEAM VISION vs Team Falcons,2,3075,0,100058342,skiter,9247354,Team Falcons,core,21,Windranger,642.0,195.0,1371.0,1106.0,208.0,0.0,117.0,1638.0,705.0,0.0,0.0,1624.24,644.33,0.0,1172.0,879.0,0.0,13/08/2026
8943364918,1130069,TEAM VISION vs Team Falcons,2,3075,0,183719386,AMMAR_THE_F,9247354,Team Falcons,core,96,Centaur Warrunner,321.0,-390.0,1257.0,1028.0,247.0,352.0,0.0,468.0,282.0,735.0,0.0,1624.24,692.02,0.0,1172.0,0.0,0.0,13/08/2026
8943364918,1130069,TEAM VISION vs Team Falcons,2,3075,0,1044002267,Satanic,9572001,TEAM VISION,core,80,Lone Druid,1819.0,1560.0,2661.0,2044.0,273.0,1760.0,117.0,936.0,1833.0,147.0,0.0,1460.25,654.01,0.0,1172.0,879.0,0.0,13/08/2026
8943364918,1130069,TEAM VISION vs Team Falcons,2,3075,0,195108598,Noticed,9572001,TEAM VISION,core,28,Slardar,428.0,1560.0,1002.0,1032.0,104.0,352.0,0.0,0.0,282.0,588.0,0.0,1239.0,396.99,0.0,0.0,0.0,0.0,13/08/2026
8943364918,1130069,TEAM VISION vs Team Falcons,2,3075,0,898455820,Malr1ne,9247354,Team Falcons,mid,15,Razor,535.0,390.0,1254.0,990.0,104.0,0.0,234.0,234.0,1410.0,441.0,0.0,1624.24,277.0,0.0,0.0,0.0,0.0,13/08/2026
8943364918,1130069,TEAM VISION vs Team Falcons,2,3075,0,106573901,No[o]ne-,9572001,TEAM VISION,mid,106,Ember Spirit,1070.0,1170.0,1365.0,1302.0,117.0,704.0,117.0,1404.0,1410.0,588.0,0.0,1106.25,854.67,0.0,1172.0,0.0,0.0,13/08/2026
8943364918,1130069,TEAM VISION vs Team Falcons,2,3075,0,10366616,Sneyking,9247354,Team Falcons,support,9,Mirana,107.0,-195.0,279.0,540.0,39.0,0.0,1521.0,702.0,705.0,1911.0,2051.0,1499.29,462.32,0.0,0.0,0.0,0.0,13/08/2026
8943364918,1130069,TEAM VISION vs Team Falcons,2,3075,0,25907144,Cr1t-,9247354,Team Falcons,support,58,Enchantress,214.0,195.0,711.0,722.0,156.0,704.0,819.0,936.0,141.0,147.0,0.0,1374.35,555.67,0.0,0.0,0.0,0.0,13/08/2026
8943364918,1130069,TEAM VISION vs Team Falcons,2,3075,0,164199202,9Class,9572001,TEAM VISION,support,14,Pudge,1177.0,975.0,498.0,896.0,52.0,0.0,819.0,468.0,423.0,2793.0,293.0,1460.25,671.34,1934.0,0.0,0.0,1406.0,13/08/2026
8943364918,1130069,TEAM VISION vs Team Falcons,2,3075,0,73401082,Dukalis,9572001,TEAM VISION,support,123,Hoodwink,428.0,1170.0,336.0,798.0,0.0,0.0,1755.0,702.0,282.0,441.0,2344.0,1416.0,433.99,0.0,0.0,0.0,0.0,13/08/2026
8943477775,1130069,TEAM VISION vs Team Falcons,3,5678,1,1044002267,Satanic,9572001,TEAM VISION,core,11,Shadow Fiend,3103.0,975.0,4107.0,2030.0,962.0,2464.0,0.0,468.0,1974.0,735.0,0.0,1365.43,18.34,0.0,2344.0,0.0,0.0,13/08/2026
8943477775,1130069,TEAM VISION vs Team Falcons,3,5678,1,195108598,Noticed,9572001,TEAM VISION,core,96,Centaur Warrunner,321.0,780.0,2229.0,1274.0,507.0,352.0,0.0,702.0,564.0,1911.0,0.0,1441.29,685.99,0.0,0.0,0.0,0.0,13/08/2026
8943477775,1130069,TEAM VISION vs Team Falcons,3,5678,1,100058342,skiter,9247354,Team Falcons,core,56,Clinkz,1070.0,195.0,3129.0,1488.0,832.0,1408.0,0.0,936.0,1269.0,294.0,0.0,1416.0,0.0,0.0,3516.0,0.0,1406.0,13/08/2026
8943477775,1130069,TEAM VISION vs Team Falcons,3,5678,1,183719386,AMMAR_THE_F,9247354,Team Falcons,core,36,Necrophos,1177.0,0.0,4125.0,1718.0,715.0,0.0,0.0,2808.0,846.0,1617.0,0.0,1252.62,118.68,1934.0,1172.0,879.0,703.0,13/08/2026
8943477775,1130069,TEAM VISION vs Team Falcons,3,5678,1,106573901,No[o]ne-,9572001,TEAM VISION,mid,106,Ember Spirit,1926.0,195.0,2559.0,1546.0,364.0,352.0,117.0,0.0,2397.0,882.0,0.0,1782.64,1207.63,0.0,1172.0,0.0,703.0,13/08/2026
8943477775,1130069,TEAM VISION vs Team Falcons,3,5678,1,898455820,Malr1ne,9247354,Team Falcons,mid,107,Earth Spirit,1605.0,975.0,3237.0,1684.0,299.0,704.0,351.0,0.0,2538.0,735.0,293.0,1579.38,382.32,0.0,0.0,879.0,703.0,13/08/2026
8943477775,1130069,TEAM VISION vs Team Falcons,3,5678,1,164199202,9Class,9572001,TEAM VISION,support,21,Windranger,428.0,0.0,957.0,920.0,182.0,352.0,702.0,1404.0,846.0,2499.0,293.0,1441.29,971.67,0.0,0.0,0.0,703.0,13/08/2026
8943477775,1130069,TEAM VISION vs Team Falcons,3,5678,1,73401082,Dukalis,9572001,TEAM VISION,support,103,Elder Titan,214.0,195.0,453.0,796.0,182.0,352.0,4212.0,702.0,846.0,1617.0,3809.0,1213.71,787.7,0.0,0.0,0.0,1406.0,13/08/2026
8943477775,1130069,TEAM VISION vs Team Falcons,3,5678,1,10366616,Sneyking,9247354,Team Falcons,support,83,Treant Protector,0.0,-780.0,1128.0,882.0,273.0,0.0,1170.0,702.0,987.0,3822.0,293.0,1034.77,1196.03,0.0,0.0,0.0,1406.0,13/08/2026
8943477775,1130069,TEAM VISION vs Team Falcons,3,5678,1,25907144,Cr1t-,9247354,Team Falcons,support,26,Lion,321.0,-1560.0,219.0,574.0,26.0,0.0,3393.0,1404.0,423.0,1029.0,3809.0,871.38,1319.3,0.0,0.0,0.0,0.0,13/08/2026
8943010675,1130027,TEAM VISION vs Team Resilience,1,2517,0,170896543,YSR-04E,5017210,Team Resilience,core,67,Spectre,749.0,390.0,1209.0,1122.0,364.0,0.0,0.0,0.0,423.0,0.0,0.0,1351.64,0.0,0.0,0.0,0.0,0.0,13/08/2026
8943010675,1130027,TEAM VISION vs Team Resilience,1,2517,0,145957968,niu,5017210,Team Resilience,core,2,Axe,856.0,195.0,753.0,850.0,117.0,0.0,0.0,702.0,0.0,294.0,0.0,1255.09,555.33,1934.0,0.0,0.0,0.0,13/08/2026
8943010675,1130027,TEAM VISION vs Team Resilience,1,2517,0,1044002267,Satanic,9572001,TEAM VISION,core,19,Tiny,1712.0,1755.0,1788.0,1706.0,273.0,1056.0,0.0,702.0,987.0,294.0,0.0,1549.95,424.0,0.0,0.0,0.0,0.0,13/08/2026
8943010675,1130027,TEAM VISION vs Team Resilience,1,2517,0,195108598,Noticed,9572001,TEAM VISION,core,96,Centaur Warrunner,428.0,1365.0,1320.0,1330.0,195.0,704.0,0.0,0.0,423.0,0.0,0.0,1377.73,615.35,0.0,0.0,0.0,0.0,13/08/2026
8943010675,1130027,TEAM VISION vs Team Resilience,1,2517,0,315272623,Echozz,5017210,Team Resilience,mid,107,Earth Spirit,535.0,1170.0,765.0,898.0,117.0,352.0,351.0,468.0,1833.0,294.0,0.0,1641.27,190.67,0.0,0.0,0.0,0.0,13/08/2026
8943010675,1130027,TEAM VISION vs Team Resilience,1,2517,0,106573901,No[o]ne-,9572001,TEAM VISION,mid,25,Lina,428.0,1170.0,1398.0,1310.0,234.0,352.0,234.0,468.0,1410.0,294.0,0.0,1320.32,395.7,0.0,0.0,879.0,0.0,13/08/2026
8943010675,1130027,TEAM VISION vs Team Resilience,1,2517,0,150961567,planet,5017210,Team Resilience,support,86,Rubick,107.0,585.0,258.0,628.0,26.0,0.0,936.0,1638.0,141.0,1323.0,586.0,1448.18,397.33,0.0,0.0,0.0,0.0,13/08/2026
8943010675,1130027,TEAM VISION vs Team Resilience,1,2517,0,249835593,zzq,5017210,Team Resilience,support,112,Winter Wyvern,107.0,195.0,81.0,486.0,13.0,0.0,1053.0,234.0,282.0,441.0,1758.0,1255.09,185.91,0.0,0.0,0.0,703.0,13/08/2026
8943010675,1130027,TEAM VISION vs Team Resilience,1,2517,0,164199202,9Class,9572001,TEAM VISION,support,119,Dark Willow,642.0,585.0,243.0,774.0,26.0,352.0,585.0,1170.0,564.0,1911.0,293.0,1320.32,1503.26,0.0,1172.0,0.0,0.0,13/08/2026
8943010675,1130027,TEAM VISION vs Team Resilience,1,2517,0,73401082,Dukalis,9572001,TEAM VISION,support,9,Mirana,642.0,585.0,288.0,852.0,26.0,0.0,1404.0,234.0,141.0,735.0,1172.0,1377.73,338.33,0.0,1172.0,0.0,0.0,13/08/2026
8943053016,1130027,TEAM VISION vs Team Resilience,2,2898,0,1044002267,Satanic,9572001,TEAM VISION,core,11,Shadow Fiend,1819.0,975.0,1737.0,1518.0,351.0,1056.0,0.0,234.0,705.0,441.0,0.0,1221.3,6.67,1934.0,2344.0,0.0,0.0,13/08/2026
8943053016,1130027,TEAM VISION vs Team Resilience,2,2898,0,195108598,Noticed,9572001,TEAM VISION,core,77,Lycan,642.0,1365.0,1461.0,1252.0,221.0,352.0,0.0,468.0,423.0,588.0,0.0,1327.5,77.33,0.0,1172.0,0.0,0.0,13/08/2026
8943053016,1130027,TEAM VISION vs Team Resilience,2,2898,0,170896543,YSR-04E,5017210,Team Resilience,core,6,Drow Ranger,1177.0,975.0,2070.0,1828.0,338.0,2816.0,0.0,1170.0,705.0,294.0,0.0,1438.84,0.0,0.0,0.0,879.0,0.0,13/08/2026
8943053016,1130027,TEAM VISION vs Team Resilience,2,2898,0,145957968,niu,5017210,Team Resilience,core,128,Snapfire,963.0,1170.0,927.0,1258.0,195.0,0.0,0.0,468.0,0.0,294.0,0.0,1712.9,668.68,0.0,1172.0,0.0,0.0,13/08/2026
8943053016,1130027,TEAM VISION vs Team Resilience,2,2898,0,106573901,No[o]ne-,9572001,TEAM VISION,mid,28,Slardar,963.0,585.0,1050.0,1032.0,117.0,0.0,234.0,702.0,1974.0,1029.0,0.0,1327.5,622.32,0.0,0.0,879.0,0.0,13/08/2026
8943053016,1130027,TEAM VISION vs Team Resilience,2,2898,0,315272623,Echozz,5017210,Team Resilience,mid,107,Earth Spirit,642.0,390.0,972.0,1198.0,91.0,0.0,117.0,0.0,846.0,882.0,0.0,1575.87,317.0,0.0,0.0,0.0,0.0,13/08/2026
8943053016,1130027,TEAM VISION vs Team Resilience,2,2898,0,164199202,9Class,9572001,TEAM VISION,support,86,Rubick,428.0,1170.0,471.0,728.0,13.0,0.0,468.0,468.0,282.0,1617.0,293.0,1168.2,510.99,0.0,0.0,0.0,0.0,13/08/2026
8943053016,1130027,TEAM VISION vs Team Resilience,2,2898,0,73401082,Dukalis,9572001,TEAM VISION,support,85,Undying,428.0,-390.0,153.0,640.0,13.0,0.0,1872.0,0.0,282.0,588.0,2051.0,1327.5,0.0,0.0,0.0,0.0,0.0,13/08/2026
8943053016,1130027,TEAM VISION vs Team Resilience,2,2898,0,150961567,planet,5017210,Team Resilience,support,51,Clockwerk,107.0,-195.0,144.0,676.0,13.0,0.0,1170.0,468.0,846.0,1617.0,586.0,1781.42,648.31,0.0,0.0,0.0,2109.0,13/08/2026
8943053016,1130027,TEAM VISION vs Team Resilience,2,2898,0,249835593,zzq,5017210,Team Resilience,support,110,Phoenix,428.0,-585.0,510.0,912.0,91.0,0.0,1287.0,702.0,705.0,882.0,1758.0,1301.81,93.0,0.0,0.0,0.0,0.0,13/08/2026
8943098449,1130027,TEAM VISION vs Team Resilience,3,1946,1,1044002267,Satanic,9572001,TEAM VISION,core,53,Nature's Prophet,1498.0,1950.0,1629.0,1896.0,182.0,1408.0,0.0,468.0,423.0,0.0,0.0,1433.7,0.0,1934.0,0.0,0.0,0.0,13/08/2026
8943098449,1130027,TEAM VISION vs Team Resilience,3,1946,1,195108598,Noticed,9572001,TEAM VISION,core,69,Doom,642.0,1755.0,1065.0,1424.0,221.0,0.0,0.0,1404.0,705.0,441.0,0.0,1168.2,136.34,0.0,0.0,0.0,0.0,13/08/2026
8943098449,1130027,TEAM VISION vs Team Resilience,3,1946,1,170896543,YSR-04E,5017210,Team Resilience,core,20,Vengeful Spirit,428.0,0.0,864.0,1008.0,234.0,352.0,117.0,702.0,141.0,147.0,0.0,1062.0,202.34,0.0,0.0,0.0,0.0,13/08/2026
8943098449,1130027,TEAM VISION vs Team Resilience,3,1946,1,145957968,niu,5017210,Team Resilience,core,98,Timbersaw,321.0,390.0,867.0,1084.0,117.0,0.0,0.0,702.0,423.0,441.0,0.0,1062.0,0.0,0.0,0.0,879.0,0.0,13/08/2026
8943098449,1130027,TEAM VISION vs Team Resilience,3,1946,1,106573901,No[o]ne-,9572001,TEAM VISION,mid,128,Snapfire,749.0,1170.0,834.0,1202.0,130.0,352.0,117.0,702.0,1551.0,147.0,0.0,902.7,238.01,0.0,0.0,0.0,0.0,13/08/2026
8943098449,1130027,TEAM VISION vs Team Resilience,3,1946,1,315272623,Echozz,5017210,Team Resilience,mid,16,Sand King,856.0,780.0,720.0,1086.0,143.0,0.0,0.0,0.0,1128.0,294.0,0.0,1652.0,317.33,0.0,0.0,0.0,0.0,13/08/2026
8943098449,1130027,TEAM VISION vs Team Resilience,3,1946,1,164199202,9Class,9572001,TEAM VISION,support,119,Dark Willow,963.0,-195.0,144.0,740.0,26.0,0.0,585.0,702.0,423.0,1470.0,0.0,1327.5,831.66,0.0,0.0,0.0,0.0,13/08/2026
8943098449,1130027,TEAM VISION vs Team Resilience,3,1946,1,73401082,Dukalis,9572001,TEAM VISION,support,85,Undying,321.0,1560.0,150.0,736.0,0.0,0.0,1053.0,0.0,282.0,735.0,1758.0,1274.4,0.0,0.0,1172.0,0.0,0.0,13/08/2026
8943098449,1130027,TEAM VISION vs Team Resilience,3,1946,1,150961567,planet,5017210,Team Resilience,support,90,Keeper of the Light,214.0,780.0,366.0,746.0,39.0,0.0,819.0,1170.0,0.0,882.0,586.0,1062.0,0.0,0.0,0.0,0.0,703.0,13/08/2026
8943098449,1130027,TEAM VISION vs Team Resilience,3,1946,1,249835593,zzq,5017210,Team Resilience,support,112,Winter Wyvern,107.0,-195.0,96.0,496.0,13.0,0.0,936.0,1404.0,0.0,294.0,879.0,590.0,87.5,0.0,0.0,0.0,0.0,13/08/2026
8944680063,1130320,Team Liquid vs Team Spirit,1,3068,0,97590558,Ace ♠,2163,Team Liquid,core,96,Centaur Warrunner,214.0,0.0,1014.0,882.0,156.0,0.0,0.0,1404.0,0.0,147.0,0.0,1292.87,351.67,0.0,1172.0,0.0,0.0,14/08/2026
8944680063,1130320,Team Liquid vs Team Spirit,1,3068,0,152962063,m1CKe,2163,Team Liquid,core,48,Luna,428.0,975.0,2856.0,1768.0,481.0,352.0,117.0,702.0,1128.0,441.0,293.0,1108.17,161.33,0.0,0.0,0.0,0.0,14/08/2026
8944680063,1130320,Team Liquid vs Team Spirit,1,3068,0,321580662,Yatoro,7119388,Team Spirit,core,145,Kez,3317.0,1755.0,1779.0,1800.0,351.0,1760.0,117.0,234.0,1128.0,147.0,0.0,1733.88,131.33,0.0,2344.0,2637.0,0.0,14/08/2026
8944680063,1130320,Team Liquid vs Team Spirit,1,3068,0,302214028,Collapse,7119388,Team Spirit,core,108,Underlord,642.0,1365.0,1584.0,1326.0,286.0,704.0,0.0,936.0,423.0,147.0,0.0,1257.06,1583.34,0.0,0.0,0.0,0.0,14/08/2026
8944680063,1130320,Team Liquid vs Team Spirit,1,3068,0,201358612,Nisha,2163,Team Liquid,mid,107,Earth Spirit,963.0,390.0,1056.0,1006.0,52.0,0.0,0.0,468.0,705.0,588.0,0.0,1939.3,278.67,0.0,0.0,0.0,0.0,14/08/2026
8944680063,1130320,Team Liquid vs Team Spirit,1,3068,0,106305042,Larl,7119388,Team Spirit,mid,28,Slardar,749.0,780.0,1092.0,1122.0,78.0,352.0,117.0,234.0,1410.0,588.0,0.0,1647.18,579.65,0.0,1172.0,0.0,0.0,14/08/2026
8944680063,1130320,Team Liquid vs Team Spirit,1,3068,0,16497807,tOfu,2163,Team Liquid,support,123,Hoodwink,214.0,-390.0,366.0,600.0,39.0,0.0,1170.0,234.0,705.0,1617.0,586.0,1569.91,405.33,1934.0,0.0,0.0,0.0,14/08/2026
8944680063,1130320,Team Liquid vs Team Spirit,1,3068,0,77490514,Boxi,2163,Team Liquid,support,100,Tusk,428.0,-780.0,105.0,556.0,0.0,0.0,1521.0,0.0,141.0,1176.0,1465.0,1569.91,434.34,0.0,0.0,0.0,1406.0,14/08/2026
8944680063,1130320,Team Liquid vs Team Spirit,1,3068,0,847565596,rue,7119388,Team Spirit,support,3,Bane,214.0,390.0,120.0,726.0,0.0,0.0,702.0,468.0,846.0,2940.0,2344.0,1127.02,1293.01,0.0,0.0,0.0,703.0,14/08/2026
8944680063,1130320,Team Liquid vs Team Spirit,1,3068,0,218231587,not_me,7119388,Team Spirit,support,21,Windranger,321.0,975.0,492.0,862.0,26.0,352.0,1872.0,2106.0,987.0,441.0,293.0,1473.8,562.32,0.0,0.0,0.0,0.0,14/08/2026
8944752572,1130320,Team Liquid vs Team Spirit,2,2171,0,321580662,Yatoro,7119388,Team Spirit,core,48,Luna,428.0,780.0,1461.0,1238.0,286.0,352.0,117.0,468.0,141.0,441.0,0.0,1158.55,117.0,0.0,1172.0,0.0,0.0,14/08/2026
8944752572,1130320,Team Liquid vs Team Spirit,2,2171,0,302214028,Collapse,7119388,Team Spirit,core,55,Dark Seer,428.0,1170.0,984.0,1068.0,182.0,0.0,0.0,468.0,141.0,441.0,0.0,1351.64,110.33,0.0,0.0,0.0,0.0,14/08/2026
8944752572,1130320,Team Liquid vs Team Spirit,2,2171,0,97590558,Ace ♠,2163,Team Liquid,core,29,Tidehunter,749.0,1950.0,987.0,1284.0,39.0,352.0,0.0,234.0,0.0,294.0,0.0,1295.12,184.0,0.0,0.0,0.0,703.0,14/08/2026
8944752572,1130320,Team Liquid vs Team Spirit,2,2171,0,152962063,m1CKe,2163,Team Liquid,core,11,Shadow Fiend,1498.0,1755.0,1419.0,1674.0,260.0,2816.0,117.0,702.0,705.0,294.0,0.0,984.29,26.0,1934.0,1172.0,879.0,0.0,14/08/2026
8944752572,1130320,Team Liquid vs Team Spirit,2,2171,0,106305042,Larl,7119388,Team Spirit,mid,13,Puck,107.0,390.0,999.0,920.0,91.0,352.0,117.0,234.0,1128.0,882.0,0.0,772.36,31.33,0.0,0.0,0.0,0.0,14/08/2026
8944752572,1130320,Team Liquid vs Team Spirit,2,2171,0,201358612,Nisha,2163,Team Liquid,mid,106,Ember Spirit,963.0,1755.0,774.0,1250.0,130.0,352.0,117.0,0.0,2115.0,294.0,0.0,1398.73,700.64,0.0,0.0,0.0,0.0,14/08/2026
8944752572,1130320,Team Liquid vs Team Spirit,2,2171,0,847565596,rue,7119388,Team Spirit,support,112,Winter Wyvern,107.0,-195.0,81.0,476.0,0.0,0.0,585.0,702.0,282.0,882.0,879.0,1158.55,117.66,0.0,0.0,0.0,0.0,14/08/2026
8944752572,1130320,Team Liquid vs Team Spirit,2,2171,0,218231587,not_me,7119388,Team Spirit,support,86,Rubick,107.0,-390.0,120.0,500.0,13.0,0.0,1170.0,3042.0,0.0,441.0,1172.0,1737.82,249.34,0.0,1172.0,0.0,703.0,14/08/2026
8944752572,1130320,Team Liquid vs Team Spirit,2,2171,0,16497807,tOfu,2163,Team Liquid,support,123,Hoodwink,642.0,1170.0,330.0,828.0,104.0,0.0,1053.0,702.0,564.0,1323.0,586.0,1502.34,479.32,0.0,0.0,0.0,0.0,14/08/2026
8944752572,1130320,Team Liquid vs Team Spirit,2,2171,0,77490514,Boxi,2163,Team Liquid,support,100,Tusk,535.0,975.0,267.0,776.0,0.0,0.0,819.0,0.0,0.0,1029.0,1172.0,1087.9,317.35,0.0,0.0,879.0,0.0,14/08/2026
8944819470,1130320,Team Liquid vs Team Spirit,3,2954,1,97590558,Ace ♠,2163,Team Liquid,core,29,Tidehunter,107.0,780.0,1392.0,1046.0,143.0,0.0,0.0,702.0,0.0,441.0,0.0,868.91,252.33,0.0,0.0,0.0,0.0,14/08/2026
8944819470,1130320,Team Liquid vs Team Spirit,3,2954,1,152962063,m1CKe,2163,Team Liquid,core,67,Spectre,428.0,585.0,1581.0,1182.0,286.0,0.0,0.0,1170.0,282.0,294.0,0.0,1351.64,70.0,0.0,1172.0,0.0,0.0,14/08/2026
8944819470,1130320,Team Liquid vs Team Spirit,3,2954,1,321580662,Yatoro,7119388,Team Spirit,core,53,Nature's Prophet,1605.0,1170.0,2514.0,2022.0,455.0,2112.0,0.0,234.0,705.0,147.0,293.0,1676.84,26.33,1934.0,1172.0,1758.0,0.0,14/08/2026
8944819470,1130320,Team Liquid vs Team Spirit,3,2954,1,302214028,Collapse,7119388,Team Spirit,core,43,Death Prophet,749.0,1365.0,1293.0,1230.0,143.0,704.0,0.0,468.0,846.0,882.0,0.0,1397.37,220.67,0.0,1172.0,0.0,0.0,14/08/2026
8944819470,1130320,Team Liquid vs Team Spirit,3,2954,1,201358612,Nisha,2163,Team Liquid,mid,25,Lina,1284.0,1170.0,1776.0,1316.0,260.0,0.0,117.0,1170.0,1269.0,294.0,0.0,1930.91,356.02,0.0,0.0,0.0,0.0,14/08/2026
8944819470,1130320,Team Liquid vs Team Spirit,3,2954,1,106305042,Larl,7119388,Team Spirit,mid,107,Earth Spirit,749.0,1365.0,945.0,1092.0,104.0,0.0,117.0,468.0,2679.0,1029.0,0.0,1341.47,239.66,0.0,0.0,0.0,0.0,14/08/2026
8944819470,1130320,Team Liquid vs Team Spirit,3,2954,1,16497807,tOfu,2163,Team Liquid,support,30,Witch Doctor,428.0,0.0,153.0,668.0,26.0,0.0,1053.0,936.0,141.0,735.0,1465.0,1544.73,228.99,0.0,0.0,0.0,703.0,14/08/2026
8944819470,1130320,Team Liquid vs Team Spirit,3,2954,1,77490514,Boxi,2163,Team Liquid,support,51,Clockwerk,107.0,-195.0,108.0,510.0,26.0,0.0,1521.0,468.0,282.0,1176.0,879.0,1255.09,439.67,0.0,0.0,0.0,1406.0,14/08/2026
8944819470,1130320,Team Liquid vs Team Spirit,3,2954,1,847565596,rue,7119388,Team Spirit,support,100,Tusk,321.0,585.0,87.0,732.0,0.0,0.0,1170.0,0.0,423.0,1911.0,1172.0,1229.68,390.35,0.0,1172.0,0.0,703.0,14/08/2026
8944819470,1130320,Team Liquid vs Team Spirit,3,2954,1,218231587,not_me,7119388,Team Spirit,support,9,Mirana,642.0,975.0,462.0,790.0,78.0,0.0,1287.0,702.0,705.0,294.0,879.0,1062.0,491.91,0.0,0.0,0.0,0.0,14/08/2026
8944475950,1130281,Team Liquid vs Team Yandex,1,3147,0,171262902,医者watson`,9823272,Team Yandex,core,145,Kez,963.0,1365.0,2043.0,1614.0,325.0,1408.0,0.0,936.0,1128.0,588.0,0.0,1249.41,133.33,0.0,1172.0,0.0,0.0,14/08/2026
8944475950,1130281,Team Liquid vs Team Yandex,1,3147,0,56351509,DM,9823272,Team Yandex,core,69,Doom,535.0,780.0,1323.0,1324.0,234.0,0.0,0.0,702.0,705.0,294.0,0.0,999.53,211.35,0.0,0.0,0.0,0.0,14/08/2026
8944475950,1130281,Team Liquid vs Team Yandex,1,3147,0,97590558,Ace ♠,2163,Team Liquid,core,108,Underlord,535.0,780.0,1584.0,1094.0,273.0,0.0,0.0,936.0,0.0,588.0,0.0,1327.5,1677.66,0.0,0.0,0.0,0.0,14/08/2026
8944475950,1130281,Team Liquid vs Team Yandex,1,3147,0,152962063,m1CKe,2163,Team Liquid,core,21,Windranger,856.0,975.0,1833.0,1270.0,273.0,352.0,0.0,468.0,141.0,147.0,0.0,1593.0,437.67,0.0,0.0,879.0,0.0,14/08/2026
8944475950,1130281,Team Liquid vs Team Yandex,1,3147,0,312436974,CHIRA_JUNIOR,9823272,Team Yandex,mid,74,Invoker,963.0,1170.0,1449.0,1398.0,65.0,1408.0,234.0,234.0,423.0,147.0,0.0,1561.76,955.06,1934.0,0.0,0.0,0.0,14/08/2026
8944475950,1130281,Team Liquid vs Team Yandex,1,3147,0,201358612,Nisha,2163,Team Liquid,mid,107,Earth Spirit,856.0,195.0,1203.0,956.0,117.0,0.0,234.0,234.0,1269.0,294.0,0.0,1393.88,166.67,0.0,0.0,0.0,0.0,14/08/2026
8944475950,1130281,Team Liquid vs Team Yandex,1,3147,0,93817671,Maladych,9823272,Team Yandex,support,112,Winter Wyvern,535.0,-195.0,186.0,638.0,26.0,0.0,1053.0,936.0,846.0,735.0,1172.0,1124.47,267.66,0.0,1172.0,0.0,0.0,14/08/2026
8944475950,1130281,Team Liquid vs Team Yandex,1,3147,0,103735745,Saksa,9823272,Team Yandex,support,86,Rubick,535.0,390.0,708.0,1092.0,26.0,0.0,1404.0,1872.0,1269.0,1764.0,1465.0,1624.24,630.17,0.0,0.0,0.0,703.0,14/08/2026
8944475950,1130281,Team Liquid vs Team Yandex,1,3147,0,16497807,tOfu,2163,Team Liquid,support,123,Hoodwink,963.0,390.0,549.0,646.0,91.0,0.0,1053.0,1638.0,282.0,2058.0,1465.0,1460.25,428.33,0.0,0.0,0.0,703.0,14/08/2026
8944475950,1130281,Team Liquid vs Team Yandex,1,3147,0,77490514,Boxi,2163,Team Liquid,support,90,Keeper of the Light,214.0,780.0,696.0,852.0,26.0,0.0,1404.0,1872.0,846.0,441.0,879.0,1194.75,28.33,0.0,0.0,0.0,0.0,14/08/2026
8944525313,1130281,Team Liquid vs Team Yandex,2,2377,0,97590558,Ace ♠,2163,Team Liquid,core,77,Lycan,856.0,1950.0,945.0,1288.0,221.0,704.0,0.0,234.0,141.0,588.0,0.0,1517.14,66.67,0.0,0.0,879.0,703.0,14/08/2026
8944525313,1130281,Team Liquid vs Team Yandex,2,2377,0,152962063,m1CKe,2163,Team Liquid,core,114,Monkey King,1284.0,1365.0,1557.0,1814.0,208.0,1760.0,0.0,468.0,141.0,588.0,0.0,1567.71,402.99,0.0,1172.0,0.0,703.0,14/08/2026
8944525313,1130281,Team Liquid vs Team Yandex,2,2377,0,171262902,医者watson`,9823272,Team Yandex,core,89,Naga Siren,642.0,1365.0,1992.0,1668.0,390.0,704.0,117.0,936.0,423.0,147.0,0.0,1112.57,595.69,0.0,1172.0,0.0,1406.0,14/08/2026
8944525313,1130281,Team Liquid vs Team Yandex,2,2377,0,56351509,DM,9823272,Team Yandex,core,2,Axe,321.0,195.0,924.0,1090.0,104.0,0.0,0.0,468.0,423.0,441.0,0.0,1011.43,437.0,0.0,0.0,0.0,0.0,14/08/2026
8944525313,1130281,Team Liquid vs Team Yandex,2,2377,0,201358612,Nisha,2163,Team Liquid,mid,25,Lina,642.0,1170.0,1233.0,1460.0,221.0,352.0,234.0,468.0,1410.0,147.0,0.0,1112.57,887.04,0.0,1172.0,0.0,0.0,14/08/2026
8944525313,1130281,Team Liquid vs Team Yandex,2,2377,0,312436974,CHIRA_JUNIOR,9823272,Team Yandex,mid,74,Invoker,535.0,0.0,900.0,1028.0,156.0,0.0,117.0,1404.0,282.0,0.0,0.0,1314.86,597.04,0.0,0.0,0.0,0.0,14/08/2026
8944525313,1130281,Team Liquid vs Team Yandex,2,2377,0,16497807,tOfu,2163,Team Liquid,support,79,Shadow Demon,856.0,585.0,96.0,766.0,0.0,0.0,1053.0,702.0,141.0,882.0,1172.0,1365.43,325.99,0.0,0.0,0.0,0.0,14/08/2026
8944525313,1130281,Team Liquid vs Team Yandex,2,2377,0,77490514,Boxi,2163,Team Liquid,support,123,Hoodwink,856.0,585.0,204.0,764.0,13.0,0.0,819.0,0.0,0.0,735.0,879.0,1517.14,813.98,1934.0,0.0,0.0,0.0,14/08/2026
8944525313,1130281,Team Liquid vs Team Yandex,2,2377,0,93817671,Maladych,9823272,Team Yandex,support,3,Bane,321.0,-780.0,96.0,534.0,13.0,0.0,1053.0,936.0,282.0,1029.0,586.0,910.29,799.01,0.0,0.0,0.0,1406.0,14/08/2026
8944525313,1130281,Team Liquid vs Team Yandex,2,2377,0,103735745,Saksa,9823272,Team Yandex,support,9,Mirana,428.0,780.0,366.0,788.0,52.0,0.0,819.0,234.0,1410.0,1764.0,1465.0,1820.57,559.0,0.0,0.0,0.0,0.0,14/08/2026
8944570404,1130281,Team Liquid vs Team Yandex,3,2290,1,97590558,Ace ♠,2163,Team Liquid,core,29,Tidehunter,428.0,1755.0,927.0,1160.0,117.0,704.0,0.0,936.0,0.0,882.0,0.0,878.9,183.67,0.0,0.0,0.0,0.0,14/08/2026
8944570404,1130281,Team Liquid vs Team Yandex,3,2290,1,152962063,m1CKe,2163,Team Liquid,core,11,Shadow Fiend,1177.0,1560.0,1515.0,1660.0,416.0,2464.0,0.0,1404.0,423.0,441.0,0.0,1025.38,30.01,1934.0,1172.0,0.0,0.0,14/08/2026
8944570404,1130281,Team Liquid vs Team Yandex,3,2290,1,171262902,医者watson`,9823272,Team Yandex,core,80,Lone Druid,0.0,1365.0,1359.0,1082.0,117.0,0.0,0.0,936.0,423.0,0.0,0.0,637.2,391.0,0.0,1172.0,0.0,0.0,14/08/2026
8944570404,1130281,Team Liquid vs Team Yandex,3,2290,1,56351509,DM,9823272,Team Yandex,core,55,Dark Seer,428.0,780.0,1092.0,1156.0,143.0,0.0,0.0,468.0,423.0,294.0,0.0,1911.6,95.33,0.0,0.0,0.0,703.0,14/08/2026
8944570404,1130281,Team Liquid vs Team Yandex,3,2290,1,201358612,Nisha,2163,Team Liquid,mid,107,Earth Spirit,856.0,1755.0,948.0,1294.0,39.0,352.0,234.0,468.0,2256.0,147.0,0.0,1391.59,251.33,0.0,0.0,0.0,0.0,14/08/2026
8944570404,1130281,Team Liquid vs Team Yandex,3,2290,1,312436974,CHIRA_JUNIOR,9823272,Team Yandex,mid,137,Primal Beast,321.0,1170.0,957.0,966.0,104.0,0.0,234.0,234.0,705.0,441.0,0.0,1911.6,446.35,0.0,0.0,879.0,0.0,14/08/2026
8944570404,1130281,Team Liquid vs Team Yandex,3,2290,1,16497807,tOfu,2163,Team Liquid,support,123,Hoodwink,321.0,1170.0,300.0,726.0,26.0,0.0,819.0,468.0,282.0,2205.0,1172.0,1245.1,473.99,0.0,0.0,0.0,703.0,14/08/2026
8944570404,1130281,Team Liquid vs Team Yandex,3,2290,1,77490514,Boxi,2163,Team Liquid,support,21,Windranger,214.0,1560.0,165.0,650.0,0.0,0.0,1053.0,1404.0,423.0,882.0,879.0,1025.38,329.0,0.0,1172.0,879.0,0.0,14/08/2026
8944570404,1130281,Team Liquid vs Team Yandex,3,2290,1,93817671,Maladych,9823272,Team Yandex,support,64,Jakiro,321.0,195.0,189.0,588.0,13.0,0.0,819.0,234.0,423.0,588.0,293.0,1274.4,204.67,0.0,0.0,0.0,703.0,14/08/2026
8944570404,1130281,Team Liquid vs Team Yandex,3,2290,1,103735745,Saksa,9823272,Team Yandex,support,90,Keeper of the Light,0.0,585.0,459.0,708.0,65.0,0.0,819.0,2106.0,141.0,1764.0,1172.0,1274.4,25.0,0.0,0.0,0.0,0.0,14/08/2026
8943091110,1130045,Team Liquid vs Vici Gaming,1,3610,0,97590558,Ace ♠,2163,Team Liquid,core,108,Underlord,428.0,975.0,2058.0,1394.0,325.0,0.0,0.0,1638.0,282.0,882.0,0.0,1579.38,2899.99,0.0,0.0,0.0,0.0,13/08/2026
8943091110,1130045,Team Liquid vs Vici Gaming,1,3610,0,152962063,m1CKe,2163,Team Liquid,core,145,Kez,2033.0,1170.0,2034.0,1648.0,130.0,1056.0,0.0,936.0,705.0,1176.0,0.0,1742.77,273.0,0.0,2344.0,2637.0,0.0,13/08/2026
8943091110,1130045,Team Liquid vs Vici Gaming,1,3610,0,320252024,shiro,726228,Vici Gaming,core,21,Windranger,1391.0,1560.0,2301.0,1554.0,273.0,1408.0,0.0,234.0,705.0,147.0,0.0,1614.24,270.99,0.0,1172.0,879.0,0.0,13/08/2026
8943091110,1130045,Team Liquid vs Vici Gaming,1,3610,0,118134220,Bach,726228,Vici Gaming,core,47,Viper,749.0,780.0,1326.0,1064.0,117.0,704.0,0.0,468.0,0.0,147.0,0.0,1104.48,0.0,0.0,1172.0,0.0,0.0,13/08/2026
8943091110,1130045,Team Liquid vs Vici Gaming,1,3610,0,201358612,Nisha,2163,Team Liquid,mid,25,Lina,1391.0,975.0,2274.0,1590.0,260.0,1056.0,117.0,2808.0,2820.0,294.0,0.0,1633.85,970.36,0.0,0.0,0.0,0.0,13/08/2026
8943091110,1130045,Team Liquid vs Vici Gaming,1,3610,0,137129583,Xm,726228,Vici Gaming,mid,107,Earth Spirit,214.0,-195.0,1302.0,996.0,104.0,0.0,234.0,234.0,705.0,1323.0,0.0,1444.32,145.66,0.0,0.0,0.0,0.0,13/08/2026
8943091110,1130045,Team Liquid vs Vici Gaming,1,3610,0,16497807,tOfu,2163,Team Liquid,support,112,Winter Wyvern,214.0,1170.0,285.0,650.0,52.0,0.0,1521.0,468.0,705.0,1029.0,2051.0,1143.69,377.83,0.0,0.0,0.0,703.0,13/08/2026
8943091110,1130045,Team Liquid vs Vici Gaming,1,3610,0,77490514,Boxi,2163,Team Liquid,support,51,Clockwerk,107.0,585.0,162.0,706.0,0.0,352.0,1638.0,468.0,1692.0,1617.0,586.0,1688.31,974.36,1934.0,0.0,0.0,2109.0,13/08/2026
8943091110,1130045,Team Liquid vs Vici Gaming,1,3610,0,157475523,XinQ,726228,Vici Gaming,support,91,Io,107.0,780.0,843.0,746.0,234.0,0.0,351.0,234.0,282.0,1029.0,0.0,1529.28,0.0,0.0,0.0,0.0,0.0,13/08/2026
8943091110,1130045,Team Liquid vs Vici Gaming,1,3610,0,111114687,y`,726228,Vici Gaming,support,100,Tusk,214.0,-780.0,168.0,588.0,0.0,0.0,2691.0,468.0,705.0,1470.0,2930.0,1019.52,306.68,0.0,0.0,0.0,0.0,13/08/2026
8943148045,1130045,Team Liquid vs Vici Gaming,2,2286,0,320252024,shiro,726228,Vici Gaming,core,80,Lone Druid,107.0,1365.0,1425.0,1122.0,286.0,352.0,0.0,234.0,0.0,0.0,0.0,708.0,341.01,0.0,1172.0,0.0,703.0,13/08/2026
8943148045,1130045,Team Liquid vs Vici Gaming,2,2286,0,118134220,Bach,726228,Vici Gaming,core,78,Brewmaster,0.0,1170.0,771.0,886.0,65.0,0.0,117.0,468.0,141.0,294.0,0.0,1416.0,599.66,0.0,0.0,0.0,0.0,13/08/2026
8943148045,1130045,Team Liquid vs Vici Gaming,2,2286,0,97590558,Ace ♠,2163,Team Liquid,core,28,Slardar,749.0,1560.0,921.0,1216.0,65.0,704.0,0.0,468.0,0.0,588.0,0.0,1189.44,373.66,0.0,0.0,0.0,0.0,13/08/2026
8943148045,1130045,Team Liquid vs Vici Gaming,2,2286,0,152962063,m1CKe,2163,Team Liquid,core,18,Sven,535.0,1950.0,1749.0,1616.0,429.0,1760.0,117.0,1170.0,846.0,0.0,0.0,764.64,295.67,0.0,1172.0,1758.0,703.0,13/08/2026
8943148045,1130045,Team Liquid vs Vici Gaming,2,2286,0,137129583,Xm,726228,Vici Gaming,mid,13,Puck,214.0,1365.0,1149.0,1026.0,130.0,0.0,234.0,468.0,987.0,147.0,0.0,2124.0,161.67,0.0,0.0,0.0,0.0,13/08/2026
8943148045,1130045,Team Liquid vs Vici Gaming,2,2286,0,201358612,Nisha,2163,Team Liquid,mid,106,Ember Spirit,428.0,1950.0,807.0,1084.0,104.0,352.0,234.0,468.0,2397.0,147.0,0.0,1189.44,678.65,0.0,0.0,0.0,703.0,13/08/2026
8943148045,1130045,Team Liquid vs Vici Gaming,2,2286,0,157475523,XinQ,726228,Vici Gaming,support,119,Dark Willow,107.0,585.0,135.0,448.0,0.0,0.0,468.0,702.0,282.0,588.0,1465.0,708.0,1013.0,0.0,0.0,0.0,0.0,13/08/2026
8943148045,1130045,Team Liquid vs Vici Gaming,2,2286,0,111114687,y`,726228,Vici Gaming,support,103,Elder Titan,214.0,390.0,84.0,510.0,13.0,0.0,1170.0,234.0,141.0,1029.0,586.0,1416.0,1029.34,0.0,0.0,0.0,0.0,13/08/2026
8943148045,1130045,Team Liquid vs Vici Gaming,2,2286,0,16497807,tOfu,2163,Team Liquid,support,112,Winter Wyvern,321.0,1365.0,126.0,680.0,13.0,0.0,1053.0,936.0,282.0,735.0,1172.0,1274.4,-51.83,0.0,0.0,0.0,703.0,13/08/2026
8943148045,1130045,Team Liquid vs Vici Gaming,2,2286,0,77490514,Boxi,2163,Team Liquid,support,21,Windranger,535.0,1755.0,201.0,730.0,0.0,352.0,702.0,936.0,141.0,1911.0,586.0,1529.28,158.0,1934.0,1172.0,0.0,0.0,13/08/2026
8943143428,1130051,Team Spirit vs Xtreme Gaming,1,3054,0,321580662,Yatoro,7119388,Team Spirit,core,6,Drow Ranger,642.0,1170.0,2157.0,1686.0,351.0,2112.0,117.0,936.0,423.0,147.0,0.0,973.5,0.0,0.0,2344.0,879.0,0.0,13/08/2026
8943143428,1130051,Team Spirit vs Xtreme Gaming,1,3054,0,302214028,Collapse,7119388,Team Spirit,core,60,Night Stalker,535.0,975.0,999.0,1042.0,78.0,0.0,0.0,234.0,564.0,441.0,0.0,1460.25,212.32,0.0,0.0,0.0,0.0,13/08/2026
8943143428,1130051,Team Spirit vs Xtreme Gaming,1,3054,0,898754153,Ame,8261500,Xtreme Gaming,core,67,Spectre,749.0,195.0,1431.0,1238.0,143.0,0.0,0.0,702.0,423.0,294.0,0.0,1470.46,41.66,0.0,0.0,0.0,0.0,13/08/2026
8943143428,1130051,Team Spirit vs Xtreme Gaming,1,3054,0,129958758,Xxs,8261500,Xtreme Gaming,core,55,Dark Seer,749.0,390.0,1191.0,1086.0,325.0,704.0,0.0,468.0,423.0,441.0,0.0,1633.85,236.32,0.0,0.0,0.0,0.0,13/08/2026
8943143428,1130051,Team Spirit vs Xtreme Gaming,1,3054,0,106305042,Larl,7119388,Team Spirit,mid,17,Storm Spirit,2354.0,1755.0,1407.0,1410.0,247.0,704.0,234.0,234.0,2679.0,735.0,0.0,1725.75,388.33,0.0,0.0,0.0,0.0,13/08/2026
8943143428,1130051,Team Spirit vs Xtreme Gaming,1,3054,0,173978074,NothingToSay,8261500,Xtreme Gaming,mid,34,Tinker,749.0,585.0,1602.0,1306.0,286.0,0.0,0.0,2340.0,987.0,294.0,293.0,1470.46,285.66,0.0,1172.0,879.0,0.0,13/08/2026
8943143428,1130051,Team Spirit vs Xtreme Gaming,1,3054,0,847565596,rue,7119388,Team Spirit,support,85,Undying,642.0,195.0,201.0,754.0,26.0,0.0,936.0,0.0,141.0,2646.0,879.0,1548.75,0.0,0.0,0.0,0.0,1406.0,13/08/2026
8943143428,1130051,Team Spirit vs Xtreme Gaming,1,3054,0,218231587,not_me,7119388,Team Spirit,support,119,Dark Willow,963.0,585.0,213.0,772.0,0.0,0.0,1404.0,936.0,282.0,735.0,1758.0,1593.0,2952.66,1934.0,0.0,0.0,703.0,13/08/2026
8943143428,1130051,Team Spirit vs Xtreme Gaming,1,3054,0,101695162,fy,8261500,Xtreme Gaming,support,71,Spirit Breaker,107.0,-390.0,249.0,604.0,0.0,0.0,1170.0,468.0,846.0,2499.0,1465.0,1633.85,615.33,0.0,0.0,0.0,703.0,13/08/2026
8943143428,1130051,Team Spirit vs Xtreme Gaming,1,3054,0,94296097,xNova,8261500,Xtreme Gaming,support,112,Winter Wyvern,321.0,-390.0,156.0,574.0,0.0,0.0,1638.0,702.0,423.0,1470.0,879.0,980.31,121.0,0.0,0.0,0.0,0.0,13/08/2026
8943200897,1130051,Team Spirit vs Xtreme Gaming,2,2908,0,898754153,Ame,8261500,Xtreme Gaming,core,12,Phantom Lancer,428.0,1365.0,2193.0,1518.0,208.0,352.0,0.0,702.0,987.0,441.0,0.0,865.33,0.0,0.0,2344.0,0.0,0.0,13/08/2026
8943200897,1130051,Team Spirit vs Xtreme Gaming,2,2908,0,129958758,Xxs,8261500,Xtreme Gaming,core,135,Dawnbreaker,749.0,975.0,1557.0,1220.0,234.0,352.0,0.0,1404.0,0.0,735.0,0.0,1258.67,224.66,0.0,1172.0,0.0,0.0,13/08/2026
8943200897,1130051,Team Spirit vs Xtreme Gaming,2,2908,0,321580662,Yatoro,7119388,Team Spirit,core,6,Drow Ranger,749.0,1755.0,2064.0,1700.0,338.0,2112.0,117.0,1170.0,1410.0,588.0,0.0,1699.2,0.0,0.0,0.0,2637.0,0.0,13/08/2026
8943200897,1130051,Team Spirit vs Xtreme Gaming,2,2908,0,302214028,Collapse,7119388,Team Spirit,core,108,Underlord,535.0,1365.0,1548.0,1412.0,221.0,352.0,0.0,702.0,282.0,441.0,0.0,1614.24,4348.77,0.0,0.0,0.0,0.0,13/08/2026
8943200897,1130051,Team Spirit vs Xtreme Gaming,2,2908,0,173978074,NothingToSay,8261500,Xtreme Gaming,mid,106,Ember Spirit,1284.0,1560.0,1209.0,1154.0,208.0,352.0,117.0,0.0,1551.0,882.0,0.0,1573.33,631.01,0.0,0.0,0.0,0.0,13/08/2026
8943200897,1130051,Team Spirit vs Xtreme Gaming,2,2908,0,106305042,Larl,7119388,Team Spirit,mid,91,Io,428.0,1170.0,1287.0,1208.0,221.0,0.0,117.0,468.0,1269.0,441.0,0.0,1444.32,94.33,0.0,1172.0,0.0,0.0,13/08/2026
8943200897,1130051,Team Spirit vs Xtreme Gaming,2,2908,0,101695162,fy,8261500,Xtreme Gaming,support,119,Dark Willow,107.0,195.0,162.0,494.0,13.0,0.0,468.0,1638.0,423.0,882.0,586.0,944.0,1747.35,0.0,0.0,0.0,0.0,13/08/2026
8943200897,1130051,Team Spirit vs Xtreme Gaming,2,2908,0,94296097,xNova,8261500,Xtreme Gaming,support,112,Winter Wyvern,214.0,780.0,237.0,572.0,13.0,0.0,1872.0,468.0,282.0,1911.0,1172.0,786.67,135.66,0.0,0.0,0.0,0.0,13/08/2026
8943200897,1130051,Team Spirit vs Xtreme Gaming,2,2908,0,847565596,rue,7119388,Team Spirit,support,51,Clockwerk,321.0,-390.0,60.0,614.0,0.0,0.0,1287.0,234.0,282.0,2058.0,879.0,1359.36,1199.65,0.0,0.0,0.0,703.0,13/08/2026
8943200897,1130051,Team Spirit vs Xtreme Gaming,2,2908,0,218231587,not_me,7119388,Team Spirit,support,86,Rubick,642.0,585.0,321.0,786.0,13.0,0.0,1170.0,1170.0,141.0,735.0,1465.0,1359.36,368.98,1934.0,0.0,0.0,0.0,13/08/2026
