matchID,seriesID,Versus,Game_number,gametime,first_blood_time,isLastGame,playerID,playerName,teamID,teamName,position,heroID,heroName,is_crimson,is_cerulean,is_emerald,is_royal,is_golden,is_elemental,is_otherworld,is_heroic,kills,deaths,creep_score,gpm,madstone_collected,tower_kills,obs_placed,camps_stacked,runes_grabbed,watchers_taken,smokes_used,teamfight_participation,stuns,firstblood_claimed,roshan_kills,tormentor_kills,tormentor_deaths,courier_kills,win,date
8942993144,1130024,Team Falcons vs LGD Gaming,1,2446,81,0,10366616,Sneyking,9247354,Team Falcons,support,5,Crystal Maiden,0,1,0,0,0,1,0,1,3,6,120,383,5,0,10,7,2,10,4,0.90909094,95.466675,0,0,0,0,0,0,13/08/2026
8942993144,1130024,Team Falcons vs LGD Gaming,1,2446,81,0,100058342,skiter,9247354,Team Falcons,core,73,Alchemist,0,0,0,0,1,0,0,0,6,5,413,710,31,0,2,6,5,4,0,0.5,98.80231,1,0,0,0,0,0,13/08/2026
8942993144,1130024,Team Falcons vs LGD Gaming,1,2446,81,0,898455820,Malr1ne,9247354,Team Falcons,mid,59,Huskar,0,1,0,0,0,1,1,0,7,5,382,579,10,5,2,1,0,2,0,0.54545456,2.333252,0,2,1,0,0,0,13/08/2026
8942993144,1130024,Team Falcons vs LGD Gaming,1,2446,81,0,183719386,AMMAR_THE_F,9247354,Team Falcons,core,129,Mars,1,0,0,0,0,0,0,0,3,8,284,469,9,0,0,4,4,3,0,0.59090906,83.033905,0,0,0,0,1,0,13/08/2026
8942993144,1130024,Team Falcons vs LGD Gaming,1,2446,81,0,25907144,Cr1t-,9247354,Team Falcons,support,79,Shadow Demon,1,0,0,0,0,0,1,1,3,12,53,292,1,0,3,7,3,4,3,0.72727275,28.033447,0,0,0,0,1,0,13/08/2026
8942993144,1130024,Team Falcons vs LGD Gaming,1,2446,81,0,177203952,Yuma,10150538,LGD Gaming,core,12,Phantom Lancer,0,1,0,0,0,0,0,0,15,2,498,858,16,6,0,1,4,1,0,0.6388889,0,0,1,0,0,1,1,13/08/2026
8942993144,1130024,Team Falcons vs LGD Gaming,1,2446,81,0,94054712,Topson,10150538,LGD Gaming,mid,21,Windranger,0,0,1,0,0,0,0,1,7,3,323,619,11,2,1,1,13,1,0,0.5555556,44.83218,0,0,0,0,0,1,13/08/2026
8942993144,1130024,Team Falcons vs LGD Gaming,1,2446,81,0,292921272,Wisper,10150538,LGD Gaming,core,128,Snapfire,1,0,0,0,0,0,0,0,6,4,500,763,24,1,0,10,4,13,0,0.5833333,34.4673,0,0,0,0,0,1,13/08/2026
8942993144,1130024,Team Falcons vs LGD Gaming,1,2446,81,0,105045291,Thiolicor,10150538,LGD Gaming,support,100,Tusk,0,0,0,0,0,1,0,0,4,7,50,391,1,0,9,3,5,13,5,0.5833333,39.867413,0,0,1,0,2,1,13/08/2026
8942993144,1130024,Team Falcons vs LGD Gaming,1,2446,81,0,81306398,KingJungles,10150538,LGD Gaming,support,123,Hoodwink,0,0,1,0,0,0,0,0,4,6,55,354,4,0,9,6,2,6,1,0.5277778,38.86593,0,0,0,0,1,1,13/08/2026
8943000927,1130028,Nigma Galaxy  vs Iron Wing,1,1649,41,0,111620041,SumaiL-,10136357,Nigma Galaxy ,core,54,Lifestealer,0,0,0,0,0,0,1,0,0,3,310,515,8,0,0,2,2,3,0,0,0,0,0,0,0,0,0,13/08/2026
8943000927,1130028,Nigma Galaxy  vs Iron Wing,1,1649,41,0,152168157,OmaR,10136357,Nigma Galaxy ,support,51,Clockwerk,1,0,0,0,0,0,0,1,0,7,49,239,0,0,8,0,4,7,3,1,28.065605,0,0,0,0,1,0,13/08/2026
8943000927,1130028,Nigma Galaxy  vs Iron Wing,1,1649,41,0,138880576,Davai,10136357,Nigma Galaxy ,core,28,Slardar,0,0,0,1,0,1,0,0,1,7,177,351,7,0,0,0,1,0,0,0.5,21.099558,0,0,0,0,0,0,13/08/2026
8943000927,1130028,Nigma Galaxy  vs Iron Wing,1,1649,41,0,101356886,GH,10136357,Nigma Galaxy ,support,9,Mirana,0,1,0,0,0,0,0,0,0,6,51,244,0,0,4,7,1,5,2,0.25,18.466705,0,0,0,0,0,0,13/08/2026
8943000927,1130028,Nigma Galaxy  vs Iron Wing,1,1649,41,0,210053851,lorenof,10136357,Nigma Galaxy ,mid,59,Huskar,0,1,0,0,0,1,1,0,3,7,247,441,18,1,2,1,2,0,0,0.75,0,0,0,0,0,0,0,13/08/2026
8943000927,1130028,Nigma Galaxy  vs Iron Wing,1,1649,41,0,86698277,33,10150413,Iron Wing,core,96,Centaur Warrunner,0,0,0,0,1,0,0,0,4,0,262,622,10,0,0,2,1,0,0,0.53333336,25.667484,1,0,0,0,0,1,13/08/2026
8943000927,1130028,Nigma Galaxy  vs Iron Wing,1,1649,41,0,346412363,Ari,10150413,Iron Wing,support,123,Hoodwink,0,0,1,0,0,0,0,0,7,0,46,358,0,0,2,8,2,3,1,0.73333335,17.533228,0,0,0,0,1,1,13/08/2026
8943000927,1130028,Nigma Galaxy  vs Iron Wing,1,1649,41,0,136829091,Whitemon,10150413,Iron Wing,support,85,Undying,0,0,1,0,0,0,1,0,7,4,71,417,2,0,10,4,1,9,4,0.73333335,0,0,0,0,0,0,1,13/08/2026
8943000927,1130028,Nigma Galaxy  vs Iron Wing,1,1649,41,0,93618577,bzm,10150413,Iron Wing,mid,7,Earthshaker,0,0,0,0,1,0,0,0,4,1,185,557,5,0,2,2,13,4,0,0.76666665,65.59972,0,0,0,0,0,1,13/08/2026
8943000927,1130028,Nigma Galaxy  vs Iron Wing,1,1649,41,0,331855530,Pure,10150413,Iron Wing,core,10,Morphling,0,1,0,0,0,1,0,0,8,0,345,778,13,7,0,4,2,1,0,0.6333333,9.733192,0,1,0,0,1,1,13/08/2026
8943010675,1130027,Team Resilience vs TEAM VISION,1,2517,2,0,170896543,YSR-04E,5017210,Team Resilience,core,67,Spectre,0,0,0,1,0,0,1,0,7,8,403,561,28,0,0,0,3,0,0,0.6363636,0,0,0,0,0,0,0,13/08/2026
8943010675,1130027,Team Resilience vs TEAM VISION,1,2517,2,0,315272623,Echozz,5017210,Team Resilience,mid,107,Earth Spirit,0,0,1,0,0,0,1,0,5,4,255,449,9,1,3,2,13,2,0,0.77272725,19.066542,0,0,0,0,0,0,13/08/2026
8943010675,1130027,Team Resilience vs TEAM VISION,1,2517,2,0,145957968,niu,5017210,Team Resilience,core,2,Axe,1,0,0,0,0,0,0,0,8,9,251,425,9,0,0,3,0,2,0,0.59090906,55.533028,1,0,0,0,0,0,13/08/2026
8943010675,1130027,Team Resilience vs TEAM VISION,1,2517,2,0,150961567,planet,5017210,Team Resilience,support,86,Rubick,0,0,1,0,1,0,0,1,1,7,86,314,2,0,8,7,1,9,2,0.6818182,39.73252,0,0,0,0,0,0,13/08/2026
8943010675,1130027,Team Resilience vs TEAM VISION,1,2517,2,0,249835593,zzq,5017210,Team Resilience,support,112,Winter Wyvern,0,1,0,0,0,1,0,0,1,9,27,243,1,0,9,1,2,3,6,0.59090906,18.591028,0,0,0,0,1,0,13/08/2026
8943010675,1130027,Team Resilience vs TEAM VISION,1,2517,2,0,1044002267,Satanic,9572001,TEAM VISION,core,19,Tiny,0,0,0,0,1,0,0,0,16,1,596,853,21,3,0,3,7,2,0,0.7297297,42.399895,0,0,0,0,0,1,13/08/2026
8943010675,1130027,Team Resilience vs TEAM VISION,1,2517,2,0,195108598,Noticed,9572001,TEAM VISION,core,96,Centaur Warrunner,0,0,0,0,1,0,0,0,4,3,440,665,15,2,0,0,3,0,0,0.6486486,61.53472,0,0,0,0,0,1,13/08/2026
8943010675,1130027,Team Resilience vs TEAM VISION,1,2517,2,0,106573901,No[o]ne-,9572001,TEAM VISION,mid,25,Lina,1,0,0,0,0,1,0,0,4,4,466,655,18,1,2,2,10,2,0,0.6216216,39.569828,0,0,1,0,0,1,13/08/2026
8943010675,1130027,Team Resilience vs TEAM VISION,1,2517,2,0,164199202,9Class,9572001,TEAM VISION,support,119,Dark Willow,0,0,1,1,0,0,0,0,6,7,81,387,2,1,5,5,4,13,1,0.6216216,150.3255,0,1,0,0,0,1,13/08/2026
8943010675,1130027,Team Resilience vs TEAM VISION,1,2517,2,0,73401082,Dukalis,9572001,TEAM VISION,support,9,Mirana,0,1,0,0,0,0,0,0,6,7,96,426,2,0,12,1,1,5,4,0.6486486,33.833237,0,1,0,0,0,1,13/08/2026
8943013334,1130032,BoomBoys vs OG,1,2722,47,0,172099728,Kiritych~,8255888,BoomBoys,core,80,Lone Druid,0,0,0,0,1,0,0,0,6,0,680,856,23,7,0,7,8,2,0,0.6363636,43.701237,1,1,0,0,0,1,13/08/2026
8943013334,1130032,BoomBoys vs OG,1,2722,47,0,480412663,gpk~,8255888,BoomBoys,mid,106,Ember Spirit,1,0,0,0,0,1,1,0,8,2,562,736,13,0,2,2,11,0,0,0.72727275,71.034195,0,1,0,0,0,1,13/08/2026
8943013334,1130032,BoomBoys vs OG,1,2722,47,0,165564598,MieRo,8255888,BoomBoys,core,104,Legion Commander,1,0,0,0,0,0,0,0,4,4,345,536,22,1,0,3,1,4,0,0.54545456,37.966827,0,0,0,0,0,1,13/08/2026
8943013334,1130032,BoomBoys vs OG,1,2722,47,0,317880638,Save-,8255888,BoomBoys,support,21,Windranger,0,0,1,0,0,0,0,1,2,4,92,350,0,0,4,6,3,4,5,0.6818182,42.899952,0,0,0,0,3,1,13/08/2026
8943013334,1130032,BoomBoys vs OG,1,2722,47,0,196878136,Kataomi`,8255888,BoomBoys,support,85,Undying,0,0,1,0,0,0,1,0,2,3,59,314,1,0,16,3,3,14,2,0.5,0,0,0,0,0,0,1,13/08/2026
8943013334,1130032,BoomBoys vs OG,1,2722,47,0,324277900,Yopaj-,2586976,OG,mid,25,Lina,1,0,0,0,0,1,0,0,7,4,473,568,23,0,2,3,6,1,0,0.7692308,38.868446,0,0,0,0,0,0,13/08/2026
8943013334,1130032,BoomBoys vs OG,1,2722,47,0,155494381,TIMS,2586976,OG,support,123,Hoodwink,0,0,1,0,0,0,0,0,0,6,90,275,2,0,7,3,7,12,2,0.6923077,74.23233,0,0,0,0,0,0,13/08/2026
8943013334,1130032,BoomBoys vs OG,1,2722,47,0,132309493,Raven,2586976,OG,core,33,Enigma,0,0,0,1,0,0,0,0,0,4,327,475,7,2,0,1,0,2,0,0.61538464,33.499836,0,0,0,0,0,0,13/08/2026
8943013334,1130032,BoomBoys vs OG,1,2722,47,0,100594231,skem,2586976,OG,support,9,Mirana,0,1,0,0,0,0,0,0,2,4,139,339,4,0,12,3,5,6,6,0.6923077,56.100048,0,0,0,0,1,0,13/08/2026
8943013334,1130032,BoomBoys vs OG,1,2722,47,0,355168766,Natsumi,2586976,OG,core,145,Kez,0,1,0,0,0,0,0,0,4,4,450,539,23,0,0,2,3,2,0,0.53846157,8.033155,0,0,1,0,0,0,13/08/2026
8943034557,1130024,Team Falcons vs LGD Gaming,2,2256,158,0,10366616,Sneyking,9247354,Team Falcons,support,9,Mirana,0,1,0,0,0,0,0,0,5,1,142,449,7,1,10,5,0,10,5,0.6896552,24.233143,1,0,1,0,2,1,13/08/2026
8943034557,1130024,Team Falcons vs LGD Gaming,2,2256,158,0,100058342,skiter,9247354,Team Falcons,core,19,Tiny,0,0,0,0,1,0,0,0,8,1,374,705,16,7,1,1,5,3,0,0.6896552,31.89975,0,0,1,0,0,1,13/08/2026
8943034557,1130024,Team Falcons vs LGD Gaming,2,2256,158,0,898455820,Malr1ne,9247354,Team Falcons,mid,120,Pangolier,1,0,0,0,0,0,0,0,10,1,354,711,6,2,1,1,8,2,0,0.6551724,26.518942,0,0,0,0,0,1,13/08/2026
8943034557,1130024,Team Falcons vs LGD Gaming,2,2256,158,0,183719386,AMMAR_THE_F,9247354,Team Falcons,core,36,Necrophos,0,0,1,0,0,0,1,0,4,4,485,753,24,0,0,3,3,3,0,0.37931034,7.5664062,0,1,0,0,0,1,13/08/2026
8943034557,1130024,Team Falcons vs LGD Gaming,2,2256,158,0,25907144,Cr1t-,9247354,Team Falcons,support,79,Shadow Demon,1,0,0,0,0,0,1,1,1,2,62,374,0,0,6,10,1,4,1,0.5862069,27.66632,0,1,0,0,1,1,13/08/2026
8943034557,1130024,Team Falcons vs LGD Gaming,2,2256,158,0,177203952,Yuma,10150538,LGD Gaming,core,25,Lina,1,0,0,0,0,1,0,0,3,3,454,577,22,0,0,4,3,1,0,0.7777778,27.234211,0,0,0,0,0,0,13/08/2026
8943034557,1130024,Team Falcons vs LGD Gaming,2,2256,158,0,94054712,Topson,10150538,LGD Gaming,mid,72,Gyrocopter,0,0,0,0,1,0,0,1,1,5,316,468,15,0,2,0,8,0,0,0.5555556,36.233055,0,0,0,0,0,0,13/08/2026
8943034557,1130024,Team Falcons vs LGD Gaming,2,2256,158,0,292921272,Wisper,10150538,LGD Gaming,core,55,Dark Seer,0,0,0,1,0,0,0,0,3,5,440,682,18,2,0,6,3,5,0,0.44444445,9.599761,0,0,0,0,1,0,13/08/2026
8943034557,1130024,Team Falcons vs LGD Gaming,2,2256,158,0,105045291,Thiolicor,10150538,LGD Gaming,support,71,Spirit Breaker,0,1,0,0,0,0,0,0,2,7,57,278,3,0,5,4,4,13,1,0.7777778,35.800034,0,0,0,0,1,0,13/08/2026
8943034557,1130024,Team Falcons vs LGD Gaming,2,2256,158,0,81306398,KingJungles,10150538,LGD Gaming,support,51,Clockwerk,1,0,0,0,0,0,0,1,0,9,35,254,1,0,9,5,5,6,3,0.6666667,25.60023,0,0,0,0,2,0,13/08/2026
8943038404,1130028,Nigma Galaxy  vs Iron Wing,2,3264,6,0,111620041,SumaiL-,10136357,Nigma Galaxy ,core,36,Necrophos,0,0,1,0,0,0,1,0,8,7,809,848,33,1,0,3,1,3,0,0.85,12.099586,0,1,0,0,0,0,13/08/2026
8943038404,1130028,Nigma Galaxy  vs Iron Wing,2,3264,6,0,152168157,OmaR,10136357,Nigma Galaxy ,support,27,Shadow Shaman,0,0,0,0,1,0,0,1,3,20,88,290,0,0,14,1,1,8,4,0.6,97.26657,0,0,0,0,2,0,13/08/2026
8943038404,1130028,Nigma Galaxy  vs Iron Wing,2,3264,6,0,138880576,Davai,10136357,Nigma Galaxy ,core,155,Largo,0,0,1,0,1,0,0,0,3,13,403,531,8,1,0,6,0,2,0,0.55,9.265454,0,0,0,0,0,0,13/08/2026
8943038404,1130028,Nigma Galaxy  vs Iron Wing,2,3264,6,0,101356886,GH,10136357,Nigma Galaxy ,support,3,Bane,0,0,0,1,0,0,0,0,1,11,17,247,0,0,10,0,2,13,4,0.8,56.10132,0,0,0,0,0,0,13/08/2026
8943038404,1130028,Nigma Galaxy  vs Iron Wing,2,3264,6,0,210053851,lorenof,10136357,Nigma Galaxy ,mid,17,Storm Spirit,0,1,0,0,0,0,1,0,5,5,566,639,19,1,2,1,9,0,0,0.65,31.999584,0,0,0,0,1,0,13/08/2026
8943038404,1130028,Nigma Galaxy  vs Iron Wing,2,3264,6,0,86698277,33,10150413,Iron Wing,core,77,Lycan,1,0,0,0,0,0,0,0,12,3,563,787,30,7,1,1,5,0,0,0.71428573,3.0002441,1,1,1,0,0,1,13/08/2026
8943038404,1130028,Nigma Galaxy  vs Iron Wing,2,3264,6,0,346412363,Ari,10150413,Iron Wing,support,123,Hoodwink,0,0,1,0,0,0,0,0,9,3,166,432,4,0,6,5,7,8,5,0.75,80.864845,0,0,0,0,0,1,13/08/2026
8943038404,1130028,Nigma Galaxy  vs Iron Wing,2,3264,6,0,136829091,Whitemon,10150413,Iron Wing,support,131,Ringmaster,1,0,0,0,1,0,0,0,3,7,23,333,0,0,17,4,4,18,4,0.73214287,84.80233,0,0,0,0,0,1,13/08/2026
8943038404,1130028,Nigma Galaxy  vs Iron Wing,2,3264,6,0,93618577,bzm,10150413,Iron Wing,mid,107,Earth Spirit,0,0,1,0,0,0,1,0,14,2,378,661,3,0,1,1,19,3,0,0.78571427,23.820814,0,0,0,0,0,1,13/08/2026
8943038404,1130028,Nigma Galaxy  vs Iron Wing,2,3264,6,0,331855530,Pure,10150413,Iron Wing,core,145,Kez,0,1,0,0,0,0,0,0,18,5,663,819,18,2,0,7,6,1,0,0.75,17.965893,0,2,0,0,2,1,13/08/2026
8943053016,1130027,TEAM VISION vs Team Resilience,2,2898,199,0,1044002267,Satanic,9572001,TEAM VISION,core,11,Shadow Fiend,1,0,0,0,0,0,1,0,17,5,579,759,27,3,0,1,5,3,0,0.575,0.6665529,1,2,0,0,0,0,13/08/2026
8943053016,1130027,TEAM VISION vs Team Resilience,2,2898,199,0,195108598,Noticed,9572001,TEAM VISION,core,77,Lycan,1,0,0,0,0,0,0,0,6,3,487,626,17,1,0,2,3,4,0,0.625,7.7330074,0,1,0,0,0,0,13/08/2026
8943053016,1130027,TEAM VISION vs Team Resilience,2,2898,199,0,106573901,No[o]ne-,9572001,TEAM VISION,mid,28,Slardar,0,0,0,1,0,1,0,0,9,7,350,516,9,0,2,3,14,7,0,0.625,62.231907,0,0,1,0,0,0,13/08/2026
8943053016,1130027,TEAM VISION vs Team Resilience,2,2898,199,0,164199202,9Class,9572001,TEAM VISION,support,86,Rubick,0,0,1,0,1,0,0,1,4,4,157,364,1,0,4,2,2,11,1,0.55,51.099243,0,0,0,0,0,0,13/08/2026
8943053016,1130027,TEAM VISION vs Team Resilience,2,2898,199,0,73401082,Dukalis,9572001,TEAM VISION,support,85,Undying,0,0,1,0,0,0,1,0,4,12,51,320,1,0,16,0,2,4,7,0.625,0,0,0,0,0,0,0,13/08/2026
8943053016,1130027,TEAM VISION vs Team Resilience,2,2898,199,0,170896543,YSR-04E,5017210,Team Resilience,core,6,Drow Ranger,0,0,0,1,0,1,0,1,11,5,690,914,26,8,0,5,5,2,0,0.67741936,0,0,0,1,0,0,1,13/08/2026
8943053016,1130027,TEAM VISION vs Team Resilience,2,2898,199,0,315272623,Echozz,5017210,Team Resilience,mid,107,Earth Spirit,0,0,1,0,0,0,1,0,6,8,324,599,7,0,1,0,6,6,0,0.7419355,31.699673,0,0,0,0,0,1,13/08/2026
8943053016,1130027,TEAM VISION vs Team Resilience,2,2898,199,0,145957968,niu,5017210,Team Resilience,core,128,Snapfire,1,0,0,0,0,0,0,0,9,4,309,629,15,0,0,2,0,2,0,0.8064516,66.8675,0,1,0,0,0,1,13/08/2026
8943053016,1130027,TEAM VISION vs Team Resilience,2,2898,199,0,150961567,planet,5017210,Team Resilience,support,51,Clockwerk,1,0,0,0,0,0,0,1,1,11,48,338,1,0,10,2,6,11,2,0.83870965,64.83078,0,0,0,0,3,1,13/08/2026
8943053016,1130027,TEAM VISION vs Team Resilience,2,2898,199,0,249835593,zzq,5017210,Team Resilience,support,110,Phoenix,1,0,0,0,1,1,0,0,4,13,170,456,7,0,11,3,5,6,6,0.61290324,9.299853,0,0,0,0,0,1,13/08/2026
8943055466,1130032,OG vs BoomBoys,2,2215,222,0,324277900,Yopaj-,2586976,OG,mid,19,Tiny,0,0,0,0,1,0,0,0,1,3,288,465,6,0,3,2,6,2,2,0.71428573,18.232197,0,0,0,0,0,0,13/08/2026
8943055466,1130032,OG vs BoomBoys,2,2215,222,0,155494381,TIMS,2586976,OG,support,123,Hoodwink,0,0,1,0,0,0,0,0,2,6,60,275,2,0,8,0,2,9,3,0.5714286,47.265686,1,0,0,0,1,0,13/08/2026
8943055466,1130032,OG vs BoomBoys,2,2215,222,0,132309493,Raven,2586976,OG,core,2,Axe,1,0,0,0,0,0,0,0,0,7,296,448,10,1,0,6,3,1,0,0.42857143,38.6,0,0,0,0,1,0,13/08/2026
8943055466,1130032,OG vs BoomBoys,2,2215,222,0,100594231,skem,2586976,OG,support,62,Bounty Hunter,0,0,0,0,1,0,0,1,0,10,32,249,0,0,5,3,8,7,0,0.42857143,12,0,0,0,0,6,0,13/08/2026
8943055466,1130032,OG vs BoomBoys,2,2215,222,0,355168766,Natsumi,2586976,OG,core,46,Templar Assassin,0,0,0,1,0,0,0,0,4,3,560,745,24,1,0,1,1,1,1,0.85714287,0,0,0,0,0,0,0,13/08/2026
8943055466,1130032,OG vs BoomBoys,2,2215,222,0,172099728,Kiritych~,8255888,BoomBoys,core,36,Necrophos,0,0,1,0,0,0,1,0,9,1,584,857,18,0,0,4,3,1,0,0.6896552,7.5331545,0,0,0,0,1,1,13/08/2026
8943055466,1130032,OG vs BoomBoys,2,2215,222,0,480412663,gpk~,8255888,BoomBoys,mid,25,Lina,1,0,0,0,0,1,0,0,9,1,390,683,12,7,2,8,8,1,0,0.51724136,27.86767,0,2,1,0,1,1,13/08/2026
8943055466,1130032,OG vs BoomBoys,2,2215,222,0,196878136,Kataomi`,8255888,BoomBoys,support,85,Undying,0,0,1,0,0,0,1,0,2,4,42,354,0,0,12,1,2,6,2,0.62068963,0,0,0,0,0,1,1,13/08/2026
8943055466,1130032,OG vs BoomBoys,2,2215,222,0,165564598,MieRo,8255888,BoomBoys,core,96,Centaur Warrunner,0,0,0,0,1,0,0,0,5,0,404,712,14,2,0,3,2,2,0,0.62068963,32.767097,0,0,0,0,0,1,13/08/2026
8943055466,1130032,OG vs BoomBoys,2,2215,222,0,317880638,Save-,8255888,BoomBoys,support,119,Dark Willow,0,0,1,1,0,0,0,0,4,1,48,348,2,0,4,1,1,9,4,0.6551724,82.565895,0,0,0,0,0,1,13/08/2026
8943072784,1130024,Team Falcons vs LGD Gaming,3,2640,114,1,10366616,Sneyking,9247354,Team Falcons,support,5,Crystal Maiden,0,1,0,0,0,1,0,1,5,5,86,389,5,0,12,10,4,12,5,0.5263158,80.8999,0,0,0,0,0,1,13/08/2026
8943072784,1130024,Team Falcons vs LGD Gaming,3,2640,114,1,100058342,skiter,9247354,Team Falcons,core,18,Sven,1,1,0,0,0,0,0,1,6,6,491,677,22,5,1,1,4,2,0,0.36842105,23.933594,0,0,0,0,0,1,13/08/2026
8943072784,1130024,Team Falcons vs LGD Gaming,3,2640,114,1,898455820,Malr1ne,9247354,Team Falcons,mid,25,Lina,1,0,0,0,0,1,0,0,12,2,448,726,11,4,2,6,10,2,0,0.5263158,37.101025,0,0,1,0,0,1,13/08/2026
8943072784,1130024,Team Falcons vs LGD Gaming,3,2640,114,1,183719386,AMMAR_THE_F,9247354,Team Falcons,core,120,Pangolier,1,0,0,0,0,0,0,0,12,4,471,743,18,2,0,3,4,8,0,0.55263156,28.05164,0,1,0,0,0,1,13/08/2026
8943072784,1130024,Team Falcons vs LGD Gaming,3,2640,114,1,25907144,Cr1t-,9247354,Team Falcons,support,51,Clockwerk,1,0,0,0,0,0,0,1,3,4,51,354,2,0,5,7,2,6,2,0.6315789,59.364536,0,0,0,0,0,1,13/08/2026
8943072784,1130024,Team Falcons vs LGD Gaming,3,2640,114,1,177203952,Yuma,10150538,LGD Gaming,core,21,Windranger,0,0,1,0,0,0,0,1,9,7,411,591,18,0,0,2,0,1,0,0.7619048,18.100147,0,1,1,0,1,0,13/08/2026
8943072784,1130024,Team Falcons vs LGD Gaming,3,2640,114,1,94054712,Topson,10150538,LGD Gaming,mid,49,Dragon Knight,1,0,0,0,0,1,0,0,3,5,432,543,21,2,1,0,9,2,1,0.71428573,38.566303,0,0,0,0,0,0,13/08/2026
8943072784,1130024,Team Falcons vs LGD Gaming,3,2640,114,1,292921272,Wisper,10150538,LGD Gaming,core,65,Batrider,1,0,0,0,1,1,0,1,3,8,384,535,13,0,0,8,5,11,0,0.6666667,27.733849,0,0,0,0,1,0,13/08/2026
8943072784,1130024,Team Falcons vs LGD Gaming,3,2640,114,1,105045291,Thiolicor,10150538,LGD Gaming,support,79,Shadow Demon,1,0,0,0,0,0,1,1,3,12,56,257,4,0,8,4,6,15,2,0.52380955,27.66626,1,0,0,0,1,0,13/08/2026
8943072784,1130024,Team Falcons vs LGD Gaming,3,2640,114,1,81306398,KingJungles,10150538,LGD Gaming,support,9,Mirana,0,1,0,0,0,0,0,0,3,6,81,330,4,0,10,2,1,5,5,0.7619048,37.066605,0,0,0,0,1,0,13/08/2026
8943091110,1130045,Team Liquid vs Vici Gaming,1,3610,90,0,16497807,tOfu,2163,Team Liquid,support,112,Winter Wyvern,0,1,0,0,0,1,0,0,2,4,95,325,4,0,13,2,5,7,7,0.53846157,37.782906,0,0,0,0,1,1,13/08/2026
8943091110,1130045,Team Liquid vs Vici Gaming,1,3610,90,0,97590558,Ace ♠,2163,Team Liquid,core,108,Underlord,0,0,1,0,0,0,1,0,4,5,686,697,25,0,0,7,2,6,0,0.74358976,289.9994,0,0,0,0,0,1,13/08/2026
8943091110,1130045,Team Liquid vs Vici Gaming,1,3610,90,0,201358612,Nisha,2163,Team Liquid,mid,25,Lina,1,0,0,0,0,1,0,0,13,5,758,795,20,3,1,12,20,2,0,0.7692308,97.036026,0,0,0,0,0,1,13/08/2026
8943091110,1130045,Team Liquid vs Vici Gaming,1,3610,90,0,77490514,Boxi,2163,Team Liquid,support,51,Clockwerk,1,0,0,0,0,0,0,1,1,7,54,353,0,1,14,2,12,11,2,0.7948718,97.43595,1,0,0,0,3,1,13/08/2026
8943091110,1130045,Team Liquid vs Vici Gaming,1,3610,90,0,152962063,m1CKe,2163,Team Liquid,core,145,Kez,0,1,0,0,0,0,0,0,19,4,678,824,10,3,0,4,5,8,0,0.82051283,27.299917,0,2,3,0,0,1,13/08/2026
8943091110,1130045,Team Liquid vs Vici Gaming,1,3610,90,0,320252024,shiro,726228,Vici Gaming,core,21,Windranger,0,0,1,0,0,0,0,1,13,2,767,777,21,4,0,1,5,1,0,0.76,27.09927,0,1,1,0,0,0,13/08/2026
8943091110,1130045,Team Liquid vs Vici Gaming,1,3610,90,0,137129583,Xm,726228,Vici Gaming,mid,107,Earth Spirit,0,0,1,0,0,0,1,0,2,11,434,498,8,0,2,1,5,9,0,0.68,14.566066,0,0,0,0,0,0,13/08/2026
8943091110,1130045,Team Liquid vs Vici Gaming,1,3610,90,0,118134220,Bach,726228,Vici Gaming,core,47,Viper,0,0,1,0,0,0,0,0,7,6,442,532,9,2,0,2,0,1,0,0.52,0,0,1,0,0,0,0,13/08/2026
8943091110,1130045,Team Liquid vs Vici Gaming,1,3610,90,0,157475523,XinQ,726228,Vici Gaming,support,91,Io,0,1,0,0,0,0,0,0,1,6,281,373,18,0,3,1,2,7,0,0.72,0,0,0,0,0,0,0,13/08/2026
8943091110,1130045,Team Liquid vs Vici Gaming,1,3610,90,0,111114687,y`,726228,Vici Gaming,support,100,Tusk,0,0,0,0,0,1,0,0,2,14,56,294,0,0,23,2,5,10,10,0.48,30.667555,0,0,0,0,0,0,13/08/2026
8943097729,1130047,GamerLegion vs Aurora Gaming,1,4369,124,0,206642367,Ghost,9964962,GamerLegion,core,21,Windranger,0,0,1,0,0,0,0,1,6,7,796,650,31,1,1,1,5,3,0,0.51282054,52.500446,1,2,0,0,0,0,13/08/2026
8943097729,1130047,GamerLegion vs Aurora Gaming,1,4369,124,0,154974246,RCY,9964962,GamerLegion,mid,107,Earth Spirit,0,0,1,0,0,0,1,0,13,6,604,620,10,2,2,0,8,4,0,0.7948718,34.09929,0,1,0,0,0,0,13/08/2026
8943097729,1130047,GamerLegion vs Aurora Gaming,1,4369,124,0,191362875,Speeed,9964962,GamerLegion,support,9,Mirana,0,1,0,0,0,0,0,0,9,9,331,431,8,0,6,5,4,12,5,0.7692308,83.16658,0,0,0,0,2,0,13/08/2026
8943097729,1130047,GamerLegion vs Aurora Gaming,1,4369,124,0,90423751,Bignum,9964962,GamerLegion,support,119,Dark Willow,0,0,1,1,0,0,0,0,5,14,61,324,2,0,22,1,5,10,5,0.51282054,217.20006,0,0,0,0,0,0,13/08/2026
8943097729,1130047,GamerLegion vs Aurora Gaming,1,4369,124,0,160119017,Fayde,9964962,GamerLegion,core,155,Largo,0,0,1,0,1,0,0,0,6,5,689,649,26,4,0,10,5,2,0,0.5641026,17.294416,0,1,0,0,0,0,13/08/2026
8943097729,1130047,GamerLegion vs Aurora Gaming,1,4369,124,0,124801257,Nightfall,9467224,Aurora Gaming,core,19,Tiny,0,0,0,0,1,0,0,0,11,5,762,720,24,5,0,1,8,0,1,0.63414633,59.201836,0,0,1,0,1,1,13/08/2026
8943097729,1130047,GamerLegion vs Aurora Gaming,1,4369,124,0,301750126,Mikoto,9467224,Aurora Gaming,mid,25,Lina,1,0,0,0,0,1,0,0,11,3,844,777,30,0,2,4,21,2,0,0.63414633,65.20403,0,1,1,0,1,1,13/08/2026
8943097729,1130047,GamerLegion vs Aurora Gaming,1,4369,124,0,126842529,Ws`,9467224,Aurora Gaming,core,98,Timbersaw,0,0,0,1,0,0,0,0,12,7,777,765,18,1,1,6,4,5,0,0.63414633,31.266237,0,1,0,0,1,1,13/08/2026
8943097729,1130047,GamerLegion vs Aurora Gaming,1,4369,124,0,256156323,Mira,9467224,Aurora Gaming,support,100,Tusk,0,0,0,0,0,1,0,0,4,11,135,366,1,0,16,2,9,20,6,0.5609756,72.13153,0,0,0,0,2,1,13/08/2026
8943097729,1130047,GamerLegion vs Aurora Gaming,1,4369,124,0,320219866,kaori,9467224,Aurora Gaming,support,112,Winter Wyvern,0,1,0,0,0,1,0,0,2,13,108,366,2,0,12,5,5,18,3,0.3902439,31.773972,0,0,0,0,2,1,13/08/2026
8943098449,1130027,TEAM VISION vs Team Resilience,3,1946,88,1,1044002267,Satanic,9572001,TEAM VISION,core,53,Nature's Prophet,0,0,1,0,0,0,0,1,14,0,543,948,14,4,0,2,3,0,0,0.675,0,1,0,0,0,0,1,13/08/2026
8943098449,1130027,TEAM VISION vs Team Resilience,3,1946,88,1,195108598,Noticed,9572001,TEAM VISION,core,69,Doom,1,0,0,0,0,1,1,0,6,1,355,712,17,0,0,6,5,3,0,0.55,13.63407,0,0,0,0,0,1,13/08/2026
8943098449,1130027,TEAM VISION vs Team Resilience,3,1946,88,1,106573901,No[o]ne-,9572001,TEAM VISION,mid,128,Snapfire,1,0,0,0,0,0,0,0,7,4,278,601,10,1,1,3,11,1,0,0.425,23.800676,0,0,0,0,0,1,13/08/2026
8943098449,1130027,TEAM VISION vs Team Resilience,3,1946,88,1,164199202,9Class,9572001,TEAM VISION,support,119,Dark Willow,0,0,1,1,0,0,0,0,9,11,48,370,2,0,5,3,3,10,0,0.625,83.16599,0,0,0,0,0,1,13/08/2026
8943098449,1130027,TEAM VISION vs Team Resilience,3,1946,88,1,73401082,Dukalis,9572001,TEAM VISION,support,85,Undying,0,0,1,0,0,0,1,0,3,2,50,368,0,0,9,0,2,5,6,0.6,0,0,1,0,0,0,1,13/08/2026
8943098449,1130027,TEAM VISION vs Team Resilience,3,1946,88,1,170896543,YSR-04E,5017210,Team Resilience,core,20,Vengeful Spirit,0,1,0,0,0,0,1,0,4,10,288,504,18,1,1,3,1,1,0,0.5,20.233788,0,0,0,0,0,0,13/08/2026
8943098449,1130027,TEAM VISION vs Team Resilience,3,1946,88,1,315272623,Echozz,5017210,Team Resilience,mid,16,Sand King,0,0,0,0,1,0,0,0,8,6,240,543,11,0,0,0,8,2,0,0.7777778,31.732782,0,0,0,0,0,0,13/08/2026
8943098449,1130027,TEAM VISION vs Team Resilience,3,1946,88,1,145957968,niu,5017210,Team Resilience,core,98,Timbersaw,0,0,0,1,0,0,0,0,3,8,289,542,9,0,0,3,3,3,0,0.5,0,0,0,1,1,0,0,13/08/2026
8943098449,1130027,TEAM VISION vs Team Resilience,3,1946,88,1,150961567,planet,5017210,Team Resilience,support,90,Keeper of the Light,0,0,0,0,1,0,0,0,2,6,122,373,3,0,7,5,0,6,2,0.5,0,0,0,0,0,1,0,13/08/2026
8943098449,1130027,TEAM VISION vs Team Resilience,3,1946,88,1,249835593,zzq,5017210,Team Resilience,support,112,Winter Wyvern,0,1,0,0,0,1,0,0,1,11,32,248,1,0,8,6,0,2,3,0.2777778,8.74961,0,0,0,0,0,0,13/08/2026
8943142948,1130053,Team Yandex vs HULIGANI,1,1515,63,0,171262902,医者watson`,9823272,Team Yandex,core,80,Lone Druid,0,0,0,0,1,0,0,0,5,0,397,824,10,5,0,6,4,1,0,0.3478261,16.233837,0,0,0,0,1,1,13/08/2026
8943142948,1130053,Team Yandex vs HULIGANI,1,1515,63,0,312436974,CHIRA_JUNIOR,9823272,Team Yandex,mid,93,Slark,0,0,0,0,0,1,0,0,9,0,157,496,2,1,2,0,5,1,0,0.65217394,0,0,0,0,0,1,1,13/08/2026
8943142948,1130053,Team Yandex vs HULIGANI,1,1515,63,0,56351509,DM,9823272,Team Yandex,core,108,Underlord,0,0,1,0,0,0,1,0,4,1,215,587,5,1,0,2,2,1,0,0.5217391,110.03189,0,0,0,0,1,1,13/08/2026
8943142948,1130053,Team Yandex vs HULIGANI,1,1515,63,0,93817671,Maladych,9823272,Team Yandex,support,85,Undying,0,0,1,0,0,0,1,0,2,2,53,324,0,0,5,1,2,2,2,0.5217391,0,0,0,0,0,1,1,13/08/2026
8943142948,1130053,Team Yandex vs HULIGANI,1,1515,63,0,103735745,Saksa,9823272,Team Yandex,support,90,Keeper of the Light,0,0,0,0,1,0,0,0,2,0,124,437,4,0,5,8,5,6,0,0.5652174,0,0,0,0,0,1,1,13/08/2026
8943142948,1130053,Team Yandex vs HULIGANI,1,1515,63,0,140251702,Mirage`雨,10149530,HULIGANI,mid,106,Ember Spirit,1,0,0,0,0,1,1,0,0,5,115,301,5,0,2,1,3,1,0,0.33333334,24.299484,0,0,0,0,0,0,13/08/2026
8943142948,1130053,Team Yandex vs HULIGANI,1,1515,63,0,145065875,sayuw,10149530,HULIGANI,support,123,Hoodwink,0,0,1,0,0,0,0,0,3,6,55,241,0,0,1,1,0,3,0,1,20.400097,0,0,0,0,0,0,13/08/2026
8943142948,1130053,Team Yandex vs HULIGANI,1,1515,63,0,123787715,RESPECT,10149530,HULIGANI,support,112,Winter Wyvern,0,1,0,0,0,1,0,0,0,5,20,176,0,0,6,7,4,3,2,1,4.5,0,0,0,0,0,0,13/08/2026
8943142948,1130053,Team Yandex vs HULIGANI,1,1515,63,0,320017600,ssnovv1,10149530,HULIGANI,core,73,Alchemist,0,0,0,0,1,0,0,0,0,3,252,569,11,0,1,7,1,0,0,0.6666667,15.065638,0,0,0,0,0,0,13/08/2026
8943142948,1130053,Team Yandex vs HULIGANI,1,1515,63,0,92487440,Corrupted,10149530,HULIGANI,core,55,Dark Seer,0,0,0,1,0,0,0,0,0,4,230,405,10,0,1,4,0,1,1,0,6.099487,0,0,0,0,0,0,13/08/2026
8943143428,1130051,Team Spirit vs Xtreme Gaming,1,3054,78,0,847565596,rue,7119388,Team Spirit,support,85,Undying,0,0,1,0,0,0,1,0,6,9,67,377,2,0,8,0,1,18,3,0.7291667,0,0,0,0,0,2,1,13/08/2026
8943143428,1130051,Team Spirit vs Xtreme Gaming,1,3054,78,0,321580662,Yatoro,7119388,Team Spirit,core,6,Drow Ranger,0,0,0,1,0,1,0,1,6,4,719,843,27,6,1,4,3,1,0,0.45833334,0,0,2,1,0,0,1,13/08/2026
8943143428,1130051,Team Spirit vs Xtreme Gaming,1,3054,78,0,106305042,Larl,7119388,Team Spirit,mid,17,Storm Spirit,0,1,0,0,0,0,1,0,22,1,469,705,19,2,2,1,19,5,0,0.8125,38.833298,0,0,0,0,0,1,13/08/2026
8943143428,1130051,Team Spirit vs Xtreme Gaming,1,3054,78,0,218231587,not_me,7119388,Team Spirit,support,119,Dark Willow,0,0,1,1,0,0,0,0,9,7,71,386,0,0,12,4,2,5,6,0.75,295.2657,1,0,0,0,1,1,13/08/2026
8943143428,1130051,Team Spirit vs Xtreme Gaming,1,3054,78,0,302214028,Collapse,7119388,Team Spirit,core,60,Night Stalker,0,1,0,0,0,0,0,0,5,5,333,521,6,0,0,1,4,3,0,0.6875,21.231882,0,0,0,0,0,1,13/08/2026
8943143428,1130051,Team Spirit vs Xtreme Gaming,1,3054,78,0,898754153,Ame,8261500,Xtreme Gaming,core,67,Spectre,0,0,0,1,0,0,1,0,7,9,477,619,11,0,0,3,3,2,0,0.6923077,4.1662893,0,0,0,0,0,0,13/08/2026
8943143428,1130051,Team Spirit vs Xtreme Gaming,1,3054,78,0,173978074,NothingToSay,8261500,Xtreme Gaming,mid,34,Tinker,0,0,0,0,1,0,0,1,7,7,534,653,22,0,0,10,7,2,1,0.6923077,28.566221,0,1,1,0,0,0,13/08/2026
8943143428,1130051,Team Spirit vs Xtreme Gaming,1,3054,78,0,129958758,Xxs,8261500,Xtreme Gaming,core,55,Dark Seer,0,0,0,1,0,0,0,0,7,8,397,543,25,2,0,2,3,3,0,0.7692308,23.63194,0,0,0,0,0,0,13/08/2026
8943143428,1130051,Team Spirit vs Xtreme Gaming,1,3054,78,0,101695162,fy,8261500,Xtreme Gaming,support,71,Spirit Breaker,0,1,0,0,0,0,0,0,1,12,83,302,0,0,10,2,6,17,5,0.7692308,61.53348,0,0,0,0,1,0,13/08/2026
8943143428,1130051,Team Spirit vs Xtreme Gaming,1,3054,78,0,94296097,xNova,8261500,Xtreme Gaming,support,112,Winter Wyvern,0,1,0,0,0,1,0,0,3,12,52,287,0,0,14,3,3,10,3,0.46153846,12.100122,0,0,0,0,0,0,13/08/2026
8943148045,1130045,Vici Gaming vs Team Liquid,2,2286,252,0,320252024,shiro,726228,Vici Gaming,core,80,Lone Druid,0,0,0,0,1,0,0,0,1,3,475,561,22,1,0,1,0,0,0,0.33333334,34.100975,0,1,0,0,1,0,13/08/2026
8943148045,1130045,Vici Gaming vs Team Liquid,2,2286,252,0,137129583,Xm,726228,Vici Gaming,mid,13,Puck,0,1,0,0,0,0,0,0,2,3,383,513,10,0,2,2,7,1,0,1,16.166504,0,0,0,0,0,0,13/08/2026
8943148045,1130045,Vici Gaming vs Team Liquid,2,2286,252,0,118134220,Bach,726228,Vici Gaming,core,78,Brewmaster,1,0,0,0,0,1,0,0,0,4,257,443,5,0,1,2,1,2,0,0.6666667,59.966305,0,0,0,0,0,0,13/08/2026
8943148045,1130045,Vici Gaming vs Team Liquid,2,2286,252,0,157475523,XinQ,726228,Vici Gaming,support,119,Dark Willow,0,0,1,1,0,0,0,0,1,7,45,224,0,0,4,3,2,4,5,0.33333334,101.299706,0,0,0,0,0,0,13/08/2026
8943148045,1130045,Vici Gaming vs Team Liquid,2,2286,252,0,111114687,y`,726228,Vici Gaming,support,103,Elder Titan,0,0,0,0,1,0,0,0,2,8,28,255,1,0,10,1,1,7,2,0.6666667,102.93429,0,0,0,0,0,0,13/08/2026
8943148045,1130045,Vici Gaming vs Team Liquid,2,2286,252,0,16497807,tOfu,2163,Team Liquid,support,112,Winter Wyvern,0,1,0,0,0,1,0,0,3,3,42,340,1,0,9,4,2,5,4,0.6,-5.1832275,0,0,0,0,1,1,13/08/2026
8943148045,1130045,Vici Gaming vs Team Liquid,2,2286,252,0,97590558,Ace ♠,2163,Team Liquid,core,28,Slardar,0,0,0,1,0,1,0,0,7,2,307,608,5,2,0,2,0,4,0,0.56,37.365616,0,0,0,0,0,1,13/08/2026
8943148045,1130045,Vici Gaming vs Team Liquid,2,2286,252,0,201358612,Nisha,2163,Team Liquid,mid,106,Ember Spirit,1,0,0,0,0,1,1,0,4,0,269,542,8,1,2,2,17,1,0,0.56,67.86532,0,0,0,0,1,1,13/08/2026
8943148045,1130045,Vici Gaming vs Team Liquid,2,2286,252,0,77490514,Boxi,2163,Team Liquid,support,21,Windranger,0,0,1,0,0,0,0,1,5,1,67,365,0,1,6,4,1,13,2,0.72,15.799826,1,1,0,0,0,1,13/08/2026
8943148045,1130045,Vici Gaming vs Team Liquid,2,2286,252,0,152962063,m1CKe,2163,Team Liquid,core,18,Sven,1,1,0,0,0,0,0,1,5,0,583,808,33,5,1,5,6,0,0,0.36,29.566944,0,1,2,0,1,1,13/08/2026
8943171995,1130047,Aurora Gaming vs GamerLegion,2,2574,10,0,256156323,Mira,9467224,Aurora Gaming,support,90,Keeper of the Light,0,0,0,0,1,0,0,0,2,4,117,394,5,0,9,3,1,14,3,0.7,0,0,0,0,0,2,1,13/08/2026
8943171995,1130047,Aurora Gaming vs GamerLegion,2,2574,10,0,301750126,Mikoto,9467224,Aurora Gaming,mid,126,Void Spirit,0,0,0,1,0,0,1,0,13,1,410,691,9,1,2,0,12,0,0,0.8,0,0,0,0,0,0,1,13/08/2026
8943171995,1130047,Aurora Gaming vs GamerLegion,2,2574,10,0,126842529,Ws`,9467224,Aurora Gaming,core,38,Beastmaster,1,0,0,0,0,0,0,0,5,4,362,653,20,3,0,3,2,1,0,0.46666667,42.83374,0,2,1,0,0,1,13/08/2026
8943171995,1130047,Aurora Gaming vs GamerLegion,2,2574,10,0,320219866,kaori,9467224,Aurora Gaming,support,64,Jakiro,1,1,0,0,0,1,0,0,4,1,85,376,4,0,10,3,2,15,3,0.73333335,40.634087,0,0,1,0,0,1,13/08/2026
8943171995,1130047,Aurora Gaming vs GamerLegion,2,2574,10,0,124801257,Nightfall,9467224,Aurora Gaming,core,21,Windranger,0,0,1,0,0,0,0,1,6,3,466,713,16,2,0,2,2,2,0,0.6,46.531982,0,1,0,0,0,1,13/08/2026
8943171995,1130047,Aurora Gaming vs GamerLegion,2,2574,10,0,206642367,Ghost,9964962,GamerLegion,core,36,Necrophos,0,0,1,0,0,0,1,0,6,5,574,695,43,2,0,3,5,4,0,0.53846157,24.465942,0,0,0,0,0,0,13/08/2026
8943171995,1130047,Aurora Gaming vs GamerLegion,2,2574,10,0,191362875,Speeed,9964962,GamerLegion,support,62,Bounty Hunter,0,0,0,0,1,0,0,1,3,11,19,284,2,0,9,0,10,5,0,0.7692308,32.799683,0,0,0,0,8,0,13/08/2026
8943171995,1130047,Aurora Gaming vs GamerLegion,2,2574,10,0,154974246,RCY,9964962,GamerLegion,mid,74,Invoker,0,0,0,0,0,1,0,1,2,4,352,566,4,1,1,1,2,0,0,0.7692308,60.60292,0,1,0,0,0,0,13/08/2026
8943171995,1130047,Aurora Gaming vs GamerLegion,2,2574,10,0,160119017,Fayde,9964962,GamerLegion,core,108,Underlord,0,0,1,0,0,0,1,0,1,6,306,477,11,1,0,6,3,4,1,0.61538464,160.86241,0,0,0,0,1,0,13/08/2026
8943171995,1130047,Aurora Gaming vs GamerLegion,2,2574,10,0,90423751,Bignum,9964962,GamerLegion,support,9,Mirana,0,1,0,0,0,0,0,0,1,4,123,355,2,0,9,3,5,5,5,0.61538464,34.666676,1,0,0,0,0,0,13/08/2026
8943182700,1130053,Team Yandex vs HULIGANI,2,2927,166,0,171262902,医者watson`,9823272,Team Yandex,core,11,Shadow Fiend,1,0,0,0,0,0,1,0,10,1,684,887,36,8,0,3,5,1,0,0.5151515,8.499975,0,1,1,0,0,1,13/08/2026
8943182700,1130053,Team Yandex vs HULIGANI,2,2927,166,0,312436974,CHIRA_JUNIOR,9823272,Team Yandex,mid,107,Earth Spirit,0,0,1,0,0,0,1,0,14,2,320,600,5,2,2,0,10,2,1,0.7878788,35.80018,0,1,0,0,0,1,13/08/2026
8943182700,1130053,Team Yandex vs HULIGANI,2,2927,166,0,56351509,DM,9823272,Team Yandex,core,55,Dark Seer,0,0,0,1,0,0,0,0,4,4,418,659,10,0,0,5,4,3,0,0.8181818,32.623062,0,0,0,0,0,1,13/08/2026
8943182700,1130053,Team Yandex vs HULIGANI,2,2927,166,0,93817671,Maladych,9823272,Team Yandex,support,85,Undying,0,0,1,0,0,0,1,0,3,9,135,398,2,0,7,2,2,11,3,0.57575756,0,0,1,0,0,0,1,13/08/2026
8943182700,1130053,Team Yandex vs HULIGANI,2,2927,166,0,103735745,Saksa,9823272,Team Yandex,support,62,Bounty Hunter,0,0,0,0,1,0,0,1,3,9,22,373,0,0,14,0,6,9,1,0.72727275,35.03279,0,0,0,0,2,1,13/08/2026
8943182700,1130053,Team Yandex vs HULIGANI,2,2927,166,0,140251702,Mirage`雨,10149530,HULIGANI,mid,74,Invoker,0,0,0,0,0,1,0,1,8,4,451,643,10,0,1,1,4,0,0,0.9166667,150.26418,0,1,0,0,0,0,13/08/2026
8943182700,1130053,Team Yandex vs HULIGANI,2,2927,166,0,145065875,sayuw,10149530,HULIGANI,support,51,Clockwerk,1,0,0,0,0,0,0,1,1,12,36,233,0,0,6,0,4,7,1,0.5,51.897514,0,0,0,0,1,0,13/08/2026
8943182700,1130053,Team Yandex vs HULIGANI,2,2927,166,0,123787715,RESPECT,10149530,HULIGANI,support,123,Hoodwink,0,0,1,0,0,0,0,0,2,8,154,336,2,0,15,3,4,9,5,0.7083333,66.33297,0,0,0,0,1,0,13/08/2026
8943182700,1130053,Team Yandex vs HULIGANI,2,2927,166,0,320017600,ssnovv1,10149530,HULIGANI,core,36,Necrophos,0,0,1,0,0,0,1,0,9,4,737,782,31,0,0,4,4,3,0,0.625,17.19956,1,0,0,0,0,0,13/08/2026
8943182700,1130053,Team Yandex vs HULIGANI,2,2927,166,0,92487440,Corrupted,10149530,HULIGANI,core,96,Centaur Warrunner,0,0,0,0,1,0,0,0,3,6,461,573,16,3,1,3,3,6,1,0.5833333,98.13413,0,0,0,0,0,0,13/08/2026
8943200897,1130051,Xtreme Gaming vs Team Spirit,2,2908,286,0,898754153,Ame,8261500,Xtreme Gaming,core,12,Phantom Lancer,0,1,0,0,0,0,0,0,4,3,731,759,16,1,0,3,7,3,0,0.4074074,0,0,2,0,0,0,0,13/08/2026
8943200897,1130051,Xtreme Gaming vs Team Spirit,2,2908,286,0,173978074,NothingToSay,8261500,Xtreme Gaming,mid,106,Ember Spirit,1,0,0,0,0,1,1,0,12,2,403,577,16,1,1,0,11,6,0,0.7407407,63.10083,0,0,0,0,0,0,13/08/2026
8943200897,1130051,Xtreme Gaming vs Team Spirit,2,2908,286,0,129958758,Xxs,8261500,Xtreme Gaming,core,135,Dawnbreaker,0,0,0,0,1,1,0,0,7,5,519,610,18,1,0,6,0,5,0,0.5925926,22.466116,0,1,0,0,0,0,13/08/2026
8943200897,1130051,Xtreme Gaming vs Team Spirit,2,2908,286,0,101695162,fy,8261500,Xtreme Gaming,support,119,Dark Willow,0,0,1,1,0,0,0,0,1,9,54,247,1,0,4,7,3,6,2,0.44444445,174.73457,0,0,0,0,0,0,13/08/2026
8943200897,1130051,Xtreme Gaming vs Team Spirit,2,2908,286,0,94296097,xNova,8261500,Xtreme Gaming,support,112,Winter Wyvern,0,1,0,0,0,1,0,0,2,6,79,286,1,0,16,2,2,13,4,0.37037036,13.566309,0,0,0,0,0,0,13/08/2026
8943200897,1130051,Xtreme Gaming vs Team Spirit,2,2908,286,0,847565596,rue,7119388,Team Spirit,support,51,Clockwerk,1,0,0,0,0,0,0,1,3,12,20,307,0,0,11,1,2,14,3,0.64,119.96476,0,0,0,0,1,1,13/08/2026
8943200897,1130051,Xtreme Gaming vs Team Spirit,2,2908,286,0,321580662,Yatoro,7119388,Team Spirit,core,6,Drow Ranger,0,0,0,1,0,1,0,1,7,1,688,850,26,6,1,5,10,4,0,0.8,0,0,0,3,0,0,1,13/08/2026
8943200897,1130051,Xtreme Gaming vs Team Spirit,2,2908,286,0,106305042,Larl,7119388,Team Spirit,mid,91,Io,0,1,0,0,0,0,0,0,4,4,429,604,17,0,1,2,9,3,0,0.68,9.433398,0,1,0,0,0,1,13/08/2026
8943200897,1130051,Xtreme Gaming vs Team Spirit,2,2908,286,0,218231587,not_me,7119388,Team Spirit,support,86,Rubick,0,0,1,0,1,0,0,1,6,7,107,393,1,0,10,5,1,5,5,0.64,36.89836,1,0,0,0,0,1,13/08/2026
8943200897,1130051,Xtreme Gaming vs Team Spirit,2,2908,286,0,302214028,Collapse,7119388,Team Spirit,core,108,Underlord,0,0,1,0,0,0,1,0,5,3,516,706,17,1,0,3,2,3,0,0.76,434.8766,0,0,0,0,0,1,13/08/2026
8943202720,1130060,BoomBoys vs Iron Wing,1,3237,108,0,172099728,Kiritych~,8255888,BoomBoys,core,145,Kez,0,1,0,0,0,0,0,0,11,3,779,932,21,9,0,1,8,2,0,0.6388889,5.699732,0,3,1,0,0,1,13/08/2026
8943202720,1130060,BoomBoys vs Iron Wing,1,3237,108,0,480412663,gpk~,8255888,BoomBoys,mid,128,Snapfire,1,0,0,0,0,0,0,0,14,1,602,768,16,1,2,3,13,2,0,0.75,56.66839,0,0,0,0,2,1,13/08/2026
8943202720,1130060,BoomBoys vs Iron Wing,1,3237,108,0,165564598,MieRo,8255888,BoomBoys,core,28,Slardar,0,0,0,1,0,1,0,0,8,7,386,556,13,0,0,0,2,5,0,0.6666667,44.29976,0,0,1,0,0,1,13/08/2026
8943202720,1130060,BoomBoys vs Iron Wing,1,3237,108,0,317880638,Save-,8255888,BoomBoys,support,131,Ringmaster,1,0,0,0,1,0,0,0,2,5,110,378,3,1,7,5,5,10,5,0.6666667,31.165695,0,0,0,0,0,1,13/08/2026
8943202720,1130060,BoomBoys vs Iron Wing,1,3237,108,0,196878136,Kataomi`,8255888,BoomBoys,support,3,Bane,0,0,0,1,0,0,0,0,1,7,45,331,2,0,16,0,2,12,4,0.5277778,112.421974,0,0,0,0,1,1,13/08/2026
8943202720,1130060,BoomBoys vs Iron Wing,1,3237,108,0,86698277,33,10150413,Iron Wing,core,96,Centaur Warrunner,0,0,0,0,1,0,0,0,2,8,494,556,23,1,0,1,2,1,0,0.4347826,39.567245,0,0,0,0,0,0,13/08/2026
8943202720,1130060,BoomBoys vs Iron Wing,1,3237,108,0,346412363,Ari,10150413,Iron Wing,support,123,Hoodwink,0,0,1,0,0,0,0,0,3,10,168,302,1,0,9,13,2,7,2,0.6086956,65.09999,0,0,0,0,1,0,13/08/2026
8943202720,1130060,BoomBoys vs Iron Wing,1,3237,108,0,136829091,Whitemon,10150413,Iron Wing,support,100,Tusk,0,0,0,0,0,1,0,0,4,8,36,281,0,0,15,6,3,18,6,0.73913044,36.53374,0,0,0,0,1,0,13/08/2026
8943202720,1130060,BoomBoys vs Iron Wing,1,3237,108,0,93618577,bzm,10150413,Iron Wing,mid,7,Earthshaker,0,0,0,0,1,0,0,0,4,5,571,664,10,1,1,3,12,2,0,0.73913044,165.49883,0,0,0,0,0,0,13/08/2026
8943202720,1130060,BoomBoys vs Iron Wing,1,3237,108,0,331855530,Pure,10150413,Iron Wing,core,91,Io,0,1,0,0,0,0,0,0,10,5,752,719,24,0,0,7,4,0,0,0.7826087,22.633278,1,1,0,0,0,0,13/08/2026
8943235603,1130063,Team Resilience vs LGD Gaming,1,3923,21,0,170896543,YSR-04E,5017210,Team Resilience,core,67,Spectre,0,0,0,1,0,0,1,0,22,5,704,843,30,5,0,0,6,6,0,0.8064516,58.262505,0,2,0,0,0,1,13/08/2026
8943235603,1130063,Team Resilience vs LGD Gaming,1,3923,21,0,315272623,Echozz,5017210,Team Resilience,mid,7,Earthshaker,0,0,0,0,1,0,0,0,15,3,582,693,22,1,2,0,18,6,0,0.6451613,344.81442,0,2,0,0,0,1,13/08/2026
8943235603,1130063,Team Resilience vs LGD Gaming,1,3923,21,0,145957968,niu,5017210,Team Resilience,core,155,Largo,0,0,1,0,1,0,0,0,7,5,398,567,10,1,0,3,2,5,0,0.5967742,54.43063,1,0,2,0,0,1,13/08/2026
8943235603,1130063,Team Resilience vs LGD Gaming,1,3923,21,0,150961567,planet,5017210,Team Resilience,support,123,Hoodwink,0,0,1,0,0,0,0,0,7,5,294,464,6,0,8,8,2,20,2,0.61290324,99.799835,0,0,0,0,0,1,13/08/2026
8943235603,1130063,Team Resilience vs LGD Gaming,1,3923,21,0,249835593,zzq,5017210,Team Resilience,support,85,Undying,0,0,1,0,0,0,1,0,11,12,177,464,5,0,20,2,7,6,9,0.7096774,0,0,0,0,0,0,1,13/08/2026
8943235603,1130063,Team Resilience vs LGD Gaming,1,3923,21,0,177203952,Yuma,10150538,LGD Gaming,core,46,Templar Assassin,0,0,0,1,0,0,0,0,1,10,828,694,25,2,0,3,4,2,0,0.6,1.6,0,1,1,0,0,0,13/08/2026
8943235603,1130063,Team Resilience vs LGD Gaming,1,3923,21,0,94054712,Topson,10150538,LGD Gaming,mid,107,Earth Spirit,0,0,1,0,0,0,1,0,11,10,596,643,11,0,2,2,11,2,0,0.8666667,48.064507,0,2,0,0,0,0,13/08/2026
8943235603,1130063,Team Resilience vs LGD Gaming,1,3923,21,0,292921272,Wisper,10150538,LGD Gaming,core,98,Timbersaw,0,0,0,1,0,0,0,0,14,9,1022,895,35,1,0,3,7,6,0,0.8,37.432644,0,0,0,0,0,0,13/08/2026
8943235603,1130063,Team Resilience vs LGD Gaming,1,3923,21,0,105045291,Thiolicor,10150538,LGD Gaming,support,121,Grimstroke,0,0,0,0,0,0,1,1,4,19,141,356,3,0,10,12,8,18,4,0.9,36.098568,0,0,0,0,1,0,13/08/2026
8943235603,1130063,Team Resilience vs LGD Gaming,1,3923,21,0,81306398,KingJungles,10150538,LGD Gaming,support,3,Bane,0,0,0,1,0,0,0,0,0,14,52,255,1,0,17,5,0,12,6,0.53333336,123.53367,0,0,0,0,0,0,13/08/2026
8943244303,1130066,Nigma Galaxy  vs OG,1,3227,108,0,111620041,SumaiL-,10136357,Nigma Galaxy ,core,11,Shadow Fiend,1,0,0,0,0,0,1,0,11,1,789,880,34,9,0,4,3,8,0,0.6785714,29.500908,0,0,0,0,0,1,13/08/2026
8943244303,1130066,Nigma Galaxy  vs OG,1,3227,108,0,152168157,OmaR,10136357,Nigma Galaxy ,support,27,Shadow Shaman,0,0,0,0,1,0,0,1,1,10,104,387,0,1,12,1,6,7,6,0.60714287,122.835915,0,1,0,0,0,1,13/08/2026
8943244303,1130066,Nigma Galaxy  vs OG,1,3227,108,0,210053851,lorenof,10136357,Nigma Galaxy ,mid,106,Ember Spirit,1,0,0,0,0,1,1,0,12,3,568,742,11,0,2,5,17,0,0,0.75,77.454216,1,1,0,0,0,1,13/08/2026
8943244303,1130066,Nigma Galaxy  vs OG,1,3227,108,0,101356886,GH,10136357,Nigma Galaxy ,support,50,Dazzle,0,0,0,1,0,0,0,0,2,2,82,320,2,0,10,4,4,15,3,0.53571427,27.943111,0,0,0,0,1,1,13/08/2026
8943244303,1130066,Nigma Galaxy  vs OG,1,3227,108,0,138880576,Davai,10136357,Nigma Galaxy ,core,155,Largo,0,0,1,0,1,0,0,0,2,3,358,562,8,0,0,6,4,1,0,0.64285713,13.231371,0,0,0,0,1,1,13/08/2026
8943244303,1130066,Nigma Galaxy  vs OG,1,3227,108,0,324277900,Yopaj-,2586976,OG,mid,7,Earthshaker,0,0,0,0,1,0,0,0,2,4,399,479,14,0,2,4,10,0,1,0.7894737,174.83385,0,0,0,0,0,0,13/08/2026
8943244303,1130066,Nigma Galaxy  vs OG,1,3227,108,0,155494381,TIMS,2586976,OG,support,119,Dark Willow,0,0,1,1,0,0,0,0,2,9,48,295,0,0,13,8,1,13,5,0.57894737,217.96706,0,1,0,0,0,0,13/08/2026
8943244303,1130066,Nigma Galaxy  vs OG,1,3227,108,0,100594231,skem,2586976,OG,support,21,Windranger,0,0,1,0,0,0,0,1,4,7,168,353,2,0,10,8,4,8,3,0.68421054,70.3662,0,0,0,0,1,0,13/08/2026
8943244303,1130066,Nigma Galaxy  vs OG,1,3227,108,0,132309493,Raven,2586976,OG,core,38,Beastmaster,1,0,0,0,0,0,0,0,3,4,466,559,18,1,0,1,2,1,0,0.68421054,61.96653,0,0,2,0,0,0,13/08/2026
8943244303,1130066,Nigma Galaxy  vs OG,1,3227,108,0,355168766,Natsumi,2586976,OG,core,138,Muerta,0,1,1,0,0,0,1,1,7,4,810,777,23,3,1,4,2,5,0,0.84210527,32.334045,0,2,0,0,1,0,13/08/2026
8943267925,1130069,Team Falcons vs TEAM VISION,1,2690,132,0,10366616,Sneyking,9247354,Team Falcons,support,9,Mirana,0,1,0,0,0,0,0,0,6,9,110,363,1,0,9,7,4,9,4,0.78125,31.933247,0,0,0,0,2,1,13/08/2026
8943267925,1130069,Team Falcons vs TEAM VISION,1,2690,132,0,100058342,skiter,9247354,Team Falcons,core,73,Alchemist,0,0,0,0,1,0,0,0,4,3,509,797,22,2,0,5,7,1,0,0.6875,57.532978,0,0,0,0,0,1,13/08/2026
8943267925,1130069,Team Falcons vs TEAM VISION,1,2690,132,0,898455820,Malr1ne,9247354,Team Falcons,mid,59,Huskar,0,1,0,0,0,1,1,0,11,5,372,619,17,4,2,1,3,3,0,0.53125,0,0,2,1,0,0,1,13/08/2026
8943267925,1130069,Team Falcons vs TEAM VISION,1,2690,132,0,183719386,AMMAR_THE_F,9247354,Team Falcons,core,96,Centaur Warrunner,0,0,0,0,1,0,0,0,7,3,498,750,18,1,0,1,4,6,0,0.75,79.36792,0,0,0,0,2,1,13/08/2026
8943267925,1130069,Team Falcons vs TEAM VISION,1,2690,132,0,25907144,Cr1t-,9247354,Team Falcons,support,79,Shadow Demon,1,0,0,0,0,0,1,1,4,4,87,392,0,0,10,8,4,0,3,0.71875,38.732788,0,1,0,0,0,1,13/08/2026
8943267925,1130069,Team Falcons vs TEAM VISION,1,2690,132,0,1044002267,Satanic,9572001,TEAM VISION,core,80,Lone Druid,0,0,0,0,1,0,0,0,12,2,819,956,16,2,0,4,6,1,0,0.75,86.26874,0,0,0,0,0,0,13/08/2026
8943267925,1130069,Team Falcons vs TEAM VISION,1,2690,132,0,195108598,Noticed,9572001,TEAM VISION,core,55,Dark Seer,0,0,0,1,0,0,0,0,1,4,460,636,13,1,0,4,1,1,0,0.7083333,15.465092,0,0,0,0,0,0,13/08/2026
8943267925,1130069,Team Falcons vs TEAM VISION,1,2690,132,0,106573901,No[o]ne-,9572001,TEAM VISION,mid,47,Viper,0,0,1,0,0,0,0,0,4,4,356,519,15,0,0,2,10,7,0,0.6666667,0,0,0,0,0,0,0,13/08/2026
8943267925,1130069,Team Falcons vs TEAM VISION,1,2690,132,0,164199202,9Class,9572001,TEAM VISION,support,62,Bounty Hunter,0,0,0,0,1,0,0,1,4,10,27,352,1,1,7,0,6,7,1,0.6666667,36.69863,1,0,0,0,2,0,13/08/2026
8943267925,1130069,Team Falcons vs TEAM VISION,1,2690,132,0,73401082,Dukalis,9572001,TEAM VISION,support,105,Techies,0,0,0,0,1,1,0,0,3,12,70,346,1,0,13,2,0,6,7,0.7916667,38.368305,0,0,0,0,0,0,13/08/2026
8943278347,1130060,BoomBoys vs Iron Wing,2,2681,96,0,172099728,Kiritych~,8255888,BoomBoys,core,6,Drow Ranger,0,0,0,1,0,1,0,1,1,6,623,662,24,0,0,2,1,2,0,0.54545456,0,0,0,0,0,0,0,13/08/2026
8943278347,1130060,BoomBoys vs Iron Wing,2,2681,96,0,480412663,gpk~,8255888,BoomBoys,mid,13,Puck,0,1,0,0,0,0,0,0,7,4,493,557,22,0,2,3,5,3,0,0.6363636,13.799975,0,0,0,0,0,0,13/08/2026
8943278347,1130060,BoomBoys vs Iron Wing,2,2681,96,0,165564598,MieRo,8255888,BoomBoys,core,155,Largo,0,0,1,0,1,0,0,0,1,8,261,387,11,0,0,3,0,0,0,0.6363636,5.7651997,0,0,0,0,0,0,13/08/2026
8943278347,1130060,BoomBoys vs Iron Wing,2,2681,96,0,317880638,Save-,8255888,BoomBoys,support,27,Shadow Shaman,0,0,0,0,1,0,0,1,0,11,34,202,0,1,4,5,2,2,7,0.54545456,56.666763,0,0,0,0,0,0,13/08/2026
8943278347,1130060,BoomBoys vs Iron Wing,2,2681,96,0,196878136,Kataomi`,8255888,BoomBoys,support,103,Elder Titan,0,0,0,0,1,0,0,0,1,7,31,224,0,0,15,1,1,10,1,0.72727275,64.53422,0,0,0,0,0,0,13/08/2026
8943278347,1130060,BoomBoys vs Iron Wing,2,2681,96,0,86698277,33,10150413,Iron Wing,core,69,Doom,1,0,0,0,0,1,1,0,13,1,510,810,25,1,0,8,5,0,0,0.75,17.565481,0,0,0,0,0,1,13/08/2026
8943278347,1130060,BoomBoys vs Iron Wing,2,2681,96,0,346412363,Ari,10150413,Iron Wing,support,123,Hoodwink,0,0,1,0,0,0,0,0,4,3,180,391,7,0,2,12,4,8,3,0.6388889,53.533115,1,0,1,0,0,1,13/08/2026
8943278347,1130060,BoomBoys vs Iron Wing,2,2681,96,0,136829091,Whitemon,10150413,Iron Wing,support,3,Bane,0,0,0,1,0,0,0,0,1,4,20,326,0,0,17,5,4,12,5,0.4722222,51.7669,0,0,0,0,0,1,13/08/2026
8943278347,1130060,BoomBoys vs Iron Wing,2,2681,96,0,93618577,bzm,10150413,Iron Wing,mid,19,Tiny,0,0,0,0,1,0,0,0,7,1,432,719,5,1,1,4,21,6,0,0.8333333,38.063442,0,0,0,0,0,1,13/08/2026
8943278347,1130060,BoomBoys vs Iron Wing,2,2681,96,0,331855530,Pure,10150413,Iron Wing,core,145,Kez,0,1,0,0,0,0,0,0,11,2,624,855,19,3,1,6,4,1,0,0.5277778,11.93352,0,2,1,0,0,1,13/08/2026
8943324841,1130066,OG vs Nigma Galaxy ,2,4461,260,0,324277900,Yopaj-,2586976,OG,mid,49,Dragon Knight,1,0,0,0,0,1,0,0,11,7,778,689,16,2,1,3,17,3,0,0.54285717,64.06695,0,0,0,0,0,0,13/08/2026
8943324841,1130066,OG vs Nigma Galaxy ,2,4461,260,0,155494381,TIMS,2586976,OG,support,86,Rubick,0,0,1,0,1,0,0,1,4,4,280,425,5,0,15,3,4,16,4,0.7714286,75.73137,0,0,0,0,0,0,13/08/2026
8943324841,1130066,OG vs Nigma Galaxy ,2,4461,260,0,355168766,Natsumi,2586976,OG,core,72,Gyrocopter,0,0,0,0,1,0,0,1,8,7,1122,841,35,4,3,1,9,4,1,0.51428574,44.733593,0,3,1,0,0,0,13/08/2026
8943324841,1130066,OG vs Nigma Galaxy ,2,4461,260,0,132309493,Raven,2586976,OG,core,85,Undying,0,0,1,0,0,0,1,0,10,8,429,503,13,0,0,1,1,8,0,0.8857143,0,1,0,0,0,0,0,13/08/2026
8943324841,1130066,OG vs Nigma Galaxy ,2,4461,260,0,100594231,skem,2586976,OG,support,21,Windranger,0,0,1,0,0,0,0,1,2,11,279,408,3,0,15,5,7,14,7,0.74285716,61.96672,0,0,0,0,1,0,13/08/2026
8943324841,1130066,OG vs Nigma Galaxy ,2,4461,260,0,111620041,SumaiL-,10136357,Nigma Galaxy ,core,18,Sven,1,1,0,0,0,0,0,1,7,9,923,702,44,0,0,4,3,7,0,0.4054054,52.466187,0,1,1,0,0,1,13/08/2026
8943324841,1130066,OG vs Nigma Galaxy ,2,4461,260,0,152168157,OmaR,10136357,Nigma Galaxy ,support,51,Clockwerk,1,0,0,0,0,0,0,1,5,11,100,401,1,0,21,2,2,19,7,0.7297297,89.496635,0,1,0,0,1,1,13/08/2026
8943324841,1130066,OG vs Nigma Galaxy ,2,4461,260,0,138880576,Davai,10136357,Nigma Galaxy ,core,33,Enigma,0,0,0,1,0,0,0,0,3,5,793,755,7,7,0,4,3,0,1,0.7027027,44.837948,0,0,0,0,2,1,13/08/2026
8943324841,1130066,OG vs Nigma Galaxy ,2,4461,260,0,101356886,GH,10136357,Nigma Galaxy ,support,9,Mirana,0,1,0,0,0,0,0,0,3,7,495,600,10,2,12,3,6,21,4,0.8108108,163.39906,0,1,0,0,1,1,13/08/2026
8943324841,1130066,OG vs Nigma Galaxy ,2,4461,260,0,210053851,lorenof,10136357,Nigma Galaxy ,mid,25,Lina,1,0,0,0,0,1,0,0,19,3,974,882,31,1,1,2,20,0,0,0.7297297,76.73659,0,1,0,0,0,1,13/08/2026
8943332564,1130063,LGD Gaming vs Team Resilience,2,4566,73,0,177203952,Yuma,10150538,LGD Gaming,core,18,Sven,1,1,0,0,0,0,0,1,23,2,1012,927,48,5,1,0,12,2,0,0.6481481,68.49927,0,3,2,0,2,1,13/08/2026
8943332564,1130063,LGD Gaming vs Team Resilience,2,4566,73,0,94054712,Topson,10150538,LGD Gaming,mid,120,Pangolier,1,0,0,0,0,0,0,0,10,5,768,724,13,0,1,2,18,3,0,0.7592593,140.70346,0,0,0,0,1,1,13/08/2026
8943332564,1130063,LGD Gaming vs Team Resilience,2,4566,73,0,292921272,Wisper,10150538,LGD Gaming,core,33,Enigma,0,0,0,1,0,0,0,0,7,10,797,747,17,4,0,1,5,10,0,0.5740741,57.931416,0,0,0,0,0,1,13/08/2026
8943332564,1130063,LGD Gaming vs Team Resilience,2,4566,73,0,105045291,Thiolicor,10150538,LGD Gaming,support,119,Dark Willow,0,0,1,1,0,0,0,0,5,11,192,428,11,0,10,11,9,35,5,0.6851852,308.77496,0,0,0,0,0,1,13/08/2026
8943332564,1130063,LGD Gaming vs Team Resilience,2,4566,73,0,81306398,KingJungles,10150538,LGD Gaming,support,112,Winter Wyvern,0,1,0,0,0,1,0,0,7,5,129,393,5,0,24,7,4,12,7,0.5925926,55.468082,0,0,0,0,0,1,13/08/2026
8943332564,1130063,LGD Gaming vs Team Resilience,2,4566,73,0,170896543,YSR-04E,5017210,Team Resilience,core,6,Drow Ranger,0,0,0,1,0,1,0,1,10,6,1414,907,30,2,0,7,7,4,0,0.6363636,0,0,3,2,0,0,0,13/08/2026
8943332564,1130063,LGD Gaming vs Team Resilience,2,4566,73,0,315272623,Echozz,5017210,Team Resilience,mid,13,Puck,0,1,0,0,0,0,0,0,6,8,1062,726,21,1,1,2,12,8,0,0.6060606,32.50029,0,0,0,0,0,0,13/08/2026
8943332564,1130063,LGD Gaming vs Team Resilience,2,4566,73,0,145957968,niu,5017210,Team Resilience,core,96,Centaur Warrunner,0,0,0,0,1,0,0,0,6,11,655,526,19,1,0,0,4,4,0,0.6060606,66.33354,1,0,0,0,0,0,13/08/2026
8943332564,1130063,LGD Gaming vs Team Resilience,2,4566,73,0,150961567,planet,5017210,Team Resilience,support,105,Techies,0,0,0,0,1,1,0,0,8,12,437,486,14,0,5,4,3,15,2,0.75757575,26.834362,0,0,0,0,1,0,13/08/2026
8943332564,1130063,LGD Gaming vs Team Resilience,2,4566,73,0,249835593,zzq,5017210,Team Resilience,support,85,Undying,0,0,1,0,0,0,1,0,2,17,197,365,5,0,28,2,4,11,9,0.57575756,0,0,1,0,0,1,0,13/08/2026
8943357930,1130060,BoomBoys vs Iron Wing,3,4164,0,1,172099728,Kiritych~,8255888,BoomBoys,core,6,Drow Ranger,0,0,0,1,0,1,0,1,9,4,931,897,29,6,0,3,7,3,0,0.6756757,2.5,0,3,1,0,0,1,13/08/2026
8943357930,1130060,BoomBoys vs Iron Wing,3,4164,0,1,480412663,gpk~,8255888,BoomBoys,mid,13,Puck,0,1,0,0,0,0,0,0,4,8,701,670,18,1,2,5,15,2,0,0.45945945,29.332293,0,0,0,0,1,1,13/08/2026
8943357930,1130060,BoomBoys vs Iron Wing,3,4164,0,1,165564598,MieRo,8255888,BoomBoys,core,155,Largo,0,0,1,0,1,0,0,0,13,3,447,608,17,0,0,4,7,3,0,0.8378378,37.835957,0,0,0,0,0,1,13/08/2026
8943357930,1130060,BoomBoys vs Iron Wing,3,4164,0,1,317880638,Save-,8255888,BoomBoys,support,9,Mirana,0,1,0,0,0,0,0,0,6,7,175,411,7,2,6,2,4,9,5,0.7027027,112.800964,0,0,0,0,0,1,13/08/2026
8943357930,1130060,BoomBoys vs Iron Wing,3,4164,0,1,196878136,Kataomi`,8255888,BoomBoys,support,103,Elder Titan,0,0,0,0,1,0,0,0,3,10,96,374,3,0,24,2,4,14,6,0.6216216,145.4706,0,0,0,0,0,1,13/08/2026
8943357930,1130060,BoomBoys vs Iron Wing,3,4164,0,1,86698277,33,10150413,Iron Wing,core,69,Doom,1,0,0,0,0,1,1,0,6,6,610,682,26,0,0,9,1,2,0,0.65625,36.365925,0,0,0,0,0,0,13/08/2026
8943357930,1130060,BoomBoys vs Iron Wing,3,4164,0,1,346412363,Ari,10150413,Iron Wing,support,123,Hoodwink,0,0,1,0,0,0,0,0,5,10,189,330,5,0,8,9,3,7,4,0.625,76.63062,0,0,0,0,0,0,13/08/2026
8943357930,1130060,BoomBoys vs Iron Wing,3,4164,0,1,136829091,Whitemon,10150413,Iron Wing,support,131,Ringmaster,1,0,0,0,1,0,0,0,6,8,51,331,2,0,22,10,3,19,7,0.75,41.99949,0,0,0,0,0,0,13/08/2026
8943357930,1130060,BoomBoys vs Iron Wing,3,4164,0,1,93618577,bzm,10150413,Iron Wing,mid,106,Ember Spirit,1,0,0,0,0,1,1,0,8,7,734,690,10,1,2,6,10,2,0,0.65625,109.931046,0,0,0,0,0,0,13/08/2026
8943357930,1130060,BoomBoys vs Iron Wing,3,4164,0,1,331855530,Pure,10150413,Iron Wing,core,73,Alchemist,0,0,0,0,1,0,0,0,7,6,878,982,33,3,0,9,12,2,0,0.71875,107.73125,1,3,1,0,0,0,13/08/2026
8943364918,1130069,Team Falcons vs TEAM VISION,2,3075,83,0,10366616,Sneyking,9247354,Team Falcons,support,9,Mirana,0,1,0,0,0,0,0,0,1,11,93,270,3,0,13,3,5,13,7,0.7058824,46.232136,0,0,0,0,0,0,13/08/2026
8943364918,1130069,Team Falcons vs TEAM VISION,2,3075,83,0,100058342,skiter,9247354,Team Falcons,core,21,Windranger,0,0,1,0,0,0,0,1,6,9,457,553,16,0,1,7,5,0,0,0.7647059,64.43291,0,1,1,0,0,0,13/08/2026
8943364918,1130069,Team Falcons vs TEAM VISION,2,3075,83,0,898455820,Malr1ne,9247354,Team Falcons,mid,15,Razor,0,1,0,0,0,0,0,0,5,8,418,495,8,0,2,1,10,3,0,0.7647059,27.700195,0,0,0,0,0,0,13/08/2026
8943364918,1130069,Team Falcons vs TEAM VISION,2,3075,83,0,183719386,AMMAR_THE_F,9247354,Team Falcons,core,96,Centaur Warrunner,0,0,0,0,1,0,0,0,3,12,419,514,19,1,0,2,2,5,0,0.7647059,69.20245,0,1,0,0,0,0,13/08/2026
8943364918,1130069,Team Falcons vs TEAM VISION,2,3075,83,0,25907144,Cr1t-,9247354,Team Falcons,support,58,Enchantress,0,0,1,0,0,0,0,0,2,9,237,361,12,2,7,4,1,1,0,0.64705884,55.56665,0,0,0,0,0,0,13/08/2026
8943364918,1130069,Team Falcons vs TEAM VISION,2,3075,83,0,1044002267,Satanic,9572001,TEAM VISION,core,80,Lone Druid,0,0,0,0,1,0,0,0,17,2,887,1022,21,5,1,4,13,1,0,0.6875,65.40062,0,1,1,0,0,1,13/08/2026
8943364918,1130069,Team Falcons vs TEAM VISION,2,3075,83,0,195108598,Noticed,9572001,TEAM VISION,core,28,Slardar,0,0,0,1,0,1,0,0,4,2,334,516,8,1,0,0,2,4,0,0.5833333,39.69851,0,0,0,0,0,1,13/08/2026
8943364918,1130069,Team Falcons vs TEAM VISION,2,3075,83,0,106573901,No[o]ne-,9572001,TEAM VISION,mid,106,Ember Spirit,1,0,0,0,0,1,1,0,10,4,455,651,9,2,1,6,10,4,0,0.5208333,85.46683,0,1,0,0,0,1,13/08/2026
8943364918,1130069,Team Falcons vs TEAM VISION,2,3075,83,0,164199202,9Class,9572001,TEAM VISION,support,14,Pudge,1,0,0,0,0,0,1,0,11,5,166,448,4,0,7,2,3,19,1,0.6875,67.13391,1,0,0,0,2,1,13/08/2026
8943364918,1130069,Team Falcons vs TEAM VISION,2,3075,83,0,73401082,Dukalis,9572001,TEAM VISION,support,123,Hoodwink,0,0,1,0,0,0,0,0,4,4,112,399,0,0,15,3,2,3,8,0.6666667,43.39932,0,0,0,0,0,1,13/08/2026
8943466067,1130063,LGD Gaming vs Team Resilience,3,4282,111,1,177203952,Yuma,10150538,LGD Gaming,core,4,Bloodseeker,1,0,0,0,0,0,0,1,22,6,990,989,23,6,0,0,10,4,0,0.75,18.698486,0,2,1,0,0,1,13/08/2026
8943466067,1130063,LGD Gaming vs Team Resilience,3,4282,111,1,94054712,Topson,10150538,LGD Gaming,mid,22,Zeus,0,1,0,0,0,0,0,0,11,4,543,663,13,0,1,1,15,1,0,0.86538464,89.09268,0,0,0,0,0,1,13/08/2026
8943466067,1130063,LGD Gaming vs Team Resilience,3,4282,111,1,292921272,Wisper,10150538,LGD Gaming,core,97,Magnus,0,0,0,0,1,0,0,0,12,3,926,855,30,1,1,5,9,9,0,0.75,78.90279,1,1,0,0,0,1,13/08/2026
8943466067,1130063,LGD Gaming vs Team Resilience,3,4282,111,1,105045291,Thiolicor,10150538,LGD Gaming,support,119,Dark Willow,0,0,1,1,0,0,0,0,4,13,224,461,6,0,3,4,5,28,3,0.7692308,269.26724,0,0,0,0,5,1,13/08/2026
8943466067,1130063,LGD Gaming vs Team Resilience,3,4282,111,1,81306398,KingJungles,10150538,LGD Gaming,support,112,Winter Wyvern,0,1,0,0,0,1,0,0,3,4,135,384,0,0,27,6,4,16,9,0.6730769,28.950193,0,0,0,0,0,1,13/08/2026
8943466067,1130063,LGD Gaming vs Team Resilience,3,4282,111,1,170896543,YSR-04E,5017210,Team Resilience,core,6,Drow Ranger,0,0,0,1,0,1,0,1,2,13,890,682,33,0,2,3,3,2,0,0.26666668,0,0,0,1,0,0,0,13/08/2026
8943466067,1130063,LGD Gaming vs Team Resilience,3,4282,111,1,315272623,Echozz,5017210,Team Resilience,mid,16,Sand King,0,0,0,0,1,0,0,0,12,11,500,512,13,0,1,2,11,4,1,0.8666667,73.93689,0,0,0,0,0,0,13/08/2026
8943466067,1130063,LGD Gaming vs Team Resilience,3,4282,111,1,145957968,niu,5017210,Team Resilience,core,98,Timbersaw,0,0,0,1,0,0,0,0,8,9,699,641,14,1,0,1,1,2,0,0.53333336,15.900489,0,3,1,0,0,0,13/08/2026
8943466067,1130063,LGD Gaming vs Team Resilience,3,4282,111,1,150961567,planet,5017210,Team Resilience,support,9,Mirana,0,1,0,0,0,0,0,0,4,2,369,475,10,1,9,7,7,21,6,0.6666667,69.93587,0,0,0,0,1,0,13/08/2026
8943466067,1130063,LGD Gaming vs Team Resilience,3,4282,111,1,249835593,zzq,5017210,Team Resilience,support,85,Undying,0,0,1,0,0,0,1,0,4,18,120,320,3,0,21,4,3,9,5,0.5,0.8661133,0,0,0,0,0,0,13/08/2026
8943477775,1130069,TEAM VISION vs Team Falcons,3,5678,175,1,1044002267,Satanic,9572001,TEAM VISION,core,11,Shadow Fiend,1,0,0,0,0,0,1,0,29,5,1369,1015,74,7,0,2,14,5,0,0.64285713,1.8340576,0,2,0,0,0,1,13/08/2026
8943477775,1130069,TEAM VISION vs Team Falcons,3,5678,175,1,195108598,Noticed,9572001,TEAM VISION,core,96,Centaur Warrunner,0,0,0,0,1,0,0,0,3,6,743,637,39,1,0,3,4,13,0,0.6785714,68.59944,0,0,0,0,0,1,13/08/2026
8943477775,1130069,TEAM VISION vs Team Falcons,3,5678,175,1,106573901,No[o]ne-,9572001,TEAM VISION,mid,106,Ember Spirit,1,0,0,0,0,1,1,0,18,9,853,773,28,1,1,0,17,6,0,0.83928573,120.76346,0,1,0,0,1,1,13/08/2026
8943477775,1130069,TEAM VISION vs Team Falcons,3,5678,175,1,164199202,9Class,9572001,TEAM VISION,support,21,Windranger,0,0,1,0,0,0,0,1,4,10,319,460,14,1,6,6,6,17,1,0.6785714,97.166534,0,0,0,0,1,1,13/08/2026
8943477775,1130069,TEAM VISION vs Team Falcons,3,5678,175,1,73401082,Dukalis,9572001,TEAM VISION,support,103,Elder Titan,0,0,0,0,1,0,0,0,2,9,151,398,14,1,36,3,6,11,13,0.5714286,78.76984,0,0,0,0,2,1,13/08/2026
8943477775,1130069,TEAM VISION vs Team Falcons,3,5678,175,1,10366616,Sneyking,9247354,Team Falcons,support,83,Treant Protector,0,0,1,0,1,0,0,0,0,14,376,441,21,0,10,3,7,26,1,0.4871795,119.60318,0,0,0,0,2,0,13/08/2026
8943477775,1130069,TEAM VISION vs Team Falcons,3,5678,175,1,100058342,skiter,9247354,Team Falcons,core,56,Clinkz,0,0,0,0,1,1,1,0,10,9,1043,744,64,4,0,4,9,2,0,0.6666667,0,0,3,0,0,2,0,13/08/2026
8943477775,1130069,TEAM VISION vs Team Falcons,3,5678,175,1,898455820,Malr1ne,9247354,Team Falcons,mid,107,Earth Spirit,0,0,1,0,0,0,1,0,15,5,1079,842,23,2,3,0,18,5,1,0.74358976,38.23235,0,0,1,0,1,0,13/08/2026
8943477775,1130069,TEAM VISION vs Team Falcons,3,5678,175,1,183719386,AMMAR_THE_F,9247354,Team Falcons,core,36,Necrophos,0,0,1,0,0,0,1,0,11,10,1375,859,55,0,0,12,6,11,0,0.5897436,11.86753,1,1,1,0,1,0,13/08/2026
8943477775,1130069,TEAM VISION vs Team Falcons,3,5678,175,1,25907144,Cr1t-,9247354,Team Falcons,support,26,Lion,0,0,0,1,0,0,1,1,3,18,73,287,2,0,29,6,3,7,13,0.41025642,131.93027,0,0,0,0,0,0,13/08/2026
8944475884,1130278,Team Spirit vs Aurora Gaming,1,2526,0,0,847565596,rue,7119388,Team Spirit,support,85,Undying,0,0,1,0,0,0,1,0,2,9,81,336,3,0,5,2,1,13,3,0.59375,0,0,0,0,0,0,1,14/08/2026
8944475884,1130278,Team Spirit vs Aurora Gaming,1,2526,0,0,321580662,Yatoro,7119388,Team Spirit,core,53,Nature's Prophet,0,0,1,0,0,0,0,1,11,7,688,966,28,5,1,2,3,2,1,0.8125,0,0,1,0,0,0,1,14/08/2026
8944475884,1130278,Team Spirit vs Aurora Gaming,1,2526,0,0,106305042,Larl,7119388,Team Spirit,mid,49,Dragon Knight,1,0,0,0,0,1,0,0,9,5,360,617,9,3,0,0,9,2,0,0.6875,65.33287,0,0,0,0,0,1,14/08/2026
8944475884,1130278,Team Spirit vs Aurora Gaming,1,2526,0,0,218231587,not_me,7119388,Team Spirit,support,131,Ringmaster,1,0,0,0,1,0,0,0,2,8,74,373,1,0,12,8,1,1,3,0.59375,25.799206,0,0,0,0,0,1,14/08/2026
8944475884,1130278,Team Spirit vs Aurora Gaming,1,2526,0,0,302214028,Collapse,7119388,Team Spirit,core,96,Centaur Warrunner,0,0,0,0,1,0,0,0,8,3,384,687,16,0,1,6,5,3,0,0.75,55.801308,0,0,0,0,0,1,14/08/2026
8944475884,1130278,Team Spirit vs Aurora Gaming,1,2526,0,0,124801257,Nightfall,9467224,Aurora Gaming,core,11,Shadow Fiend,1,0,0,0,0,0,1,0,10,5,465,681,24,2,0,3,1,1,0,0.75,9.050659,1,1,1,0,0,0,14/08/2026
8944475884,1130278,Team Spirit vs Aurora Gaming,1,2526,0,0,301750126,Mikoto,9467224,Aurora Gaming,mid,106,Ember Spirit,1,0,0,0,0,1,1,0,5,3,394,595,13,0,3,1,14,3,0,0.59375,73.86627,0,0,1,0,0,0,14/08/2026
8944475884,1130278,Team Spirit vs Aurora Gaming,1,2526,0,0,126842529,Ws`,9467224,Aurora Gaming,core,2,Axe,1,0,0,0,0,0,0,0,13,6,299,598,13,1,0,3,3,1,0,0.6875,42.766552,0,0,0,0,0,0,14/08/2026
8944475884,1130278,Team Spirit vs Aurora Gaming,1,2526,0,0,256156323,Mira,9467224,Aurora Gaming,support,123,Hoodwink,0,0,1,0,0,0,0,0,3,8,146,346,5,0,7,5,3,9,3,0.625,44.465378,0,0,0,0,2,0,14/08/2026
8944475884,1130278,Team Spirit vs Aurora Gaming,1,2526,0,0,320219866,kaori,9467224,Aurora Gaming,support,3,Bane,0,0,0,1,0,0,0,0,1,10,15,235,1,0,10,2,4,15,3,0.28125,54.033592,0,0,0,0,1,0,14/08/2026
8944475901,1130279,Vici Gaming vs HULIGANI,1,2828,314,0,320252024,shiro,726228,Vici Gaming,core,11,Shadow Fiend,1,0,0,0,0,0,1,0,7,1,775,794,36,4,0,1,5,1,0,0.7222222,6.3166986,0,0,1,0,0,0,14/08/2026
8944475901,1130279,Vici Gaming vs HULIGANI,1,2828,314,0,137129583,Xm,726228,Vici Gaming,mid,17,Storm Spirit,0,1,0,0,0,0,1,0,6,3,453,534,17,0,1,1,8,1,0,0.6111111,25.233374,0,0,0,0,0,0,14/08/2026
8944475901,1130279,Vici Gaming vs HULIGANI,1,2828,314,0,118134220,Bach,726228,Vici Gaming,core,28,Slardar,0,0,0,1,0,1,0,0,4,6,407,513,2,0,0,0,3,5,0,0.44444445,25.198847,0,0,0,0,0,0,14/08/2026
8944475901,1130279,Vici Gaming vs HULIGANI,1,2828,314,0,157475523,XinQ,726228,Vici Gaming,support,86,Rubick,0,0,1,0,1,0,0,1,1,5,127,309,2,0,7,2,2,4,4,0.8333333,48.332813,0,0,0,0,0,0,14/08/2026
8944475901,1130279,Vici Gaming vs HULIGANI,1,2828,314,0,111114687,y`,726228,Vici Gaming,support,85,Undying,0,0,1,0,0,0,1,0,0,6,66,299,1,0,13,3,1,12,3,0.5555556,0,0,2,0,0,0,0,14/08/2026
8944475901,1130279,Vici Gaming vs HULIGANI,1,2828,314,0,140251702,Mirage`雨,10149530,HULIGANI,mid,39,Queen of Pain,0,1,0,0,0,0,1,0,13,3,432,662,12,0,2,0,18,5,0,0.9,0,0,0,0,0,0,1,14/08/2026
8944475901,1130279,Vici Gaming vs HULIGANI,1,2828,314,0,145065875,sayuw,10149530,HULIGANI,support,100,Tusk,0,0,0,0,0,1,0,0,0,6,40,288,2,0,6,6,4,8,2,0.6,38.7002,0,0,0,0,1,1,14/08/2026
8944475901,1130279,Vici Gaming vs HULIGANI,1,2828,314,0,320017600,ssnovv1,10149530,HULIGANI,core,53,Nature's Prophet,0,0,1,0,0,0,0,1,6,2,880,984,31,7,0,4,5,1,0,0.8,0,1,1,2,0,0,1,14/08/2026
8944475901,1130279,Vici Gaming vs HULIGANI,1,2828,314,0,123787715,RESPECT,10149530,HULIGANI,support,123,Hoodwink,0,0,1,0,0,0,0,0,1,4,116,406,3,1,12,4,1,10,5,0.9,37.866062,0,1,0,0,1,1,14/08/2026
8944475901,1130279,Vici Gaming vs HULIGANI,1,2828,314,0,92487440,Corrupted,10149530,HULIGANI,core,96,Centaur Warrunner,0,0,0,0,1,0,0,0,0,4,333,560,10,1,2,4,2,4,0,0.8,62.26801,0,0,0,0,0,1,14/08/2026
8944475950,1130281,Team Yandex vs Team Liquid,1,3147,4,0,171262902,医者watson`,9823272,Team Yandex,core,145,Kez,0,1,0,0,0,0,0,0,9,3,681,807,25,4,0,4,8,4,0,0.5882353,13.333083,0,1,0,0,0,1,14/08/2026
8944475950,1130281,Team Yandex vs Team Liquid,1,3147,4,0,312436974,CHIRA_JUNIOR,9823272,Team Yandex,mid,74,Invoker,0,0,0,0,0,1,0,1,9,4,483,699,5,4,2,1,3,1,0,0.7352941,95.50602,1,0,0,0,0,1,14/08/2026
8944475950,1130281,Team Yandex vs Team Liquid,1,3147,4,0,56351509,DM,9823272,Team Yandex,core,69,Doom,1,0,0,0,0,1,1,0,5,6,441,662,18,0,0,3,5,2,0,0.47058824,21.134733,0,0,0,0,0,1,14/08/2026
8944475950,1130281,Team Yandex vs Team Liquid,1,3147,4,0,93817671,Maladych,9823272,Team Yandex,support,112,Winter Wyvern,0,1,0,0,0,1,0,0,5,11,62,319,2,0,9,4,6,5,4,0.5294118,26.76582,0,1,0,0,0,1,14/08/2026
8944475950,1130281,Team Yandex vs Team Liquid,1,3147,4,0,103735745,Saksa,9823272,Team Yandex,support,86,Rubick,0,0,1,0,1,0,0,1,5,8,236,546,2,0,12,8,9,12,5,0.7647059,63.016567,0,0,0,0,1,1,14/08/2026
8944475950,1130281,Team Yandex vs Team Liquid,1,3147,4,0,16497807,tOfu,2163,Team Liquid,support,123,Hoodwink,0,0,1,0,0,0,0,0,9,8,183,323,7,0,9,7,2,14,5,0.6875,42.833267,0,0,0,0,1,0,14/08/2026
8944475950,1130281,Team Yandex vs Team Liquid,1,3147,4,0,97590558,Ace ♠,2163,Team Liquid,core,108,Underlord,0,0,1,0,0,0,1,0,5,6,528,547,21,0,0,4,0,4,0,0.625,167.7658,0,0,0,0,0,0,14/08/2026
8944475950,1130281,Team Yandex vs Team Liquid,1,3147,4,0,201358612,Nisha,2163,Team Liquid,mid,107,Earth Spirit,0,0,1,0,0,0,1,0,8,9,401,478,9,0,2,1,9,2,0,0.65625,16.666643,0,0,0,0,0,0,14/08/2026
8944475950,1130281,Team Yandex vs Team Liquid,1,3147,4,0,77490514,Boxi,2163,Team Liquid,support,90,Keeper of the Light,0,0,0,0,1,0,0,0,2,6,232,426,2,0,12,8,6,3,3,0.5625,2.833203,0,0,0,0,0,0,14/08/2026
8944475950,1130281,Team Yandex vs Team Liquid,1,3147,4,0,152962063,m1CKe,2163,Team Liquid,core,21,Windranger,0,0,1,0,0,0,0,1,8,5,611,635,21,1,0,2,1,1,0,0.75,43.766792,0,0,1,0,0,0,14/08/2026
8944476051,1130282,GamerLegion vs Xtreme Gaming,1,1293,137,0,206642367,Ghost,9964962,GamerLegion,core,145,Kez,0,1,0,0,0,0,0,0,5,2,223,599,8,2,0,1,1,2,0,0.6111111,4.833204,1,0,0,0,0,1,14/08/2026
8944476051,1130282,GamerLegion vs Xtreme Gaming,1,1293,137,0,154974246,RCY,9964962,GamerLegion,mid,96,Centaur Warrunner,0,0,0,0,1,0,0,0,0,0,213,555,8,1,1,0,5,2,0,0.5555556,15.266676,0,0,0,0,0,1,14/08/2026
8944476051,1130282,GamerLegion vs Xtreme Gaming,1,1293,137,0,90423751,Bignum,9964962,GamerLegion,support,79,Shadow Demon,1,0,0,0,0,0,1,1,3,1,30,268,2,0,4,2,3,4,2,0.7222222,27.666626,0,0,0,0,2,1,14/08/2026
8944476051,1130282,GamerLegion vs Xtreme Gaming,1,1293,137,0,191362875,Speeed,9964962,GamerLegion,support,9,Mirana,0,1,0,0,0,0,0,0,4,3,50,316,3,0,5,0,1,6,1,0.6666667,12.133321,0,0,0,0,1,1,14/08/2026
8944476051,1130282,GamerLegion vs Xtreme Gaming,1,1293,137,0,160119017,Fayde,9964962,GamerLegion,core,33,Enigma,0,0,0,1,0,0,0,0,6,0,192,532,4,1,0,1,2,2,0,0.7222222,26.666918,0,0,0,0,0,1,14/08/2026
8944476051,1130282,GamerLegion vs Xtreme Gaming,1,1293,137,0,898754153,Ame,8261500,Xtreme Gaming,core,54,Lifestealer,0,0,0,0,0,0,1,0,1,1,173,412,9,0,0,1,2,2,0,0.5,0,0,0,0,0,0,0,14/08/2026
8944476051,1130282,GamerLegion vs Xtreme Gaming,1,1293,137,0,173978074,NothingToSay,8261500,Xtreme Gaming,mid,13,Puck,0,1,0,0,0,0,0,0,2,4,133,378,3,0,1,1,5,0,0,0.5,3,0,0,0,0,1,0,14/08/2026
8944476051,1130282,GamerLegion vs Xtreme Gaming,1,1293,137,0,129958758,Xxs,8261500,Xtreme Gaming,core,155,Largo,0,0,1,0,1,0,0,0,1,4,123,360,6,0,0,1,1,0,0,1,6.3678675,0,0,0,0,0,0,14/08/2026
8944476051,1130282,GamerLegion vs Xtreme Gaming,1,1293,137,0,101695162,fy,8261500,Xtreme Gaming,support,119,Dark Willow,0,0,1,1,0,0,0,0,1,5,29,212,3,0,3,4,0,5,1,1,52.366623,0,0,0,0,0,0,14/08/2026
8944476051,1130282,GamerLegion vs Xtreme Gaming,1,1293,137,0,94296097,xNova,8261500,Xtreme Gaming,support,131,Ringmaster,1,0,0,0,1,0,0,0,1,4,19,171,1,0,6,2,4,7,1,0.6666667,5.366528,0,0,0,0,0,0,14/08/2026
8944506550,1130282,Xtreme Gaming vs GamerLegion,2,2832,166,0,898754153,Ame,8261500,Xtreme Gaming,core,91,Io,0,1,0,0,0,0,0,0,4,7,608,641,23,1,0,1,2,2,0,0.4,1.2,0,0,0,0,0,0,14/08/2026
8944506550,1130282,Xtreme Gaming vs GamerLegion,2,2832,166,0,173978074,NothingToSay,8261500,Xtreme Gaming,mid,59,Huskar,0,1,0,0,0,1,1,0,5,8,406,493,10,1,1,2,3,1,0,0.4,20.06665,0,0,0,0,0,0,14/08/2026
8944506550,1130282,Xtreme Gaming vs GamerLegion,2,2832,166,0,129958758,Xxs,8261500,Xtreme Gaming,core,98,Timbersaw,0,0,0,1,0,0,0,0,6,5,543,635,21,1,0,1,1,0,0,0.4,15.43335,0,0,0,0,0,0,14/08/2026
8944506550,1130282,Xtreme Gaming vs GamerLegion,2,2832,166,0,101695162,fy,8261500,Xtreme Gaming,support,7,Earthshaker,0,0,0,0,1,0,0,0,0,8,141,330,2,0,7,1,3,8,3,0.6666667,148.53943,0,0,0,0,1,0,14/08/2026
8944506550,1130282,Xtreme Gaming vs GamerLegion,2,2832,166,0,94296097,xNova,8261500,Xtreme Gaming,support,9,Mirana,0,1,0,0,0,0,0,0,0,8,98,282,3,0,14,3,3,14,3,0.53333336,53.36713,0,0,0,0,1,0,14/08/2026
8944506550,1130282,Xtreme Gaming vs GamerLegion,2,2832,166,0,206642367,Ghost,9964962,GamerLegion,core,11,Shadow Fiend,1,0,0,0,0,0,1,0,12,1,557,800,26,6,0,0,3,1,0,0.5555556,6.0003657,0,1,1,0,0,1,14/08/2026
8944506550,1130282,Xtreme Gaming vs GamerLegion,2,2832,166,0,154974246,RCY,9964962,GamerLegion,mid,106,Ember Spirit,1,0,0,0,0,1,1,0,12,2,380,644,13,1,3,5,12,2,0,0.7777778,67.66592,0,0,0,0,0,1,14/08/2026
8944506550,1130282,Xtreme Gaming vs GamerLegion,2,2832,166,0,191362875,Speeed,9964962,GamerLegion,support,112,Winter Wyvern,0,1,0,0,0,1,0,0,3,3,56,360,1,1,6,3,5,11,4,0.5555556,21.66621,0,0,0,0,1,1,14/08/2026
8944506550,1130282,Xtreme Gaming vs GamerLegion,2,2832,166,0,90423751,Bignum,9964962,GamerLegion,support,119,Dark Willow,0,0,1,1,0,0,0,0,4,9,27,340,0,0,12,2,7,7,4,0.6388889,121.16596,0,0,0,0,0,1,14/08/2026
8944506550,1130282,Xtreme Gaming vs GamerLegion,2,2832,166,0,160119017,Fayde,9964962,GamerLegion,core,96,Centaur Warrunner,0,0,0,0,1,0,0,0,5,0,463,676,18,1,1,3,7,3,0,0.7777778,69.034615,1,1,0,0,0,1,14/08/2026
8944521792,1130278,Aurora Gaming vs Team Spirit,2,2619,0,0,124801257,Nightfall,9467224,Aurora Gaming,core,18,Sven,1,1,0,0,0,0,0,1,9,3,547,698,27,2,0,1,1,2,0,0.64,42.39978,0,1,0,0,1,0,14/08/2026
8944521792,1130278,Aurora Gaming vs Team Spirit,2,2619,0,0,301750126,Mikoto,9467224,Aurora Gaming,mid,25,Lina,1,0,0,0,0,1,0,0,5,5,409,591,8,2,1,1,10,4,0,0.68,44.66719,1,0,0,0,0,0,14/08/2026
8944521792,1130278,Aurora Gaming vs Team Spirit,2,2619,0,0,126842529,Ws`,9467224,Aurora Gaming,core,96,Centaur Warrunner,0,0,0,0,1,0,0,0,0,6,384,586,12,1,1,3,3,6,0,0.24,36.10053,0,0,0,0,0,0,14/08/2026
8944521792,1130278,Aurora Gaming vs Team Spirit,2,2619,0,0,256156323,Mira,9467224,Aurora Gaming,support,79,Shadow Demon,1,0,0,0,0,0,1,1,8,11,67,353,2,1,12,4,4,4,3,0.72,52.566284,0,1,0,0,3,0,14/08/2026
8944521792,1130278,Aurora Gaming vs Team Spirit,2,2619,0,0,320219866,kaori,9467224,Aurora Gaming,support,110,Phoenix,1,0,0,0,1,1,0,0,3,11,130,349,7,0,5,4,2,10,3,0.48,1.8666992,0,0,0,0,0,0,14/08/2026
8944521792,1130278,Aurora Gaming vs Team Spirit,2,2619,0,0,847565596,rue,7119388,Team Spirit,support,64,Jakiro,1,1,0,0,0,1,0,0,2,8,75,369,0,1,4,4,1,8,2,0.5555556,33.933716,0,0,0,0,0,1,14/08/2026
8944521792,1130278,Aurora Gaming vs Team Spirit,2,2619,0,0,321580662,Yatoro,7119388,Team Spirit,core,80,Lone Druid,0,0,0,0,1,0,0,0,12,1,698,959,21,6,1,7,8,1,0,0.6388889,88.76831,0,0,0,0,1,1,14/08/2026
8944521792,1130278,Aurora Gaming vs Team Spirit,2,2619,0,0,106305042,Larl,7119388,Team Spirit,mid,107,Earth Spirit,0,0,1,0,0,0,1,0,11,3,345,640,9,0,1,1,11,4,0,0.6666667,15.499925,0,0,1,0,0,1,14/08/2026
8944521792,1130278,Aurora Gaming vs Team Spirit,2,2619,0,0,218231587,not_me,7119388,Team Spirit,support,3,Bane,0,0,0,1,0,0,0,0,4,10,42,314,2,0,12,1,3,2,3,0.4722222,83.33388,0,0,0,0,2,1,14/08/2026
8944521792,1130278,Aurora Gaming vs Team Spirit,2,2619,0,0,302214028,Collapse,7119388,Team Spirit,core,129,Mars,1,0,0,0,0,0,0,0,7,3,391,611,14,0,1,4,2,8,1,0.44444445,57.16724,0,0,1,0,0,1,14/08/2026
8944521919,1130279,Vici Gaming vs HULIGANI,2,2704,92,0,320252024,shiro,726228,Vici Gaming,core,11,Shadow Fiend,1,0,0,0,0,0,1,0,10,0,573,791,21,7,0,2,5,1,0,0.72,6.6502438,0,2,2,0,0,1,14/08/2026
8944521919,1130279,Vici Gaming vs HULIGANI,2,2704,92,0,137129583,Xm,726228,Vici Gaming,mid,120,Pangolier,1,0,0,0,0,0,0,0,5,1,506,699,13,1,2,0,15,5,0,0.72,36.03663,0,0,0,0,0,1,14/08/2026
8944521919,1130279,Vici Gaming vs HULIGANI,2,2704,92,0,118134220,Bach,726228,Vici Gaming,core,69,Doom,1,0,0,0,0,1,1,0,3,5,446,700,18,0,0,7,1,3,0,0.56,24.099972,0,0,0,0,0,1,14/08/2026
8944521919,1130279,Vici Gaming vs HULIGANI,2,2704,92,0,157475523,XinQ,726228,Vici Gaming,support,86,Rubick,0,0,1,0,1,0,0,1,4,4,115,402,4,0,6,4,4,9,5,0.72,224.9672,1,0,0,0,0,1,14/08/2026
8944521919,1130279,Vici Gaming vs HULIGANI,2,2704,92,0,111114687,y`,726228,Vici Gaming,support,100,Tusk,0,0,0,0,0,1,0,0,3,4,43,343,0,0,13,1,2,27,3,0.84,38.800884,0,0,0,0,1,1,14/08/2026
8944521919,1130279,Vici Gaming vs HULIGANI,2,2704,92,0,140251702,Mirage`雨,10149530,HULIGANI,mid,39,Queen of Pain,0,1,0,0,0,0,1,0,3,4,456,565,15,0,2,1,14,3,0,0.64285713,0,0,0,0,0,1,0,14/08/2026
8944521919,1130279,Vici Gaming vs HULIGANI,2,2704,92,0,145065875,sayuw,10149530,HULIGANI,support,90,Keeper of the Light,0,0,0,0,1,0,0,0,1,5,50,303,1,0,5,7,1,8,3,0.64285713,0,0,0,0,0,1,0,14/08/2026
8944521919,1130279,Vici Gaming vs HULIGANI,2,2704,92,0,123787715,RESPECT,10149530,HULIGANI,support,131,Ringmaster,1,0,0,0,1,0,0,0,2,6,40,280,1,0,10,10,1,10,4,0.78571427,38.10034,0,0,0,0,0,0,14/08/2026
8944521919,1130279,Vici Gaming vs HULIGANI,2,2704,92,0,320017600,ssnovv1,10149530,HULIGANI,core,109,Terrorblade,0,0,0,1,0,0,1,0,3,4,689,794,24,5,1,3,2,7,0,0.71428573,0,0,1,0,0,0,0,14/08/2026
8944521919,1130279,Vici Gaming vs HULIGANI,2,2704,92,0,92487440,Corrupted,10149530,HULIGANI,core,108,Underlord,0,0,1,0,0,0,1,0,4,6,410,611,16,0,1,2,0,4,0,0.71428573,171.66518,0,0,0,0,1,0,14/08/2026
8944525313,1130281,Team Liquid vs Team Yandex,2,2377,0,0,16497807,tOfu,2163,Team Liquid,support,79,Shadow Demon,1,0,0,0,0,0,1,1,8,7,32,383,0,0,9,3,1,6,4,0.64285713,32.599426,0,0,0,0,0,1,14/08/2026
8944525313,1130281,Team Liquid vs Team Yandex,2,2377,0,0,97590558,Ace ♠,2163,Team Liquid,core,77,Lycan,1,0,0,0,0,0,0,0,8,0,315,644,17,2,0,1,1,4,0,0.71428573,6.6666994,0,0,1,0,1,1,14/08/2026
8944525313,1130281,Team Liquid vs Team Yandex,2,2377,0,0,201358612,Nisha,2163,Team Liquid,mid,25,Lina,1,0,0,0,0,1,0,0,6,4,411,730,17,1,2,2,10,1,0,0.52380955,88.70351,0,1,0,0,0,1,14/08/2026
8944525313,1130281,Team Liquid vs Team Yandex,2,2377,0,0,77490514,Boxi,2163,Team Liquid,support,123,Hoodwink,0,0,1,0,0,0,0,0,8,7,68,382,1,0,7,0,0,5,3,0.71428573,81.39842,1,0,0,0,0,1,14/08/2026
8944525313,1130281,Team Liquid vs Team Yandex,2,2377,0,0,152962063,m1CKe,2163,Team Liquid,core,114,Monkey King,0,0,1,0,0,0,0,1,12,3,519,907,16,5,0,2,1,4,0,0.7380952,40.29925,0,1,0,0,1,1,14/08/2026
8944525313,1130281,Team Liquid vs Team Yandex,2,2377,0,0,171262902,医者watson`,9823272,Team Yandex,core,89,Naga Siren,0,0,1,0,0,1,0,0,6,3,664,834,30,2,1,4,3,1,0,0.52380955,59.56884,0,1,0,0,2,0,14/08/2026
8944525313,1130281,Team Liquid vs Team Yandex,2,2377,0,0,312436974,CHIRA_JUNIOR,9823272,Team Yandex,mid,74,Invoker,0,0,0,0,0,1,0,1,5,10,300,514,12,0,1,6,2,0,0,0.61904764,59.704308,0,0,0,0,0,0,14/08/2026
8944525313,1130281,Team Liquid vs Team Yandex,2,2377,0,0,56351509,DM,9823272,Team Yandex,core,2,Axe,1,0,0,0,0,0,0,0,3,9,308,545,8,0,0,2,3,3,0,0.47619048,43.700363,0,0,0,0,0,0,14/08/2026
8944525313,1130281,Team Liquid vs Team Yandex,2,2377,0,0,93817671,Maladych,9823272,Team Yandex,support,3,Bane,0,0,0,1,0,0,0,0,3,14,32,267,1,0,9,4,2,7,2,0.42857143,79.90068,0,0,0,0,2,0,14/08/2026
8944525313,1130281,Team Liquid vs Team Yandex,2,2377,0,0,103735745,Saksa,9823272,Team Yandex,support,9,Mirana,0,1,0,0,0,0,0,0,4,6,122,394,4,0,7,1,10,12,5,0.85714287,55.899574,0,0,0,0,0,0,14/08/2026
8944553935,1130301,LGD Gaming vs Nigma Galaxy ,1,3012,72,0,177203952,Yuma,10150538,LGD Gaming,core,80,Lone Druid,0,0,0,0,1,0,0,0,10,1,801,824,17,2,1,3,5,2,0,0.6923077,89.3342,1,0,1,0,0,0,14/08/2026
8944553935,1130301,LGD Gaming vs Nigma Galaxy ,1,3012,72,0,94054712,Topson,10150538,LGD Gaming,mid,47,Viper,0,0,1,0,0,0,0,0,2,8,645,660,16,1,1,3,7,0,0,0.3846154,0,0,1,0,0,0,0,14/08/2026
8944553935,1130301,LGD Gaming vs Nigma Galaxy ,1,3012,72,0,292921272,Wisper,10150538,LGD Gaming,core,2,Axe,1,0,0,0,0,0,0,0,13,5,529,693,12,0,0,3,6,9,0,0.6923077,31.766796,0,0,0,0,1,0,14/08/2026
8944553935,1130301,LGD Gaming vs Nigma Galaxy ,1,3012,72,0,105045291,Thiolicor,10150538,LGD Gaming,support,119,Dark Willow,0,0,1,1,0,0,0,0,1,9,70,268,1,0,5,5,3,21,3,0.5769231,251.50932,0,0,0,0,0,0,14/08/2026
8944553935,1130301,LGD Gaming vs Nigma Galaxy ,1,3012,72,0,81306398,KingJungles,10150538,LGD Gaming,support,110,Phoenix,1,0,0,0,1,1,0,0,0,6,173,346,3,0,16,6,4,5,4,0.53846157,16.266993,0,0,0,0,0,0,14/08/2026
8944553935,1130301,LGD Gaming vs Nigma Galaxy ,1,3012,72,0,111620041,SumaiL-,10136357,Nigma Galaxy ,core,106,Ember Spirit,1,0,0,0,0,1,1,0,4,3,452,601,8,0,0,2,8,6,0,0.7241379,92.06526,0,1,0,0,0,1,14/08/2026
8944553935,1130301,LGD Gaming vs Nigma Galaxy ,1,3012,72,0,152168157,OmaR,10136357,Nigma Galaxy ,support,51,Clockwerk,1,0,0,0,0,0,0,1,0,11,41,320,1,0,16,3,3,12,4,0.6896552,90.893906,0,0,0,0,2,1,14/08/2026
8944553935,1130301,LGD Gaming vs Nigma Galaxy ,1,3012,72,0,138880576,Davai,10136357,Nigma Galaxy ,core,36,Necrophos,0,0,1,0,0,0,1,0,9,6,592,797,23,1,0,3,3,1,0,0.82758623,16.166456,0,0,0,0,0,1,14/08/2026
8944553935,1130301,LGD Gaming vs Nigma Galaxy ,1,3012,72,0,101356886,GH,10136357,Nigma Galaxy ,support,50,Dazzle,0,0,0,1,0,0,0,0,0,5,65,301,0,0,7,2,3,15,5,0.5862069,19.732153,0,0,0,0,0,1,14/08/2026
8944553935,1130301,LGD Gaming vs Nigma Galaxy ,1,3012,72,0,210053851,lorenof,10136357,Nigma Galaxy ,mid,53,Nature's Prophet,0,0,1,0,0,0,0,1,16,1,876,1100,25,10,1,5,6,2,0,0.86206895,5.166748,0,2,1,0,1,1,14/08/2026
8944565060,1130305,BoomBoys vs TEAM VISION,1,2214,8,0,172099728,Kiritych~,8255888,BoomBoys,core,54,Lifestealer,0,0,0,0,0,0,1,0,0,5,411,568,17,0,0,5,3,3,0,0.2,0,0,1,0,0,0,0,14/08/2026
8944565060,1130305,BoomBoys vs TEAM VISION,1,2214,8,0,480412663,gpk~,8255888,BoomBoys,mid,13,Puck,0,1,0,0,0,0,0,0,4,4,345,503,11,0,2,1,11,0,0,0.8,5.5,0,0,0,0,1,0,14/08/2026
8944565060,1130305,BoomBoys vs TEAM VISION,1,2214,8,0,165564598,MieRo,8255888,BoomBoys,core,33,Enigma,0,0,0,1,0,0,0,0,3,8,290,504,9,2,0,0,1,0,0,0.7,28.699297,0,0,0,0,0,0,14/08/2026
8944565060,1130305,BoomBoys vs TEAM VISION,1,2214,8,0,317880638,Save-,8255888,BoomBoys,support,90,Keeper of the Light,0,0,0,0,1,0,0,0,1,6,124,309,3,0,6,3,1,5,4,0.8,0,0,0,0,0,0,0,14/08/2026
8944565060,1130305,BoomBoys vs TEAM VISION,1,2214,8,0,196878136,Kataomi`,8255888,BoomBoys,support,123,Hoodwink,0,0,1,0,0,0,0,0,2,8,76,268,6,0,10,3,1,9,2,0.6,38.199974,0,0,0,0,1,0,14/08/2026
8944565060,1130305,BoomBoys vs TEAM VISION,1,2214,8,0,1044002267,Satanic,9572001,TEAM VISION,core,46,Templar Assassin,0,0,0,1,0,0,0,0,11,0,688,986,34,6,0,5,5,0,0,0.61290324,4.3663087,0,1,1,0,0,1,14/08/2026
8944565060,1130305,BoomBoys vs TEAM VISION,1,2214,8,0,195108598,Noticed,9572001,TEAM VISION,core,96,Centaur Warrunner,0,0,0,0,1,0,0,0,2,1,453,695,8,1,0,3,1,2,0,0.83870965,42.634727,0,0,0,0,1,1,14/08/2026
8944565060,1130305,BoomBoys vs TEAM VISION,1,2214,8,0,106573901,No[o]ne-,9572001,TEAM VISION,mid,107,Earth Spirit,0,0,1,0,0,0,1,0,12,1,334,665,6,1,1,0,10,5,0,0.7419355,21.29951,0,0,0,0,0,1,14/08/2026
8944565060,1130305,BoomBoys vs TEAM VISION,1,2214,8,0,164199202,9Class,9572001,TEAM VISION,support,119,Dark Willow,0,0,1,1,0,0,0,0,4,3,43,332,1,0,5,6,2,10,3,0.48387095,41.366867,1,0,0,0,0,1,14/08/2026
8944565060,1130305,BoomBoys vs TEAM VISION,1,2214,8,0,73401082,Dukalis,9572001,TEAM VISION,support,83,Treant Protector,0,0,1,0,1,0,0,0,2,5,14,322,0,0,10,0,1,3,3,0.5483871,27.06665,0,1,0,0,0,1,14/08/2026
8944566156,1130279,Vici Gaming vs HULIGANI,3,3255,286,1,320252024,shiro,726228,Vici Gaming,core,19,Tiny,0,0,0,0,1,0,0,0,6,4,735,784,25,3,0,1,4,0,0,0.5416667,29.000385,0,0,0,0,1,1,14/08/2026
8944566156,1130279,Vici Gaming vs HULIGANI,3,3255,286,1,137129583,Xm,726228,Vici Gaming,mid,114,Monkey King,0,0,1,0,0,0,0,1,8,4,584,692,11,1,2,1,10,4,0,0.75,23.635271,0,0,0,0,1,1,14/08/2026
8944566156,1130279,Vici Gaming vs HULIGANI,3,3255,286,1,118134220,Bach,726228,Vici Gaming,core,97,Magnus,0,0,0,0,1,0,0,0,4,3,459,565,14,1,0,1,1,2,0,0.7916667,63.765606,0,0,1,0,0,1,14/08/2026
8944566156,1130279,Vici Gaming vs HULIGANI,3,3255,286,1,157475523,XinQ,726228,Vici Gaming,support,119,Dark Willow,0,0,1,1,0,0,0,0,4,3,141,408,2,0,4,5,7,10,3,0.75,204.26363,1,1,0,0,2,1,14/08/2026
8944566156,1130279,Vici Gaming vs HULIGANI,3,3255,286,1,111114687,y`,726228,Vici Gaming,support,9,Mirana,0,1,0,0,0,0,0,0,2,7,142,363,5,0,17,3,5,16,6,0.8333333,18.666561,0,0,0,0,0,1,14/08/2026
8944566156,1130279,Vici Gaming vs HULIGANI,3,3255,286,1,140251702,Mirage`雨,10149530,HULIGANI,mid,120,Pangolier,1,0,0,0,0,0,0,0,4,4,484,540,23,0,1,2,14,0,1,0.6666667,40.351997,0,0,0,0,0,0,14/08/2026
8944566156,1130279,Vici Gaming vs HULIGANI,3,3255,286,1,145065875,sayuw,10149530,HULIGANI,support,100,Tusk,0,0,0,0,0,1,0,0,1,6,37,291,1,1,9,7,2,11,5,0.8095238,31.43337,0,0,0,0,1,0,14/08/2026
8944566156,1130279,Vici Gaming vs HULIGANI,3,3255,286,1,123787715,RESPECT,10149530,HULIGANI,support,123,Hoodwink,0,0,1,0,0,0,0,0,5,7,134,387,1,0,12,3,3,10,3,0.8095238,34.366817,0,0,0,0,0,0,14/08/2026
8944566156,1130279,Vici Gaming vs HULIGANI,3,3255,286,1,320017600,ssnovv1,10149530,HULIGANI,core,54,Lifestealer,0,0,0,0,0,0,1,0,8,3,643,727,19,5,1,2,4,1,0,0.71428573,8.233403,0,3,1,0,0,0,14/08/2026
8944566156,1130279,Vici Gaming vs HULIGANI,3,3255,286,1,92487440,Corrupted,10149530,HULIGANI,core,55,Dark Seer,0,0,0,1,0,0,0,0,3,5,544,665,10,1,1,8,4,3,0,1,12.466487,0,0,0,0,0,0,14/08/2026
8944570404,1130281,Team Liquid vs Team Yandex,3,2290,141,1,16497807,tOfu,2163,Team Liquid,support,123,Hoodwink,0,0,1,0,0,0,0,0,3,4,100,363,2,0,7,2,2,15,4,0.5862069,47.39872,0,0,0,0,1,1,14/08/2026
8944570404,1130281,Team Liquid vs Team Yandex,3,2290,141,1,97590558,Ace ♠,2163,Team Liquid,core,29,Tidehunter,0,0,1,0,0,1,0,0,4,1,309,580,9,2,0,4,0,6,0,0.41379312,18.367138,0,0,0,0,0,1,14/08/2026
8944570404,1130281,Team Liquid vs Team Yandex,3,2290,141,1,201358612,Nisha,2163,Team Liquid,mid,107,Earth Spirit,0,0,1,0,0,0,1,0,8,1,316,647,3,1,2,2,16,1,0,0.6551724,25.132858,0,0,0,0,0,1,14/08/2026
8944570404,1130281,Team Liquid vs Team Yandex,3,2290,141,1,77490514,Boxi,2163,Team Liquid,support,21,Windranger,0,0,1,0,0,0,0,1,2,2,55,325,0,0,9,6,3,6,3,0.4827586,32.89968,0,1,1,0,0,1,14/08/2026
8944570404,1130281,Team Liquid vs Team Yandex,3,2290,141,1,152962063,m1CKe,2163,Team Liquid,core,11,Shadow Fiend,1,0,0,0,0,0,1,0,11,2,505,830,32,7,0,6,3,3,0,0.4827586,3.0012698,1,1,0,0,0,1,14/08/2026
8944570404,1130281,Team Liquid vs Team Yandex,3,2290,141,1,171262902,医者watson`,9823272,Team Yandex,core,80,Lone Druid,0,0,0,0,1,0,0,0,0,3,453,541,9,0,0,4,3,0,0,0.3,39.099857,0,1,0,0,0,0,14/08/2026
8944570404,1130281,Team Liquid vs Team Yandex,3,2290,141,1,312436974,CHIRA_JUNIOR,9823272,Team Yandex,mid,137,Primal Beast,1,0,0,0,1,0,0,0,3,4,319,483,8,0,2,1,5,3,0,0.9,44.634502,0,0,1,0,0,0,14/08/2026
8944570404,1130281,Team Liquid vs Team Yandex,3,2290,141,1,56351509,DM,9823272,Team Yandex,core,55,Dark Seer,0,0,0,1,0,0,0,0,4,6,364,578,11,0,0,2,3,2,0,0.9,9.533203,0,0,0,0,1,0,14/08/2026
8944570404,1130281,Team Liquid vs Team Yandex,3,2290,141,1,93817671,Maladych,9823272,Team Yandex,support,64,Jakiro,1,1,0,0,0,1,0,0,3,9,63,294,1,0,7,1,3,4,1,0.6,20.466675,0,0,0,0,1,0,14/08/2026
8944570404,1130281,Team Liquid vs Team Yandex,3,2290,141,1,103735745,Saksa,9823272,Team Yandex,support,90,Keeper of the Light,0,0,0,0,1,0,0,0,0,7,153,354,5,0,7,9,1,12,4,0.6,2.5,0,0,0,0,0,0,14/08/2026
8944602781,1130301,LGD Gaming vs Nigma Galaxy ,2,3750,9,0,177203952,Yuma,10150538,LGD Gaming,core,36,Necrophos,0,0,1,0,0,0,1,0,10,6,719,746,20,2,0,7,5,0,0,0.53488374,12.266944,0,1,0,0,0,0,14/08/2026
8944602781,1130301,LGD Gaming vs Nigma Galaxy ,2,3750,9,0,94054712,Topson,10150538,LGD Gaming,mid,32,Riki,0,0,0,1,0,0,0,0,16,8,342,499,4,0,1,0,20,3,0,0.7209302,0,0,0,2,0,0,0,14/08/2026
8944602781,1130301,LGD Gaming vs Nigma Galaxy ,2,3750,9,0,292921272,Wisper,10150538,LGD Gaming,core,38,Beastmaster,1,0,0,0,0,0,0,0,8,7,666,686,30,2,0,11,2,7,0,0.55813956,101.567215,0,1,0,0,0,0,14/08/2026
8944602781,1130301,LGD Gaming vs Nigma Galaxy ,2,3750,9,0,105045291,Thiolicor,10150538,LGD Gaming,support,119,Dark Willow,0,0,1,1,0,0,0,0,6,10,117,339,0,0,8,3,7,31,5,0.60465115,168.43292,0,0,0,0,3,0,14/08/2026
8944602781,1130301,LGD Gaming vs Nigma Galaxy ,2,3750,9,0,81306398,KingJungles,10150538,LGD Gaming,support,51,Clockwerk,1,0,0,0,0,0,0,1,3,11,62,313,3,1,18,3,6,4,5,0.55813956,85.965256,0,0,0,0,1,0,14/08/2026
8944602781,1130301,LGD Gaming vs Nigma Galaxy ,2,3750,9,0,111620041,SumaiL-,10136357,Nigma Galaxy ,core,56,Clinkz,0,0,0,0,1,1,1,0,14,12,783,817,18,5,0,0,2,2,0,0.7619048,8.400488,0,1,0,0,0,1,14/08/2026
8944602781,1130301,LGD Gaming vs Nigma Galaxy ,2,3750,9,0,152168157,OmaR,10136357,Nigma Galaxy ,support,27,Shadow Shaman,0,0,0,0,1,0,0,1,3,17,90,358,2,1,16,2,5,13,5,0.64285713,139.96806,1,0,0,0,1,1,14/08/2026
8944602781,1130301,LGD Gaming vs Nigma Galaxy ,2,3750,9,0,138880576,Davai,10136357,Nigma Galaxy ,core,155,Largo,0,0,1,0,1,0,0,0,9,3,512,679,18,0,0,10,3,1,0,0.7380952,22.9653,0,1,0,0,0,1,14/08/2026
8944602781,1130301,LGD Gaming vs Nigma Galaxy ,2,3750,9,0,101356886,GH,10136357,Nigma Galaxy ,support,112,Winter Wyvern,0,1,0,0,0,1,0,0,1,10,133,384,1,0,10,5,3,13,5,0.5952381,20.650635,0,1,0,0,1,1,14/08/2026
8944602781,1130301,LGD Gaming vs Nigma Galaxy ,2,3750,9,0,210053851,lorenof,10136357,Nigma Galaxy ,mid,13,Puck,0,1,0,0,0,0,0,0,14,2,704,834,26,1,2,1,10,0,0,0.71428573,25.698309,0,1,0,0,0,1,14/08/2026
8944611964,1130309,Iron Wing vs Team Falcons,1,4085,9,0,86698277,33,10150413,Iron Wing,core,55,Dark Seer,0,0,0,1,0,0,0,0,4,8,607,695,25,0,1,4,1,2,0,0.68292683,18.332417,0,0,0,0,0,1,14/08/2026
8944611964,1130309,Iron Wing vs Team Falcons,1,4085,9,0,346412363,Ari,10150413,Iron Wing,support,119,Dark Willow,0,0,1,1,0,0,0,0,3,11,76,343,3,0,7,1,2,6,3,0.6585366,263.9661,0,0,0,0,0,1,14/08/2026
8944611964,1130309,Iron Wing vs Team Falcons,1,4085,9,0,136829091,Whitemon,10150413,Iron Wing,support,131,Ringmaster,1,0,0,0,1,0,0,0,11,9,74,389,1,0,22,1,2,7,8,0.75609756,93.70096,0,0,0,0,0,1,14/08/2026
8944611964,1130309,Iron Wing vs Team Falcons,1,4085,9,0,93618577,bzm,10150413,Iron Wing,mid,107,Earth Spirit,0,0,1,0,0,0,1,0,12,6,538,713,8,0,1,0,12,5,0,0.8780488,49.36061,0,0,0,0,0,1,14/08/2026
8944611964,1130309,Iron Wing vs Team Falcons,1,4085,9,0,331855530,Pure,10150413,Iron Wing,core,54,Lifestealer,0,0,0,0,0,0,1,0,10,9,682,728,35,8,0,0,4,5,0,0.63414633,27.69739,0,3,0,0,0,1,14/08/2026
8944611964,1130309,Iron Wing vs Team Falcons,1,4085,9,0,10366616,Sneyking,9247354,Team Falcons,support,58,Enchantress,0,0,1,0,0,0,0,0,1,10,415,479,8,3,10,15,8,18,3,0.3488372,37.435444,0,0,0,0,1,0,14/08/2026
8944611964,1130309,Iron Wing vs Team Falcons,1,4085,9,0,100058342,skiter,9247354,Team Falcons,core,18,Sven,1,1,0,0,0,0,0,1,13,5,921,792,34,1,0,1,13,7,0,0.4883721,82.06793,0,1,2,0,0,0,14/08/2026
8944611964,1130309,Iron Wing vs Team Falcons,1,4085,9,0,898455820,Malr1ne,9247354,Team Falcons,mid,128,Snapfire,1,0,0,0,0,0,0,0,17,3,698,782,16,1,2,6,15,5,0,0.7209302,45.63364,1,0,1,0,2,0,14/08/2026
8944611964,1130309,Iron Wing vs Team Falcons,1,4085,9,0,183719386,AMMAR_THE_F,9247354,Team Falcons,core,28,Slardar,0,0,0,1,0,1,0,0,8,10,576,633,13,1,0,4,8,9,0,0.4883721,68.53324,0,1,0,0,1,0,14/08/2026
8944611964,1130309,Iron Wing vs Team Falcons,1,4085,9,0,25907144,Cr1t-,9247354,Team Falcons,support,123,Hoodwink,0,0,1,0,0,0,0,0,3,13,171,344,2,0,19,8,4,7,7,0.5116279,61.33432,0,0,0,0,2,0,14/08/2026
8944612322,1130305,TEAM VISION vs BoomBoys,2,4116,108,0,1044002267,Satanic,9572001,TEAM VISION,core,8,Juggernaut,0,0,0,0,0,0,0,1,7,1,1198,957,36,6,0,1,9,3,0,0.65,0,0,2,0,0,0,1,14/08/2026
8944612322,1130305,TEAM VISION vs BoomBoys,2,4116,108,0,195108598,Noticed,9572001,TEAM VISION,core,55,Dark Seer,0,0,0,1,0,0,0,0,3,6,797,740,17,0,0,3,8,2,0,0.8,28.066406,0,0,0,0,0,1,14/08/2026
8944612322,1130305,TEAM VISION vs BoomBoys,2,4116,108,0,106573901,No[o]ne-,9572001,TEAM VISION,mid,107,Earth Spirit,0,0,1,0,0,0,1,0,8,8,620,655,9,0,2,2,15,10,0,0.9,23.033638,0,0,0,0,0,1,14/08/2026
8944612322,1130305,TEAM VISION vs BoomBoys,2,4116,108,0,164199202,9Class,9572001,TEAM VISION,support,62,Bounty Hunter,0,0,0,0,1,0,0,1,1,11,49,321,3,0,11,0,8,12,1,0.6,25.499369,0,0,0,0,4,1,14/08/2026
8944612322,1130305,TEAM VISION vs BoomBoys,2,4116,108,0,73401082,Dukalis,9572001,TEAM VISION,support,58,Enchantress,0,0,1,0,0,0,0,0,1,7,252,410,6,3,18,8,2,7,10,0.5,4.8332033,0,1,0,0,0,1,14/08/2026
8944612322,1130305,TEAM VISION vs BoomBoys,2,4116,108,0,172099728,Kiritych~,8255888,BoomBoys,core,36,Necrophos,0,0,1,0,0,0,1,0,13,7,910,806,25,0,0,5,1,4,0,0.6969697,22.733444,0,1,2,0,0,0,14/08/2026
8944612322,1130305,TEAM VISION vs BoomBoys,2,4116,108,0,480412663,gpk~,8255888,BoomBoys,mid,120,Pangolier,1,0,0,0,0,0,0,0,10,3,728,659,28,0,1,3,16,0,0,0.7878788,128.57097,0,1,1,0,0,0,14/08/2026
8944612322,1130305,TEAM VISION vs BoomBoys,2,4116,108,0,165564598,MieRo,8255888,BoomBoys,core,108,Underlord,0,0,1,0,0,0,1,0,6,1,694,689,17,2,0,1,1,4,0,0.8181818,369.00366,0,0,0,0,0,0,14/08/2026
8944612322,1130305,TEAM VISION vs BoomBoys,2,4116,108,0,317880638,Save-,8255888,BoomBoys,support,90,Keeper of the Light,0,0,0,0,1,0,0,0,4,2,204,427,2,0,6,6,1,10,3,0.8484849,35.66777,1,0,1,0,0,0,14/08/2026
8944612322,1130305,TEAM VISION vs BoomBoys,2,4116,108,0,196878136,Kataomi`,8255888,BoomBoys,support,85,Undying,0,0,1,0,0,0,1,0,0,7,67,277,1,0,24,9,4,11,7,0.57575756,0,0,0,0,0,2,0,14/08/2026
8944628326,1130312,Team Resilience vs OG,1,3276,0,0,170896543,YSR-04E,5017210,Team Resilience,core,19,Tiny,0,0,0,0,1,0,0,0,13,4,627,751,22,5,0,1,10,3,0,0.75555557,53.133076,0,0,2,0,1,1,14/08/2026
8944628326,1130312,Team Resilience vs OG,1,3276,0,0,315272623,Echozz,5017210,Team Resilience,mid,74,Invoker,0,0,0,0,0,1,0,1,13,3,534,741,10,3,2,4,8,1,0,0.82222223,175.60735,0,0,0,0,0,1,14/08/2026
8944628326,1130312,Team Resilience vs OG,1,3276,0,0,145957968,niu,5017210,Team Resilience,core,120,Pangolier,1,0,0,0,0,0,0,0,6,4,489,606,13,2,0,1,6,6,0,0.64444447,83.625046,0,1,0,0,0,1,14/08/2026
8944628326,1130312,Team Resilience vs OG,1,3276,0,0,150961567,planet,5017210,Team Resilience,support,86,Rubick,0,0,1,0,1,0,0,1,5,8,216,442,5,0,5,5,6,14,4,0.8666667,63.06679,0,0,0,0,2,1,14/08/2026
8944628326,1130312,Team Resilience vs OG,1,3276,0,0,249835593,zzq,5017210,Team Resilience,support,9,Mirana,0,1,0,0,0,0,0,0,8,5,171,462,5,0,17,6,5,8,2,0.73333335,39.366932,0,0,0,0,0,1,14/08/2026
8944628326,1130312,Team Resilience vs OG,1,3276,0,0,324277900,Yopaj-,2586976,OG,mid,107,Earth Spirit,0,0,1,0,0,0,1,0,4,9,334,470,10,1,2,1,9,2,0,0.6956522,30.29977,0,0,0,0,0,0,14/08/2026
8944628326,1130312,Team Resilience vs OG,1,3276,0,0,155494381,TIMS,2586976,OG,support,123,Hoodwink,0,0,1,0,0,0,0,0,4,8,114,355,6,0,6,6,5,12,3,0.95652175,63.166187,1,0,0,0,0,0,14/08/2026
8944628326,1130312,Team Resilience vs OG,1,3276,0,0,100594231,skem,2586976,OG,support,5,Crystal Maiden,0,1,0,0,0,1,0,1,2,12,180,368,8,0,18,2,2,7,6,0.5217391,89.6995,0,0,0,0,0,0,14/08/2026
8944628326,1130312,Team Resilience vs OG,1,3276,0,0,132309493,Raven,2586976,OG,core,85,Undying,0,0,1,0,0,0,1,0,9,10,379,513,8,1,0,1,3,6,0,0.65217394,0,0,1,1,0,0,0,14/08/2026
8944628326,1130312,Team Resilience vs OG,1,3276,0,0,355168766,Natsumi,2586976,OG,core,54,Lifestealer,0,0,0,0,0,0,1,0,4,6,535,620,27,1,0,2,1,0,0,0.5217391,14.066556,0,1,0,0,0,0,14/08/2026
8944676424,1130317,Vici Gaming vs GamerLegion,1,3170,102,0,320252024,shiro,726228,Vici Gaming,core,114,Monkey King,0,0,1,0,0,0,0,1,3,7,496,542,17,0,0,0,4,0,0,0.6923077,32.733196,0,0,0,0,0,0,14/08/2026
8944676424,1130317,Vici Gaming vs GamerLegion,1,3170,102,0,137129583,Xm,726228,Vici Gaming,mid,25,Lina,1,0,0,0,0,1,0,0,5,8,581,625,22,1,2,2,4,1,0,0.7692308,58.29996,1,0,1,0,0,0,14/08/2026
8944676424,1130317,Vici Gaming vs GamerLegion,1,3170,102,0,118134220,Bach,726228,Vici Gaming,core,120,Pangolier,1,0,0,0,0,0,0,0,2,4,432,518,13,0,0,1,3,1,0,0.7692308,46.32205,0,0,0,0,2,0,14/08/2026
8944676424,1130317,Vici Gaming vs GamerLegion,1,3170,102,0,157475523,XinQ,726228,Vici Gaming,support,91,Io,0,1,0,0,0,0,0,0,1,11,135,254,6,0,3,1,2,4,0,0.30769232,0,0,1,0,0,0,0,14/08/2026
8944676424,1130317,Vici Gaming vs GamerLegion,1,3170,102,0,111114687,y`,726228,Vici Gaming,support,3,Bane,0,0,0,1,0,0,0,0,2,14,28,269,1,0,20,3,0,16,9,0.6923077,54.166336,0,0,0,0,0,0,14/08/2026
8944676424,1130317,Vici Gaming vs GamerLegion,1,3170,102,0,206642367,Ghost,9964962,GamerLegion,core,19,Tiny,0,0,0,0,1,0,0,0,14,1,580,744,21,8,0,1,9,0,0,0.6744186,44.199055,0,1,0,0,0,1,14/08/2026
8944676424,1130317,Vici Gaming vs GamerLegion,1,3170,102,0,154974246,RCY,9964962,GamerLegion,mid,107,Earth Spirit,0,0,1,0,0,0,1,0,12,4,426,667,3,1,2,0,12,3,0,0.8372093,28.599634,0,0,0,0,0,1,14/08/2026
8944676424,1130317,Vici Gaming vs GamerLegion,1,3170,102,0,160119017,Fayde,9964962,GamerLegion,core,135,Dawnbreaker,0,0,0,0,1,1,0,0,7,3,662,752,24,2,0,8,6,2,0,0.55813956,23.733099,0,0,0,0,1,1,14/08/2026
8944676424,1130317,Vici Gaming vs GamerLegion,1,3170,102,0,90423751,Bignum,9964962,GamerLegion,support,123,Hoodwink,0,0,1,0,0,0,0,0,2,5,77,369,1,0,13,3,5,11,5,0.53488374,31.799656,0,0,0,0,1,1,14/08/2026
8944676424,1130317,Vici Gaming vs GamerLegion,1,3170,102,0,191362875,Speeed,9964962,GamerLegion,support,9,Mirana,0,1,0,0,0,0,0,0,8,0,244,508,8,0,8,8,6,4,4,0.5813953,52.766453,0,1,0,0,1,1,14/08/2026
8944680063,1130320,Team Liquid vs Team Spirit,1,3068,5,0,16497807,tOfu,2163,Team Liquid,support,123,Hoodwink,0,0,1,0,0,0,0,0,2,12,122,300,3,0,10,1,5,11,2,0.73913044,40.533413,1,0,0,0,0,0,14/08/2026
8944680063,1130320,Team Liquid vs Team Spirit,1,3068,5,0,97590558,Ace ♠,2163,Team Liquid,core,96,Centaur Warrunner,0,0,0,0,1,0,0,0,2,10,338,441,12,0,0,6,0,1,0,0.6086956,35.16739,0,1,0,0,0,0,14/08/2026
8944680063,1130320,Team Liquid vs Team Spirit,1,3068,5,0,201358612,Nisha,2163,Team Liquid,mid,107,Earth Spirit,0,0,1,0,0,0,1,0,9,8,352,503,4,0,0,2,5,4,0,0.9130435,27.866695,0,0,0,0,0,0,14/08/2026
8944680063,1130320,Team Liquid vs Team Spirit,1,3068,5,0,77490514,Boxi,2163,Team Liquid,support,100,Tusk,0,0,0,0,0,1,0,0,4,14,35,278,0,0,13,0,1,8,5,0.73913044,43.43387,0,0,0,0,2,0,14/08/2026
8944680063,1130320,Team Liquid vs Team Spirit,1,3068,5,0,152962063,m1CKe,2163,Team Liquid,core,48,Luna,0,1,0,0,0,0,0,0,4,5,952,884,37,1,1,3,8,3,1,0.5217391,16.133343,0,0,0,0,0,0,14/08/2026
8944680063,1130320,Team Liquid vs Team Spirit,1,3068,5,0,847565596,rue,7119388,Team Spirit,support,3,Bane,0,0,0,1,0,0,0,0,2,8,40,363,0,0,6,2,6,20,8,0.53061223,129.3008,0,0,0,0,1,1,14/08/2026
8944680063,1130320,Team Liquid vs Team Spirit,1,3068,5,0,321580662,Yatoro,7119388,Team Spirit,core,145,Kez,0,1,0,0,0,0,0,0,31,1,593,900,27,5,1,1,8,1,0,0.81632656,13.133497,0,2,3,0,0,1,14/08/2026
8944680063,1130320,Team Liquid vs Team Spirit,1,3068,5,0,106305042,Larl,7119388,Team Spirit,mid,28,Slardar,0,0,0,1,0,1,0,0,7,6,364,561,6,1,1,1,10,4,0,0.7755102,57.96477,0,1,0,0,0,1,14/08/2026
8944680063,1130320,Team Liquid vs Team Spirit,1,3068,5,0,218231587,not_me,7119388,Team Spirit,support,21,Windranger,0,0,1,0,0,0,0,1,3,5,164,431,2,1,16,9,7,3,1,0.6938776,56.23249,0,0,0,0,0,1,14/08/2026
8944680063,1130320,Team Liquid vs Team Spirit,1,3068,5,0,302214028,Collapse,7119388,Team Spirit,core,108,Underlord,0,0,1,0,0,0,1,0,6,3,528,663,22,2,0,4,3,1,0,0.59183675,158.33385,0,0,0,0,0,1,14/08/2026
8944692094,1130312,OG vs Team Resilience,2,1961,101,0,324277900,Yopaj-,2586976,OG,mid,25,Lina,1,0,0,0,0,1,0,0,6,3,304,550,10,0,2,1,3,1,0,0.73333335,34.73403,0,0,0,0,0,0,14/08/2026
8944692094,1130312,OG vs Team Resilience,2,1961,101,0,155494381,TIMS,2586976,OG,support,100,Tusk,0,0,0,0,0,1,0,0,0,9,38,248,1,0,5,3,4,5,1,0.6,7.400122,0,0,0,0,0,0,14/08/2026
8944692094,1130312,OG vs Team Resilience,2,1961,101,0,100594231,skem,2586976,OG,support,9,Mirana,0,1,0,0,0,0,0,0,6,6,82,364,3,0,9,1,5,5,3,0.8,26.566576,0,0,0,0,1,0,14/08/2026
8944692094,1130312,OG vs Team Resilience,2,1961,101,0,132309493,Raven,2586976,OG,core,96,Centaur Warrunner,0,0,0,0,1,0,0,0,2,8,223,416,18,0,0,1,1,0,0,0.4,20.434109,1,0,0,0,1,0,14/08/2026
8944692094,1130312,OG vs Team Resilience,2,1961,101,0,355168766,Natsumi,2586976,OG,core,19,Tiny,0,0,0,0,1,0,0,0,1,6,283,438,12,0,0,2,1,0,1,0.4,8.499524,0,0,0,0,0,0,14/08/2026
8944692094,1130312,OG vs Team Resilience,2,1961,101,0,170896543,YSR-04E,5017210,Team Resilience,core,11,Shadow Fiend,1,0,0,0,0,0,1,0,14,0,407,813,20,4,0,1,3,2,0,0.65625,4.8168454,0,2,0,0,2,1,14/08/2026
8944692094,1130312,OG vs Team Resilience,2,1961,101,0,315272623,Echozz,5017210,Team Resilience,mid,107,Earth Spirit,0,0,1,0,0,0,1,0,3,3,219,524,11,1,2,3,10,2,0,0.625,8.533389,0,0,0,0,2,1,14/08/2026
8944692094,1130312,OG vs Team Resilience,2,1961,101,0,145957968,niu,5017210,Team Resilience,core,2,Axe,1,0,0,0,0,0,0,0,4,4,214,487,7,1,0,2,3,2,1,0.59375,31.133259,0,0,1,0,0,1,14/08/2026
8944692094,1130312,OG vs Team Resilience,2,1961,101,0,150961567,planet,5017210,Team Resilience,support,123,Hoodwink,0,0,1,0,0,0,0,0,6,3,94,406,2,0,6,4,1,6,1,0.75,51.366474,0,0,0,0,1,1,14/08/2026
8944692094,1130312,OG vs Team Resilience,2,1961,101,0,249835593,zzq,5017210,Team Resilience,support,85,Undying,0,0,1,0,0,0,1,0,5,5,74,388,1,0,8,0,2,6,4,0.78125,0,0,0,0,0,0,1,14/08/2026
8944695348,1130309,Iron Wing vs Team Falcons,2,2841,0,0,86698277,33,10150413,Iron Wing,core,60,Night Stalker,0,1,0,0,0,0,0,0,4,4,261,390,17,1,0,2,3,6,0,0.5714286,1.5997317,1,0,0,0,1,0,14/08/2026
8944695348,1130309,Iron Wing vs Team Falcons,2,2841,0,0,346412363,Ari,10150413,Iron Wing,support,123,Hoodwink,0,0,1,0,0,0,0,0,2,8,110,272,3,0,6,3,1,6,2,0.71428573,50.866737,0,0,0,0,0,0,14/08/2026
8944695348,1130309,Iron Wing vs Team Falcons,2,2841,0,0,136829091,Whitemon,10150413,Iron Wing,support,100,Tusk,0,0,0,0,0,1,0,0,2,7,43,297,0,0,16,0,6,16,5,0.6666667,30.634062,0,0,0,0,0,0,14/08/2026
8944695348,1130309,Iron Wing vs Team Falcons,2,2841,0,0,93618577,bzm,10150413,Iron Wing,mid,113,Arc Warden,0,1,0,0,0,0,0,1,8,4,664,862,22,1,1,6,9,1,0,0.61904764,0,0,1,0,0,0,0,14/08/2026
8944695348,1130309,Iron Wing vs Team Falcons,2,2841,0,0,331855530,Pure,10150413,Iron Wing,core,145,Kez,0,1,0,0,0,0,0,0,5,8,531,595,18,1,0,0,5,1,0,0.47619048,3.3,0,0,1,0,0,0,14/08/2026
8944695348,1130309,Iron Wing vs Team Falcons,2,2841,0,0,10366616,Sneyking,9247354,Team Falcons,support,58,Enchantress,0,0,1,0,0,0,0,0,3,4,186,452,6,2,9,4,5,15,3,0.67741936,3.7666016,0,0,1,0,1,1,14/08/2026
8944695348,1130309,Iron Wing vs Team Falcons,2,2841,0,0,100058342,skiter,9247354,Team Falcons,core,73,Alchemist,0,0,0,0,1,0,0,0,3,3,546,828,20,2,0,5,5,6,0,0.48387095,52.70111,0,1,0,0,1,1,14/08/2026
8944695348,1130309,Iron Wing vs Team Falcons,2,2841,0,0,898455820,Malr1ne,9247354,Team Falcons,mid,25,Lina,1,0,0,0,0,1,0,0,14,5,548,781,18,6,1,2,13,0,0,0.6451613,26.468113,0,1,1,0,1,1,14/08/2026
8944695348,1130309,Iron Wing vs Team Falcons,2,2841,0,0,183719386,AMMAR_THE_F,9247354,Team Falcons,core,98,Timbersaw,0,0,0,1,0,0,0,0,7,4,625,831,14,0,0,2,1,7,0,0.48387095,0,0,0,0,0,1,1,14/08/2026
8944695348,1130309,Iron Wing vs Team Falcons,2,2841,0,0,25907144,Cr1t-,9247354,Team Falcons,support,51,Clockwerk,1,0,0,0,0,0,0,1,3,5,37,329,0,0,11,9,1,4,5,0.7096774,46.365025,0,0,0,0,1,1,14/08/2026
8944738770,1130324,Xtreme Gaming vs HULIGANI,1,2887,23,0,898754153,Ame,8261500,Xtreme Gaming,core,6,Drow Ranger,0,0,0,1,0,1,0,1,6,3,619,783,25,7,0,6,3,4,0,0.4814815,2.833203,0,1,1,0,0,1,14/08/2026
8944738770,1130324,Xtreme Gaming vs HULIGANI,1,2887,23,0,173978074,NothingToSay,8261500,Xtreme Gaming,mid,106,Ember Spirit,1,0,0,0,0,1,1,0,12,3,350,620,7,1,1,3,13,2,0,0.9259259,73.76621,0,0,0,0,2,1,14/08/2026
8944738770,1130324,Xtreme Gaming vs HULIGANI,1,2887,23,0,129958758,Xxs,8261500,Xtreme Gaming,core,108,Underlord,0,0,1,0,0,0,1,0,3,2,541,644,23,0,0,6,1,3,0,0.5185185,149.03271,0,0,0,0,0,1,14/08/2026
8944738770,1130324,Xtreme Gaming vs HULIGANI,1,2887,23,0,101695162,fy,8261500,Xtreme Gaming,support,9,Mirana,0,1,0,0,0,0,0,0,5,4,132,371,3,0,10,2,3,14,3,0.8518519,46.832954,1,0,1,0,0,1,14/08/2026
8944738770,1130324,Xtreme Gaming vs HULIGANI,1,2887,23,0,94296097,xNova,8261500,Xtreme Gaming,support,103,Elder Titan,0,0,0,0,1,0,0,0,1,4,41,343,0,1,12,1,5,13,5,0.5925926,29.26699,0,0,0,0,0,1,14/08/2026
8944738770,1130324,Xtreme Gaming vs HULIGANI,1,2887,23,0,140251702,Mirage`雨,10149530,HULIGANI,mid,25,Lina,1,0,0,0,0,1,0,0,6,4,542,636,18,1,2,3,11,2,2,0.5,56.30111,0,1,0,0,0,0,14/08/2026
8944738770,1130324,Xtreme Gaming vs HULIGANI,1,2887,23,0,145065875,sayuw,10149530,HULIGANI,support,100,Tusk,0,0,0,0,0,1,0,0,0,7,18,262,1,0,11,1,3,11,4,0.6875,18.000195,0,0,0,0,0,0,14/08/2026
8944738770,1130324,Xtreme Gaming vs HULIGANI,1,2887,23,0,123787715,RESPECT,10149530,HULIGANI,support,112,Winter Wyvern,0,1,0,0,0,1,0,0,0,9,43,255,1,0,8,6,0,6,2,0.375,19.183449,0,1,0,0,0,0,14/08/2026
8944738770,1130324,Xtreme Gaming vs HULIGANI,1,2887,23,0,320017600,ssnovv1,10149530,HULIGANI,core,18,Sven,1,1,0,0,0,0,0,1,5,3,679,670,26,2,0,3,8,3,0,0.4375,21.500366,0,0,1,0,0,0,14/08/2026
8944738770,1130324,Xtreme Gaming vs HULIGANI,1,2887,23,0,92487440,Corrupted,10149530,HULIGANI,core,135,Dawnbreaker,0,0,0,0,1,1,0,0,5,4,535,591,13,0,1,2,2,4,0,0.75,16.266724,0,0,0,0,0,0,14/08/2026
8944742846,1130317,GamerLegion vs Vici Gaming,2,3791,4,0,160119017,Fayde,9964962,GamerLegion,core,2,Axe,1,0,0,0,0,0,0,0,8,9,470,483,15,0,0,8,7,3,1,0.59375,102.13322,0,1,0,0,1,0,14/08/2026
8944742846,1130317,GamerLegion vs Vici Gaming,2,3791,4,0,206642367,Ghost,9964962,GamerLegion,core,73,Alchemist,0,0,0,0,1,0,0,0,4,5,719,833,37,2,0,4,7,6,0,0.5625,76.23425,0,2,1,0,0,0,14/08/2026
8944742846,1130317,GamerLegion vs Vici Gaming,2,3791,4,0,191362875,Speeed,9964962,GamerLegion,support,9,Mirana,0,1,0,0,0,0,0,0,7,5,235,399,6,0,11,14,5,15,3,0.71875,60.467426,1,0,0,0,0,0,14/08/2026
8944742846,1130317,GamerLegion vs Vici Gaming,2,3791,4,0,154974246,RCY,9964962,GamerLegion,mid,74,Invoker,0,0,0,0,0,1,0,1,10,5,801,810,8,2,1,5,8,0,0,0.71875,163.46788,0,0,0,0,0,0,14/08/2026
8944742846,1130317,GamerLegion vs Vici Gaming,2,3791,4,0,90423751,Bignum,9964962,GamerLegion,support,123,Hoodwink,0,0,1,0,0,0,0,0,3,7,142,358,1,0,17,4,7,14,6,0.625,58.932003,0,0,0,0,0,0,14/08/2026
8944742846,1130317,GamerLegion vs Vici Gaming,2,3791,4,0,320252024,shiro,726228,Vici Gaming,core,25,Lina,1,0,0,0,0,1,0,0,14,5,907,902,29,5,0,3,1,0,0,0.83870965,44.968754,0,2,0,0,0,1,14/08/2026
8944742846,1130317,GamerLegion vs Vici Gaming,2,3791,4,0,137129583,Xm,726228,Vici Gaming,mid,120,Pangolier,1,0,0,0,0,0,0,0,8,5,582,643,16,0,2,0,16,3,0,0.7741935,59.75189,0,0,0,0,0,1,14/08/2026
8944742846,1130317,GamerLegion vs Vici Gaming,2,3791,4,0,118134220,Bach,726228,Vici Gaming,core,55,Dark Seer,0,0,0,1,0,0,0,0,2,3,574,642,15,2,0,6,3,2,0,0.8064516,62.268433,0,0,0,0,0,1,14/08/2026
8944742846,1130317,GamerLegion vs Vici Gaming,2,3791,4,0,157475523,XinQ,726228,Vici Gaming,support,21,Windranger,0,0,1,0,0,0,0,1,4,9,198,385,3,0,3,2,5,14,1,0.67741936,57.800465,0,0,1,0,0,1,14/08/2026
8944742846,1130317,GamerLegion vs Vici Gaming,2,3791,4,0,111114687,y`,726228,Vici Gaming,support,100,Tusk,0,0,0,0,0,1,0,0,3,10,42,365,2,0,23,1,4,15,8,0.9354839,66.46727,0,0,0,0,1,1,14/08/2026
8944752572,1130320,Team Spirit vs Team Liquid,2,2171,80,0,847565596,rue,7119388,Team Spirit,support,112,Winter Wyvern,0,1,0,0,0,1,0,0,1,11,27,238,0,0,5,3,2,6,3,0.54545456,11.766407,0,0,0,0,0,0,14/08/2026
8944752572,1130320,Team Spirit vs Team Liquid,2,2171,80,0,321580662,Yatoro,7119388,Team Spirit,core,48,Luna,0,1,0,0,0,0,0,0,4,6,487,619,22,1,1,2,1,3,0,0.54545456,11.700222,0,1,0,0,0,0,14/08/2026
8944752572,1130320,Team Spirit vs Team Liquid,2,2171,80,0,106305042,Larl,7119388,Team Spirit,mid,13,Puck,0,1,0,0,0,0,0,0,1,8,333,460,7,1,1,1,8,6,0,0.36363637,3.1333008,0,0,0,0,0,0,14/08/2026
8944752572,1130320,Team Spirit vs Team Liquid,2,2171,80,0,218231587,not_me,7119388,Team Spirit,support,86,Rubick,0,0,1,0,1,0,0,1,1,12,40,250,1,0,10,13,0,3,4,0.8181818,24.933767,0,1,0,0,1,0,14/08/2026
8944752572,1130320,Team Spirit vs Team Liquid,2,2171,80,0,302214028,Collapse,7119388,Team Spirit,core,55,Dark Seer,0,0,0,1,0,0,0,0,4,4,328,534,14,0,0,2,1,3,0,0.6363636,11.032667,0,0,0,0,0,0,14/08/2026
8944752572,1130320,Team Spirit vs Team Liquid,2,2171,80,0,16497807,tOfu,2163,Team Liquid,support,123,Hoodwink,0,0,1,0,0,0,0,0,6,4,110,414,8,0,9,3,4,9,2,0.70731705,47.93195,0,0,0,0,0,1,14/08/2026
8944752572,1130320,Team Spirit vs Team Liquid,2,2171,80,0,97590558,Ace ♠,2163,Team Liquid,core,29,Tidehunter,0,0,1,0,0,1,0,0,7,0,329,642,3,1,0,1,0,2,0,0.6097561,18.400488,0,0,0,0,1,1,14/08/2026
8944752572,1130320,Team Spirit vs Team Liquid,2,2171,80,0,201358612,Nisha,2163,Team Liquid,mid,106,Ember Spirit,1,0,0,0,0,1,1,0,9,1,258,625,10,1,1,0,15,2,0,0.6585366,70.064384,0,0,0,0,0,1,14/08/2026
8944752572,1130320,Team Spirit vs Team Liquid,2,2171,80,0,77490514,Boxi,2163,Team Liquid,support,100,Tusk,0,0,0,0,0,1,0,0,5,5,89,388,0,0,7,0,0,7,4,0.5121951,31.734892,0,0,1,0,0,1,14/08/2026
8944752572,1130320,Team Spirit vs Team Liquid,2,2171,80,0,152962063,m1CKe,2163,Team Liquid,core,11,Shadow Fiend,1,0,0,0,0,0,1,0,14,1,473,837,20,8,1,3,5,2,0,0.46341464,2.6003418,1,1,1,0,0,1,14/08/2026
8944764687,1130309,Iron Wing vs Team Falcons,3,2895,0,1,86698277,33,10150413,Iron Wing,core,155,Largo,0,0,1,0,1,0,0,0,10,2,348,610,12,0,0,2,3,3,2,0.6956522,7.3625507,1,1,0,0,0,1,14/08/2026
8944764687,1130309,Iron Wing vs Team Falcons,3,2895,0,1,346412363,Ari,10150413,Iron Wing,support,123,Hoodwink,0,0,1,0,0,0,0,0,11,1,162,416,4,1,3,4,1,3,1,0.65217394,77.69867,0,1,0,0,0,1,14/08/2026
8944764687,1130309,Iron Wing vs Team Falcons,3,2895,0,1,136829091,Whitemon,10150413,Iron Wing,support,131,Ringmaster,1,0,0,0,1,0,0,0,5,5,29,337,1,0,18,2,4,18,5,0.7173913,36.23032,0,0,0,0,0,1,14/08/2026
8944764687,1130309,Iron Wing vs Team Falcons,3,2895,0,1,93618577,bzm,10150413,Iron Wing,mid,16,Sand King,0,0,0,0,1,0,0,0,6,2,441,642,16,1,2,6,12,3,0,0.65217394,52.332672,0,0,0,0,0,1,14/08/2026
8944764687,1130309,Iron Wing vs Team Falcons,3,2895,0,1,331855530,Pure,10150413,Iron Wing,core,91,Io,0,1,0,0,0,0,0,0,13,3,542,739,22,3,0,6,5,1,0,0.65217394,0,0,0,1,0,0,1,14/08/2026
8944764687,1130309,Iron Wing vs Team Falcons,3,2895,0,1,10366616,Sneyking,9247354,Team Falcons,support,58,Enchantress,0,0,1,0,0,0,0,0,1,13,208,336,5,3,11,0,2,10,2,0.7692308,2.1,0,0,0,0,0,0,14/08/2026
8944764687,1130309,Iron Wing vs Team Falcons,3,2895,0,1,100058342,skiter,9247354,Team Falcons,core,19,Tiny,0,0,0,0,1,0,0,0,1,9,366,424,23,0,0,2,2,2,0,0.53846157,20.165962,0,1,0,0,0,0,14/08/2026
8944764687,1130309,Iron Wing vs Team Falcons,3,2895,0,1,898455820,Malr1ne,9247354,Team Falcons,mid,120,Pangolier,1,0,0,0,0,0,0,0,3,5,403,511,8,1,0,0,10,2,0,0.84615386,45.755287,0,0,0,0,1,0,14/08/2026
8944764687,1130309,Iron Wing vs Team Falcons,3,2895,0,1,183719386,AMMAR_THE_F,9247354,Team Falcons,core,36,Necrophos,0,0,1,0,0,0,1,0,5,8,529,593,22,0,0,3,6,3,0,0.84615386,4.633154,0,0,0,0,0,0,14/08/2026
8944764687,1130309,Iron Wing vs Team Falcons,3,2895,0,1,25907144,Cr1t-,9247354,Team Falcons,support,79,Shadow Demon,1,0,0,0,0,0,1,1,3,11,91,313,0,0,11,7,3,4,6,0.7692308,24.899658,0,0,0,0,0,0,14/08/2026
8944814087,1130324,Xtreme Gaming vs HULIGANI,2,2338,308,0,129958758,Xxs,8261500,Xtreme Gaming,core,98,Timbersaw,0,0,0,1,0,0,0,0,12,0,480,859,12,1,0,1,4,7,0,0.75,0,0,1,1,0,1,1,14/08/2026
8944814087,1130324,Xtreme Gaming vs HULIGANI,2,2338,308,0,173978074,NothingToSay,8261500,Xtreme Gaming,mid,120,Pangolier,1,0,0,0,0,0,0,0,7,3,268,542,13,1,1,2,9,2,0,0.6785714,25.235056,0,1,0,0,0,1,14/08/2026
8944814087,1130324,Xtreme Gaming vs HULIGANI,2,2338,308,0,898754153,Ame,8261500,Xtreme Gaming,core,19,Tiny,0,0,0,0,1,0,0,0,5,2,449,730,20,6,0,0,1,2,0,0.42857143,22.864862,0,0,0,0,1,1,14/08/2026
8944814087,1130324,Xtreme Gaming vs HULIGANI,2,2338,308,0,94296097,xNova,8261500,Xtreme Gaming,support,9,Mirana,0,1,0,0,0,0,0,0,1,3,72,364,2,0,10,3,3,12,5,0.32142857,30.16696,0,0,0,0,0,1,14/08/2026
8944814087,1130324,Xtreme Gaming vs HULIGANI,2,2338,308,0,101695162,fy,8261500,Xtreme Gaming,support,71,Spirit Breaker,0,1,0,0,0,0,0,0,3,5,72,372,0,0,8,3,4,12,0,0.78571427,95.00046,1,0,0,0,0,1,14/08/2026
8944814087,1130324,Xtreme Gaming vs HULIGANI,2,2338,308,0,140251702,Mirage`雨,10149530,HULIGANI,mid,28,Slardar,0,0,0,1,0,1,0,0,1,3,280,435,11,1,2,3,10,1,1,0.7692308,29.332731,0,0,0,0,0,0,14/08/2026
8944814087,1130324,Xtreme Gaming vs HULIGANI,2,2338,308,0,145065875,sayuw,10149530,HULIGANI,support,100,Tusk,0,0,0,0,0,1,0,0,1,9,26,222,1,0,6,2,2,9,1,0.61538464,22.366314,0,0,0,0,1,0,14/08/2026
8944814087,1130324,Xtreme Gaming vs HULIGANI,2,2338,308,0,320017600,ssnovv1,10149530,HULIGANI,core,109,Terrorblade,0,0,0,1,0,0,1,0,3,1,606,750,24,3,1,0,1,5,0,0.3846154,0,0,0,0,0,0,0,14/08/2026
8944814087,1130324,Xtreme Gaming vs HULIGANI,2,2338,308,0,123787715,RESPECT,10149530,HULIGANI,support,123,Hoodwink,0,0,1,0,0,0,0,0,6,8,71,300,0,0,10,3,3,10,2,0.61538464,33.16609,0,0,0,0,1,0,14/08/2026
8944814087,1130324,Xtreme Gaming vs HULIGANI,2,2338,308,0,92487440,Corrupted,10149530,HULIGANI,core,55,Dark Seer,0,0,0,1,0,0,0,0,2,7,340,519,12,0,0,2,2,3,0,0.53846157,9.866711,0,0,0,0,0,0,14/08/2026
8944819470,1130320,Team Liquid vs Team Spirit,3,2954,213,1,16497807,tOfu,2163,Team Liquid,support,30,Witch Doctor,0,0,0,1,0,0,0,0,4,10,51,334,2,0,9,4,1,5,5,0.72727275,22.898876,0,0,0,0,1,0,14/08/2026
8944819470,1130320,Team Liquid vs Team Spirit,3,2954,213,1,97590558,Ace ♠,2163,Team Liquid,core,29,Tidehunter,0,0,1,0,0,1,0,0,1,6,464,523,11,0,0,3,0,3,0,0.4090909,25.232668,0,0,0,0,0,0,14/08/2026
8944819470,1130320,Team Liquid vs Team Spirit,3,2954,213,1,201358612,Nisha,2163,Team Liquid,mid,25,Lina,1,0,0,0,0,1,0,0,12,4,592,658,20,0,1,5,9,2,0,0.90909094,35.602295,0,0,0,0,0,0,14/08/2026
8944819470,1130320,Team Liquid vs Team Spirit,3,2954,213,1,77490514,Boxi,2163,Team Liquid,support,51,Clockwerk,1,0,0,0,0,0,0,1,1,11,36,255,2,0,13,2,2,8,3,0.59090906,43.96672,0,0,0,0,2,0,14/08/2026
8944819470,1130320,Team Liquid vs Team Spirit,3,2954,213,1,152962063,m1CKe,2163,Team Liquid,core,67,Spectre,0,0,0,1,0,0,1,0,4,7,527,591,22,0,0,5,2,2,0,0.6363636,6.9999504,0,1,0,0,0,0,14/08/2026
8944819470,1130320,Team Liquid vs Team Spirit,3,2954,213,1,847565596,rue,7119388,Team Spirit,support,100,Tusk,0,0,0,0,0,1,0,0,3,7,29,366,0,0,10,0,3,13,4,0.57894737,39.0346,0,1,0,0,1,1,14/08/2026
8944819470,1130320,Team Liquid vs Team Spirit,3,2954,213,1,321580662,Yatoro,7119388,Team Spirit,core,53,Nature's Prophet,0,0,1,0,0,0,0,1,15,4,838,1011,35,6,0,1,5,1,1,0.7894737,2.6333008,1,1,2,0,0,1,14/08/2026
8944819470,1130320,Team Liquid vs Team Spirit,3,2954,213,1,106305042,Larl,7119388,Team Spirit,mid,107,Earth Spirit,0,0,1,0,0,0,1,0,7,3,315,546,8,0,1,2,19,7,0,0.6315789,23.965643,0,0,0,0,0,1,14/08/2026
8944819470,1130320,Team Liquid vs Team Spirit,3,2954,213,1,218231587,not_me,7119388,Team Spirit,support,9,Mirana,0,1,0,0,0,0,0,0,6,5,154,395,6,0,11,3,5,2,3,0.5,49.19139,0,0,0,0,0,1,14/08/2026
8944819470,1130320,Team Liquid vs Team Spirit,3,2954,213,1,302214028,Collapse,7119388,Team Spirit,core,43,Death Prophet,0,0,0,0,0,0,1,0,7,3,431,615,11,2,0,2,6,6,0,0.65789473,22.06665,0,1,0,0,0,1,14/08/2026
8944834423,1130317,GamerLegion vs Vici Gaming,3,2277,248,1,206642367,Ghost,9964962,GamerLegion,core,56,Clinkz,0,0,0,0,1,1,1,0,4,4,383,562,19,0,0,1,2,0,1,0.46153846,0,0,0,0,0,0,0,14/08/2026
8944834423,1130317,GamerLegion vs Vici Gaming,3,2277,248,1,154974246,RCY,9964962,GamerLegion,mid,145,Kez,0,1,0,0,0,0,0,0,2,4,366,534,16,1,2,1,6,2,0,0.3846154,6.7333255,0,0,0,0,0,0,14/08/2026
8944834423,1130317,GamerLegion vs Vici Gaming,3,2277,248,1,90423751,Bignum,9964962,GamerLegion,support,51,Clockwerk,1,0,0,0,0,0,0,1,2,7,26,239,0,1,8,0,8,8,3,0.53846157,31.598385,0,0,0,0,1,0,14/08/2026
8944834423,1130317,GamerLegion vs Vici Gaming,3,2277,248,1,191362875,Speeed,9964962,GamerLegion,support,9,Mirana,0,1,0,0,0,0,0,0,2,5,86,293,6,0,8,4,1,4,3,0.7692308,9.766052,0,0,0,0,0,0,14/08/2026
8944834423,1130317,GamerLegion vs Vici Gaming,3,2277,248,1,160119017,Fayde,9964962,GamerLegion,core,33,Enigma,0,0,0,1,0,0,0,0,3,6,319,484,9,1,0,3,3,5,0,0.53846157,20.900112,0,0,0,0,1,0,14/08/2026
8944834423,1130317,GamerLegion vs Vici Gaming,3,2277,248,1,320252024,shiro,726228,Vici Gaming,core,25,Lina,1,0,0,0,0,1,0,0,8,4,454,775,16,7,1,2,3,0,0,0.65384614,18.534567,0,2,0,0,0,1,14/08/2026
8944834423,1130317,GamerLegion vs Vici Gaming,3,2277,248,1,137129583,Xm,726228,Vici Gaming,mid,120,Pangolier,1,0,0,0,0,0,0,0,8,0,366,633,13,0,1,2,10,1,0,0.84615386,22.335135,1,0,1,0,0,1,14/08/2026
8944834423,1130317,GamerLegion vs Vici Gaming,3,2277,248,1,118134220,Bach,726228,Vici Gaming,core,38,Beastmaster,1,0,0,0,0,0,0,0,4,3,312,597,7,4,0,3,1,3,0,0.7307692,26.56675,0,0,0,0,0,1,14/08/2026
8944834423,1130317,GamerLegion vs Vici Gaming,3,2277,248,1,157475523,XinQ,726228,Vici Gaming,support,90,Keeper of the Light,0,0,0,0,1,0,0,0,1,3,97,387,4,0,6,7,3,7,4,0.42307693,5.2333007,0,0,0,0,0,1,14/08/2026
8944834423,1130317,GamerLegion vs Vici Gaming,3,2277,248,1,111114687,y`,726228,Vici Gaming,support,64,Jakiro,1,1,0,0,0,1,0,0,5,3,75,376,5,0,10,0,2,14,3,0.6923077,14.16687,0,0,0,0,0,1,14/08/2026
8944841068,1130328,Team Yandex vs Aurora Gaming,1,2528,333,0,171262902,医者watson`,9823272,Team Yandex,core,36,Necrophos,0,0,1,0,0,0,1,0,10,2,691,956,23,1,0,1,5,5,0,0.6969697,9.066358,0,0,0,0,1,1,14/08/2026
8944841068,1130328,Team Yandex vs Aurora Gaming,1,2528,333,0,312436974,CHIRA_JUNIOR,9823272,Team Yandex,mid,114,Monkey King,0,0,1,0,0,0,0,1,12,4,332,614,11,2,1,0,11,0,0,0.7878788,52.533035,0,0,0,0,1,1,14/08/2026
8944841068,1130328,Team Yandex vs Aurora Gaming,1,2528,333,0,56351509,DM,9823272,Team Yandex,core,96,Centaur Warrunner,0,0,0,0,1,0,0,0,6,2,399,638,17,3,0,3,7,2,0,0.6060606,41.636093,0,2,0,0,2,1,14/08/2026
8944841068,1130328,Team Yandex vs Aurora Gaming,1,2528,333,0,93817671,Maladych,9823272,Team Yandex,support,83,Treant Protector,0,0,1,0,1,0,0,0,1,6,74,344,6,0,8,0,2,7,1,0.6969697,49.966614,0,0,0,0,0,1,14/08/2026
8944841068,1130328,Team Yandex vs Aurora Gaming,1,2528,333,0,103735745,Saksa,9823272,Team Yandex,support,123,Hoodwink,0,0,1,0,0,0,0,0,4,7,80,383,1,0,10,7,10,23,6,0.6666667,49.531975,1,0,0,0,2,1,14/08/2026
8944841068,1130328,Team Yandex vs Aurora Gaming,1,2528,333,0,124801257,Nightfall,9467224,Aurora Gaming,core,11,Shadow Fiend,1,0,0,0,0,0,1,0,5,5,484,636,28,2,0,1,1,0,0,0.47619048,5.8830805,0,0,1,0,0,0,14/08/2026
8944841068,1130328,Team Yandex vs Aurora Gaming,1,2528,333,0,301750126,Mikoto,9467224,Aurora Gaming,mid,107,Earth Spirit,0,0,1,0,0,0,1,0,6,9,269,527,5,0,2,1,2,1,0,0.71428573,15.999768,0,0,0,0,0,0,14/08/2026
8944841068,1130328,Team Yandex vs Aurora Gaming,1,2528,333,0,126842529,Ws`,9467224,Aurora Gaming,core,108,Underlord,0,0,1,0,0,0,1,0,3,4,394,594,14,0,0,3,1,5,0,0.6666667,122.66521,0,1,0,0,0,0,14/08/2026
8944841068,1130328,Team Yandex vs Aurora Gaming,1,2528,333,0,256156323,Mira,9467224,Aurora Gaming,support,9,Mirana,0,1,0,0,0,0,0,0,7,5,119,358,9,0,7,3,4,8,1,0.9047619,46.20044,0,0,0,0,0,0,14/08/2026
8944841068,1130328,Team Yandex vs Aurora Gaming,1,2528,333,0,320219866,kaori,9467224,Aurora Gaming,support,112,Winter Wyvern,0,1,0,0,0,1,0,0,0,11,25,242,1,0,10,2,0,8,3,0.5714286,17.29961,0,0,0,0,0,0,14/08/2026
8944931337,1130328,Aurora Gaming vs Team Yandex,2,2421,95,0,124801257,Nightfall,9467224,Aurora Gaming,core,19,Tiny,0,0,0,0,1,0,0,0,10,1,406,678,13,5,0,2,3,0,0,0.6666667,25.332417,0,1,1,0,1,1,14/08/2026
8944931337,1130328,Aurora Gaming vs Team Yandex,2,2421,95,0,301750126,Mikoto,9467224,Aurora Gaming,mid,74,Invoker,0,0,0,0,0,1,0,1,16,2,399,754,13,3,3,1,6,0,0,0.9166667,77.37146,1,1,0,0,0,1,14/08/2026
8944931337,1130328,Aurora Gaming vs Team Yandex,2,2421,95,0,126842529,Ws`,9467224,Aurora Gaming,core,96,Centaur Warrunner,0,0,0,0,1,0,0,0,6,1,390,681,16,1,0,2,2,3,0,0.5833333,38.034115,0,0,0,0,0,1,14/08/2026
8944931337,1130328,Aurora Gaming vs Team Yandex,2,2421,95,0,256156323,Mira,9467224,Aurora Gaming,support,119,Dark Willow,0,0,1,1,0,0,0,0,3,4,47,321,0,0,6,2,6,11,3,0.5833333,134.10031,0,0,0,0,1,1,14/08/2026
8944931337,1130328,Aurora Gaming vs Team Yandex,2,2421,95,0,320219866,kaori,9467224,Aurora Gaming,support,112,Winter Wyvern,0,1,0,0,0,1,0,0,1,1,33,324,3,0,10,1,5,13,3,0.5555556,13.733204,0,0,0,0,0,1,14/08/2026
8944931337,1130328,Aurora Gaming vs Team Yandex,2,2421,95,0,171262902,医者watson`,9823272,Team Yandex,core,25,Lina,1,0,0,0,0,1,0,0,1,4,486,591,29,0,0,4,3,0,0,0.44444445,35.133854,0,0,0,0,0,0,14/08/2026
8944931337,1130328,Aurora Gaming vs Team Yandex,2,2421,95,0,312436974,CHIRA_JUNIOR,9823272,Team Yandex,mid,106,Ember Spirit,1,0,0,0,0,1,1,0,3,6,294,468,11,0,2,3,5,3,0,0.8888889,36.999077,0,0,0,0,0,0,14/08/2026
8944931337,1130328,Aurora Gaming vs Team Yandex,2,2421,95,0,56351509,DM,9823272,Team Yandex,core,69,Doom,1,0,0,0,0,1,1,0,2,7,297,530,13,0,0,0,1,5,0,0.6666667,10.100592,0,0,0,0,0,0,14/08/2026
8944931337,1130328,Aurora Gaming vs Team Yandex,2,2421,95,0,93817671,Maladych,9823272,Team Yandex,support,100,Tusk,0,0,0,0,0,1,0,0,1,12,51,254,2,0,7,1,3,6,2,0.5555556,33.80051,0,0,0,0,0,0,14/08/2026
8944931337,1130328,Aurora Gaming vs Team Yandex,2,2421,95,0,103735745,Saksa,9823272,Team Yandex,support,9,Mirana,0,1,0,0,0,0,0,0,2,7,101,316,0,0,9,5,3,9,3,0.8888889,38.499596,0,0,0,0,1,0,14/08/2026
8945052416,1130328,Team Yandex vs Aurora Gaming,3,2032,123,1,171262902,医者watson`,9823272,Team Yandex,core,145,Kez,0,1,0,0,0,0,0,0,4,4,375,558,12,0,1,5,0,1,0,0.7777778,6.2330084,1,0,0,0,0,0,14/08/2026
8945052416,1130328,Team Yandex vs Aurora Gaming,3,2032,123,1,312436974,CHIRA_JUNIOR,9823272,Team Yandex,mid,36,Necrophos,0,0,1,0,0,0,1,0,1,4,364,537,13,0,1,3,3,0,0,0.44444445,4.5665035,0,0,0,0,0,0,14/08/2026
8945052416,1130328,Team Yandex vs Aurora Gaming,3,2032,123,1,56351509,DM,9823272,Team Yandex,core,96,Centaur Warrunner,0,0,0,0,1,0,0,0,1,3,314,519,12,0,0,1,1,2,0,0.44444445,35.400276,0,0,0,0,0,0,14/08/2026
8945052416,1130328,Team Yandex vs Aurora Gaming,3,2032,123,1,93817671,Maladych,9823272,Team Yandex,support,85,Undying,0,0,1,0,0,0,1,0,2,10,85,278,3,0,7,2,3,5,2,0.44444445,0,0,1,0,0,0,0,14/08/2026
8945052416,1130328,Team Yandex vs Aurora Gaming,3,2032,123,1,103735745,Saksa,9823272,Team Yandex,support,79,Shadow Demon,1,0,0,0,0,0,1,1,0,8,50,269,0,0,7,11,5,9,2,0.5555556,30.433228,0,0,0,0,0,0,14/08/2026
8945052416,1130328,Team Yandex vs Aurora Gaming,3,2032,123,1,124801257,Nightfall,9467224,Aurora Gaming,core,11,Shadow Fiend,1,0,0,0,0,0,1,0,5,1,443,740,20,1,0,1,1,2,0,0.6551724,0.5668949,0,2,0,0,0,1,14/08/2026
8945052416,1130328,Team Yandex vs Aurora Gaming,3,2032,123,1,301750126,Mikoto,9467224,Aurora Gaming,mid,107,Earth Spirit,0,0,1,0,0,0,1,0,6,2,268,642,2,2,2,0,13,1,0,0.7241379,20.433006,0,0,0,0,0,1,14/08/2026
8945052416,1130328,Team Yandex vs Aurora Gaming,3,2032,123,1,126842529,Ws`,9467224,Aurora Gaming,core,77,Lycan,1,0,0,0,0,0,0,0,11,1,291,707,12,4,0,1,1,6,0,0.82758623,0.8668945,0,0,1,0,0,1,14/08/2026
8945052416,1130328,Team Yandex vs Aurora Gaming,3,2032,123,1,256156323,Mira,9467224,Aurora Gaming,support,9,Mirana,0,1,0,0,0,0,0,0,1,5,82,343,4,0,8,3,5,7,1,0.6551724,40.100433,0,0,0,0,0,1,14/08/2026
8945052416,1130328,Team Yandex vs Aurora Gaming,3,2032,123,1,320219866,kaori,9467224,Aurora Gaming,support,64,Jakiro,1,1,0,0,0,1,0,0,4,0,78,401,3,1,7,2,1,9,4,0.7241379,44.066162,0,0,0,0,0,1,14/08/2026
8946161629,1130533,Team Resilience vs Team Yandex,1,3844,298,0,170896543,YSR-04E,5017210,Team Resilience,core,11,Shadow Fiend,1,0,0,0,0,0,1,0,12,6,842,799,38,7,0,2,7,5,0,0.5531915,2.0837648,0,2,3,0,1,1,15/08/2026
8946161629,1130533,Team Resilience vs Team Yandex,1,3844,298,0,315272623,Echozz,5017210,Team Resilience,mid,106,Ember Spirit,1,0,0,0,0,1,1,0,11,3,544,675,11,0,2,1,21,4,0,0.89361703,120.19579,0,1,0,0,1,1,15/08/2026
8946161629,1130533,Team Resilience vs Team Yandex,1,3844,298,0,145957968,niu,5017210,Team Resilience,core,108,Underlord,0,0,1,0,0,0,1,0,7,8,541,631,10,2,0,3,1,4,0,0.7659575,195.34131,0,0,0,0,0,1,15/08/2026
8946161629,1130533,Team Resilience vs Team Yandex,1,3844,298,0,150961567,planet,5017210,Team Resilience,support,9,Mirana,0,1,0,0,0,0,0,0,15,5,385,585,12,1,7,4,5,19,4,0.9148936,86.09973,1,0,0,0,0,1,15/08/2026
8946161629,1130533,Team Resilience vs Team Yandex,1,3844,298,0,249835593,zzq,5017210,Team Resilience,support,112,Winter Wyvern,0,1,0,0,0,1,0,0,2,9,31,296,1,0,19,3,1,6,7,0.42553192,36.207928,0,0,0,0,0,1,15/08/2026
8946161629,1130533,Team Resilience vs Team Yandex,1,3844,298,0,171262902,医者watson`,9823272,Team Yandex,core,53,Nature's Prophet,0,0,1,0,0,0,0,1,15,6,1137,933,30,2,0,3,5,1,0,0.7419355,0,0,1,0,0,0,0,15/08/2026
8946161629,1130533,Team Resilience vs Team Yandex,1,3844,298,0,312436974,CHIRA_JUNIOR,9823272,Team Yandex,mid,107,Earth Spirit,0,0,1,0,0,0,1,0,13,9,531,619,18,0,2,1,8,3,0,0.9032258,43.033226,0,0,0,0,1,0,15/08/2026
8946161629,1130533,Team Resilience vs Team Yandex,1,3844,298,0,56351509,DM,9823272,Team Yandex,core,96,Centaur Warrunner,0,0,0,0,1,0,0,0,1,8,478,514,16,2,0,0,7,0,0,0.67741936,68.49957,0,0,0,0,0,0,15/08/2026
8946161629,1130533,Team Resilience vs Team Yandex,1,3844,298,0,93817671,Maladych,9823272,Team Yandex,support,103,Elder Titan,0,0,0,0,1,0,0,0,1,12,64,333,4,1,12,8,4,8,4,0.8064516,90.77011,0,0,0,0,0,0,15/08/2026
8946161629,1130533,Team Resilience vs Team Yandex,1,3844,298,0,103735745,Saksa,9823272,Team Yandex,support,123,Hoodwink,0,0,1,0,0,0,0,0,1,12,103,301,1,0,16,4,2,19,5,0.7419355,78.098755,0,0,0,0,0,0,15/08/2026
8946161660,1130534,GamerLegion vs Team Falcons,1,3832,430,0,206642367,Ghost,9964962,GamerLegion,core,41,Faceless Void,0,0,0,1,0,0,0,0,9,6,855,762,31,2,1,0,7,4,0,0.5925926,18.467434,0,1,0,0,0,0,15/08/2026
8946161660,1130534,GamerLegion vs Team Falcons,1,3832,430,0,154974246,RCY,9964962,GamerLegion,mid,74,Invoker,0,0,0,0,0,1,0,1,8,4,732,745,9,2,2,1,6,0,0,0.8888889,81.66281,0,0,1,0,0,0,15/08/2026
8946161660,1130534,GamerLegion vs Team Falcons,1,3832,430,0,191362875,Speeed,9964962,GamerLegion,support,64,Jakiro,1,1,0,0,0,1,0,0,4,8,81,324,0,0,7,1,5,9,3,0.8888889,60.90055,0,0,0,0,0,0,15/08/2026
8946161660,1130534,GamerLegion vs Team Falcons,1,3832,430,0,90423751,Bignum,9964962,GamerLegion,support,100,Tusk,0,0,0,0,0,1,0,0,1,11,56,262,2,0,19,2,7,14,6,0.44444445,50.283234,0,0,0,0,0,0,15/08/2026
8946161660,1130534,GamerLegion vs Team Falcons,1,3832,430,0,160119017,Fayde,9964962,GamerLegion,core,38,Beastmaster,1,0,0,0,0,0,0,0,5,4,616,588,24,1,0,8,1,7,0,0.5925926,75.09956,0,1,0,0,0,0,15/08/2026
8946161660,1130534,GamerLegion vs Team Falcons,1,3832,430,0,10366616,Sneyking,9247354,Team Falcons,support,110,Phoenix,1,0,0,0,1,1,0,0,1,8,327,521,7,0,15,4,5,16,4,0.72727275,26.568747,0,0,0,0,0,1,15/08/2026
8946161660,1130534,GamerLegion vs Team Falcons,1,3832,430,0,100058342,skiter,9247354,Team Falcons,core,56,Clinkz,0,0,0,0,1,1,1,0,13,3,686,748,15,7,0,2,6,2,0,0.57575756,0,1,1,2,0,1,1,15/08/2026
8946161660,1130534,GamerLegion vs Team Falcons,1,3832,430,0,898455820,Malr1ne,9247354,Team Falcons,mid,25,Lina,1,0,0,0,0,1,0,0,12,4,695,759,21,3,1,3,11,1,0,0.6666667,58.8009,0,1,1,0,0,1,15/08/2026
8946161660,1130534,GamerLegion vs Team Falcons,1,3832,430,0,183719386,AMMAR_THE_F,9247354,Team Falcons,core,120,Pangolier,1,0,0,0,0,0,0,0,6,5,815,772,24,1,0,5,9,11,0,0.6060606,75.665596,0,0,0,0,0,1,15/08/2026
8946161660,1130534,GamerLegion vs Team Falcons,1,3832,430,0,25907144,Cr1t-,9247354,Team Falcons,support,51,Clockwerk,1,0,0,0,0,0,0,1,1,7,31,327,4,0,13,9,5,1,6,0.8181818,64.60093,0,0,0,0,0,1,15/08/2026
8946161784,1130535,LGD Gaming vs Xtreme Gaming,1,3544,134,0,177203952,Yuma,10150538,LGD Gaming,core,80,Lone Druid,0,0,0,0,1,0,0,0,4,2,845,784,13,4,0,6,4,0,0,0.5833333,92.267746,1,0,0,0,2,0,15/08/2026
8946161784,1130535,LGD Gaming vs Xtreme Gaming,1,3544,134,0,94054712,Topson,10150538,LGD Gaming,mid,126,Void Spirit,0,0,0,1,0,0,1,0,8,6,579,651,9,1,2,0,19,5,0,0.7083333,0,0,2,0,0,0,0,15/08/2026
8946161784,1130535,LGD Gaming vs Xtreme Gaming,1,3544,134,0,292921272,Wisper,10150538,LGD Gaming,core,98,Timbersaw,0,0,0,1,0,0,0,0,10,6,825,840,21,0,0,1,5,9,0,0.6666667,19.632608,0,1,0,0,1,0,15/08/2026
8946161784,1130535,LGD Gaming vs Xtreme Gaming,1,3544,134,0,105045291,Thiolicor,10150538,LGD Gaming,support,123,Hoodwink,0,0,1,0,0,0,0,0,0,9,131,335,4,0,4,12,5,22,5,0.625,96.43289,0,0,0,0,1,0,15/08/2026
8946161784,1130535,LGD Gaming vs Xtreme Gaming,1,3544,134,0,81306398,KingJungles,10150538,LGD Gaming,support,85,Undying,0,0,1,0,0,0,1,0,1,8,42,262,2,0,22,13,7,12,5,0.5416667,0,0,0,0,0,2,0,15/08/2026
8946161784,1130535,LGD Gaming vs Xtreme Gaming,1,3544,134,0,898754153,Ame,8261500,Xtreme Gaming,core,25,Lina,1,0,0,0,0,1,0,0,15,3,789,910,24,6,0,7,4,7,0,0.8064516,63.835175,0,2,1,0,0,1,15/08/2026
8946161784,1130535,LGD Gaming vs Xtreme Gaming,1,3544,134,0,173978074,NothingToSay,8261500,Xtreme Gaming,mid,13,Puck,0,1,0,0,0,0,0,0,6,4,498,617,10,0,2,0,8,6,0,0.7741935,26.666555,0,0,0,0,0,1,15/08/2026
8946161784,1130535,LGD Gaming vs Xtreme Gaming,1,3544,134,0,129958758,Xxs,8261500,Xtreme Gaming,core,108,Underlord,0,0,1,0,0,0,1,0,4,2,647,695,20,2,0,5,1,5,0,0.83870965,246.22665,0,0,0,0,0,1,15/08/2026
8946161784,1130535,LGD Gaming vs Xtreme Gaming,1,3544,134,0,101695162,fy,8261500,Xtreme Gaming,support,86,Rubick,0,0,1,0,1,0,0,1,5,7,167,386,2,0,3,11,1,9,4,0.7096774,72.99983,0,0,0,0,0,1,15/08/2026
8946161784,1130535,LGD Gaming vs Xtreme Gaming,1,3544,134,0,94296097,xNova,8261500,Xtreme Gaming,support,83,Treant Protector,0,0,1,0,1,0,0,0,1,8,45,356,0,0,23,3,1,12,5,0.7419355,74.69946,0,0,0,0,0,1,15/08/2026
8946161801,1130536,HULIGANI vs OG,1,3655,116,0,140251702,Mirage`雨,10149530,HULIGANI,mid,11,Shadow Fiend,1,0,0,0,0,0,1,0,7,7,697,651,20,0,2,2,9,1,1,0.8,1.1700178,0,1,1,0,0,0,15/08/2026
8946161801,1130536,HULIGANI vs OG,1,3655,116,0,145065875,sayuw,10149530,HULIGANI,support,7,Earthshaker,0,0,0,0,1,0,0,0,1,10,134,334,1,0,5,1,5,9,2,0.8666667,133.7709,0,0,0,0,1,0,15/08/2026
8946161801,1130536,HULIGANI vs OG,1,3655,116,0,123787715,RESPECT,10149530,HULIGANI,support,85,Undying,0,0,1,0,0,0,1,0,1,12,66,299,1,0,17,0,1,8,6,0.73333335,2.5,0,0,0,0,0,0,15/08/2026
8946161801,1130536,HULIGANI vs OG,1,3655,116,0,320017600,ssnovv1,10149530,HULIGANI,core,18,Sven,1,1,0,0,0,0,0,1,6,3,774,713,21,0,1,4,3,4,0,0.8,27.932743,0,1,0,0,0,0,15/08/2026
8946161801,1130536,HULIGANI vs OG,1,3655,116,0,92487440,Corrupted,10149530,HULIGANI,core,96,Centaur Warrunner,0,0,0,0,1,0,0,0,0,9,437,509,16,2,1,1,8,4,0,0.4,35.46646,0,1,0,0,0,0,15/08/2026
8946161801,1130536,HULIGANI vs OG,1,3655,116,0,324277900,Yopaj-,2586976,OG,mid,17,Storm Spirit,0,1,0,0,0,0,1,0,15,3,559,665,15,0,2,2,17,2,0,0.6585366,68.26635,0,1,0,0,0,1,15/08/2026
8946161801,1130536,HULIGANI vs OG,1,3655,116,0,155494381,TIMS,2586976,OG,support,90,Keeper of the Light,0,0,0,0,1,0,0,0,1,1,295,502,5,1,2,6,4,16,5,0.6585366,0,0,0,0,0,0,1,15/08/2026
8946161801,1130536,HULIGANI vs OG,1,3655,116,0,100594231,skem,2586976,OG,support,30,Witch Doctor,0,0,0,1,0,0,0,0,6,2,61,390,3,0,23,3,4,19,5,0.63414633,45.26905,0,0,0,0,1,1,15/08/2026
8946161801,1130536,HULIGANI vs OG,1,3655,116,0,132309493,Raven,2586976,OG,core,55,Dark Seer,0,0,0,1,0,0,0,0,5,5,605,690,13,2,0,1,2,8,0,0.6585366,45.83226,1,0,0,0,1,1,15/08/2026
8946161801,1130536,HULIGANI vs OG,1,3655,116,0,355168766,Natsumi,2586976,OG,core,145,Kez,0,1,0,0,0,0,0,0,14,4,742,823,20,4,1,3,5,1,0,0.68292683,15.135647,0,3,2,0,0,1,15/08/2026
8946227017,1130536,HULIGANI vs OG,2,2959,63,0,140251702,Mirage`雨,10149530,HULIGANI,mid,74,Invoker,0,0,0,0,0,1,0,1,5,3,485,707,4,4,2,2,9,0,1,0.7368421,119.20281,0,1,0,0,0,1,15/08/2026
8946227017,1130536,HULIGANI vs OG,2,2959,63,0,145065875,sayuw,10149530,HULIGANI,support,119,Dark Willow,0,0,1,1,0,0,0,0,2,5,83,341,0,0,11,1,4,8,6,0.57894737,171.93309,0,0,0,0,1,1,15/08/2026
8946227017,1130536,HULIGANI vs OG,2,2959,63,0,123787715,RESPECT,10149530,HULIGANI,support,103,Elder Titan,0,0,0,0,1,0,0,0,5,6,48,349,2,0,8,4,8,12,2,0.7368421,85.533905,1,0,0,0,1,1,15/08/2026
8946227017,1130536,HULIGANI vs OG,2,2959,63,0,320017600,ssnovv1,10149530,HULIGANI,core,6,Drow Ranger,0,0,0,1,0,1,0,1,5,4,718,808,30,5,1,3,3,2,0,0.6315789,0,0,2,1,0,0,1,15/08/2026
8946227017,1130536,HULIGANI vs OG,2,2959,63,0,92487440,Corrupted,10149530,HULIGANI,core,96,Centaur Warrunner,0,0,0,0,1,0,0,0,2,2,426,584,21,0,2,3,3,9,0,0.6315789,38.934822,0,0,0,0,1,1,15/08/2026
8946227017,1130536,HULIGANI vs OG,2,2959,63,0,324277900,Yopaj-,2586976,OG,mid,106,Ember Spirit,1,0,0,0,0,1,1,0,3,2,387,535,10,0,3,4,7,1,0,0.7,67.66809,0,1,0,0,0,0,15/08/2026
8946227017,1130536,HULIGANI vs OG,2,2959,63,0,155494381,TIMS,2586976,OG,support,9,Mirana,0,1,0,0,0,0,0,0,3,6,122,315,4,0,6,4,2,13,4,0.8,88.06697,0,0,0,0,0,0,15/08/2026
8946227017,1130536,HULIGANI vs OG,2,2959,63,0,100594231,skem,2586976,OG,support,85,Undying,0,0,1,0,0,0,1,0,7,4,76,342,2,0,15,6,5,6,4,0.85,0,0,0,0,0,0,0,15/08/2026
8946227017,1130536,HULIGANI vs OG,2,2959,63,0,132309493,Raven,2586976,OG,core,155,Largo,0,0,1,0,1,0,0,0,2,5,391,505,10,0,0,0,1,2,0,0.7,17.261768,0,0,0,0,0,0,15/08/2026
8946227017,1130536,HULIGANI vs OG,2,2959,63,0,355168766,Natsumi,2586976,OG,core,11,Shadow Fiend,1,0,0,0,0,0,1,0,5,2,631,647,33,4,0,1,4,2,0,0.5,2.4002442,0,1,1,0,0,0,15/08/2026
8946228107,1130533,Team Yandex vs Team Resilience,2,1102,230,0,171262902,医者watson`,9823272,Team Yandex,core,145,Kez,0,1,0,0,0,0,0,0,6,1,217,647,10,1,0,0,0,3,0,0.47619048,1.4667321,0,0,0,0,0,1,15/08/2026
8946228107,1130533,Team Yandex vs Team Resilience,2,1102,230,0,312436974,CHIRA_JUNIOR,9823272,Team Yandex,mid,13,Puck,0,1,0,0,0,0,0,0,2,0,168,503,5,0,2,0,7,0,0,0.2857143,5,0,0,0,0,0,1,15/08/2026
8946228107,1130533,Team Yandex vs Team Resilience,2,1102,230,0,56351509,DM,9823272,Team Yandex,core,98,Timbersaw,0,0,0,1,0,0,0,0,6,0,192,604,8,0,0,2,2,0,0,0.42857143,0,0,0,0,0,0,1,15/08/2026
8946228107,1130533,Team Yandex vs Team Resilience,2,1102,230,0,93817671,Maladych,9823272,Team Yandex,support,30,Witch Doctor,0,0,0,1,0,0,0,0,5,2,14,267,2,0,3,5,1,2,2,0.71428573,8.632708,1,0,0,0,0,1,15/08/2026
8946228107,1130533,Team Yandex vs Team Resilience,2,1102,230,0,103735745,Saksa,9823272,Team Yandex,support,9,Mirana,0,1,0,0,0,0,0,0,2,2,23,244,1,1,4,9,1,6,1,0.47619048,3.633419,0,0,0,0,0,1,15/08/2026
8946228107,1130533,Team Yandex vs Team Resilience,2,1102,230,0,170896543,YSR-04E,5017210,Team Resilience,core,19,Tiny,0,0,0,0,1,0,0,0,0,6,150,384,12,0,0,0,1,0,0,0,4.199426,0,0,0,0,0,0,15/08/2026
8946228107,1130533,Team Yandex vs Team Resilience,2,1102,230,0,315272623,Echozz,5017210,Team Resilience,mid,74,Invoker,0,0,0,0,0,1,0,1,1,1,133,430,6,2,2,3,6,0,0,0.6,9.532996,0,0,0,0,0,0,15/08/2026
8946228107,1130533,Team Yandex vs Team Resilience,2,1102,230,0,145957968,niu,5017210,Team Resilience,core,96,Centaur Warrunner,0,0,0,0,1,0,0,0,0,4,125,369,6,0,0,1,1,0,0,0.4,17.966848,0,0,0,0,0,0,15/08/2026
8946228107,1130533,Team Yandex vs Team Resilience,2,1102,230,0,150961567,planet,5017210,Team Resilience,support,27,Shadow Shaman,0,0,0,0,1,0,0,1,2,7,15,178,0,0,5,2,0,5,2,0.8,33.266735,0,0,0,0,0,0,15/08/2026
8946228107,1130533,Team Yandex vs Team Resilience,2,1102,230,0,249835593,zzq,5017210,Team Resilience,support,105,Techies,0,0,0,0,1,1,0,0,2,4,35,264,1,0,3,6,2,4,1,0.4,8.033203,0,0,0,0,0,0,15/08/2026
8946228708,1130534,Team Falcons vs GamerLegion,2,2867,104,0,10366616,Sneyking,9247354,Team Falcons,support,58,Enchantress,0,0,1,0,0,0,0,0,1,6,250,376,10,3,12,4,5,13,1,0.4,2.1,0,1,0,0,1,0,15/08/2026
8946228708,1130534,Team Falcons vs GamerLegion,2,2867,104,0,100058342,skiter,9247354,Team Falcons,core,54,Lifestealer,0,0,0,0,0,0,1,0,2,6,471,569,24,0,0,6,3,2,0,0.25,0,0,1,0,0,0,0,15/08/2026
8946228708,1130534,Team Falcons vs GamerLegion,2,2867,104,0,898455820,Malr1ne,9247354,Team Falcons,mid,107,Earth Spirit,0,0,1,0,0,0,1,0,8,7,361,514,12,0,2,0,6,0,0,0.7,16.9331,0,0,0,0,0,0,15/08/2026
8946228708,1130534,Team Falcons vs GamerLegion,2,2867,104,0,183719386,AMMAR_THE_F,9247354,Team Falcons,core,129,Mars,1,0,0,0,0,0,0,0,3,8,398,501,10,0,1,3,2,6,0,0.6,96.93507,0,0,0,0,0,0,15/08/2026
8946228708,1130534,Team Falcons vs GamerLegion,2,2867,104,0,25907144,Cr1t-,9247354,Team Falcons,support,9,Mirana,0,1,0,0,0,0,0,0,6,6,106,337,3,0,8,4,4,5,7,0.85,41.23406,0,0,0,0,0,0,15/08/2026
8946228708,1130534,Team Falcons vs GamerLegion,2,2867,104,0,206642367,Ghost,9964962,GamerLegion,core,6,Drow Ranger,0,0,0,1,0,1,0,1,7,5,468,653,24,2,0,3,4,2,0,0.6363636,0,0,3,1,0,1,1,15/08/2026
8946228708,1130534,Team Falcons vs GamerLegion,2,2867,104,0,191362875,Speeed,9964962,GamerLegion,support,85,Undying,0,0,1,0,0,0,1,0,3,5,56,370,0,0,12,2,4,9,2,0.75757575,0,1,0,0,0,0,1,15/08/2026
8946228708,1130534,Team Falcons vs GamerLegion,2,2867,104,0,154974246,RCY,9964962,GamerLegion,mid,96,Centaur Warrunner,0,0,0,0,1,0,0,0,13,2,471,737,20,2,1,2,11,1,0,0.8484849,66.034515,0,0,0,0,1,1,15/08/2026
8946228708,1130534,Team Falcons vs GamerLegion,2,2867,104,0,90423751,Bignum,9964962,GamerLegion,support,119,Dark Willow,0,0,1,1,0,0,0,0,4,6,38,332,1,0,9,0,5,5,6,0.8484849,158.10031,0,0,0,0,0,1,15/08/2026
8946228708,1130534,Team Falcons vs GamerLegion,2,2867,104,0,160119017,Fayde,9964962,GamerLegion,core,28,Slardar,0,0,0,1,0,1,0,0,6,2,419,614,10,2,0,1,3,5,0,0.72727275,53.16514,0,0,1,0,0,1,15/08/2026
8946231092,1130535,LGD Gaming vs Xtreme Gaming,2,2947,17,0,177203952,Yuma,10150538,LGD Gaming,core,67,Spectre,0,0,0,1,0,0,1,0,9,1,522,692,17,2,0,6,5,1,0,0.7916667,4.3666797,0,2,1,0,0,1,15/08/2026
8946231092,1130535,LGD Gaming vs Xtreme Gaming,2,2947,17,0,94054712,Topson,10150538,LGD Gaming,mid,25,Lina,1,0,0,0,0,1,0,0,6,2,650,785,12,5,2,4,17,1,0,0.625,33.202457,0,0,1,0,0,1,15/08/2026
8946231092,1130535,LGD Gaming vs Xtreme Gaming,2,2947,17,0,292921272,Wisper,10150538,LGD Gaming,core,96,Centaur Warrunner,0,0,0,0,1,0,0,0,5,1,498,621,24,1,0,2,7,8,0,0.7916667,22.134161,0,0,1,0,0,1,15/08/2026
8946231092,1130535,LGD Gaming vs Xtreme Gaming,2,2947,17,0,105045291,Thiolicor,10150538,LGD Gaming,support,21,Windranger,0,0,1,0,0,0,0,1,3,1,99,340,1,0,3,2,5,26,2,0.7916667,35.533207,1,0,0,0,2,1,15/08/2026
8946231092,1130535,LGD Gaming vs Xtreme Gaming,2,2947,17,0,81306398,KingJungles,10150538,LGD Gaming,support,123,Hoodwink,0,0,1,0,0,0,0,0,1,1,74,316,1,0,18,1,1,8,5,0.6666667,23.699743,0,0,0,0,0,1,15/08/2026
8946231092,1130535,LGD Gaming vs Xtreme Gaming,2,2947,17,0,898754153,Ame,8261500,Xtreme Gaming,core,6,Drow Ranger,0,0,0,1,0,1,0,1,1,5,621,626,24,1,0,6,2,6,0,0.5,0,0,1,0,0,0,0,15/08/2026
8946231092,1130535,LGD Gaming vs Xtreme Gaming,2,2947,17,0,173978074,NothingToSay,8261500,Xtreme Gaming,mid,97,Magnus,0,0,0,0,1,0,0,0,1,3,366,452,8,0,2,4,8,3,0,0.6666667,39.3667,0,0,0,0,0,0,15/08/2026
8946231092,1130535,LGD Gaming vs Xtreme Gaming,2,2947,17,0,129958758,Xxs,8261500,Xtreme Gaming,core,28,Slardar,0,0,0,1,0,1,0,0,0,2,502,528,21,1,0,2,1,3,0,0.6666667,28.399042,0,0,0,0,0,0,15/08/2026
8946231092,1130535,LGD Gaming vs Xtreme Gaming,2,2947,17,0,101695162,fy,8261500,Xtreme Gaming,support,9,Mirana,0,1,0,0,0,0,0,0,4,6,161,307,5,0,6,0,2,15,4,0.8333333,38.46712,0,1,0,0,0,0,15/08/2026
8946231092,1130535,LGD Gaming vs Xtreme Gaming,2,2947,17,0,94296097,xNova,8261500,Xtreme Gaming,support,103,Elder Titan,0,0,0,0,1,0,0,0,0,8,38,233,1,0,15,5,2,16,4,0.33333334,54.13468,0,0,0,0,0,0,15/08/2026
8946260898,1130533,Team Yandex vs Team Resilience,3,1820,298,1,171262902,医者watson`,9823272,Team Yandex,core,25,Lina,1,0,0,0,0,1,0,0,12,0,396,784,17,6,0,5,3,2,0,0.54285717,22.23364,0,1,0,0,0,1,15/08/2026
8946260898,1130533,Team Yandex vs Team Resilience,3,1820,298,1,312436974,CHIRA_JUNIOR,9823272,Team Yandex,mid,128,Snapfire,1,0,0,0,0,0,0,0,6,2,279,599,5,1,2,1,13,1,0,0.54285717,25.567045,0,0,0,0,1,1,15/08/2026
8946260898,1130533,Team Yandex vs Team Resilience,3,1820,298,1,56351509,DM,9823272,Team Yandex,core,36,Necrophos,0,0,1,0,0,0,1,0,8,1,414,730,15,0,0,5,6,1,0,0.51428574,5.999634,1,0,0,0,0,1,15/08/2026
8946260898,1130533,Team Yandex vs Team Resilience,3,1820,298,1,93817671,Maladych,9823272,Team Yandex,support,51,Clockwerk,1,0,0,0,0,0,0,1,4,5,30,295,1,0,7,0,0,7,3,0.62857145,68.232574,0,0,0,0,0,1,15/08/2026
8946260898,1130533,Team Yandex vs Team Resilience,3,1820,298,1,103735745,Saksa,9823272,Team Yandex,support,53,Nature's Prophet,0,0,1,0,0,0,0,1,5,3,150,440,2,1,6,3,3,9,1,0.6,0,0,0,0,0,0,1,15/08/2026
8946260898,1130533,Team Yandex vs Team Resilience,3,1820,298,1,170896543,YSR-04E,5017210,Team Resilience,core,145,Kez,0,1,0,0,0,0,0,0,2,6,314,522,19,0,0,3,2,1,0,0.27272728,3.7330565,0,0,0,0,0,0,15/08/2026
8946260898,1130533,Team Yandex vs Team Resilience,3,1820,298,1,315272623,Echozz,5017210,Team Resilience,mid,120,Pangolier,1,0,0,0,0,0,0,0,1,6,190,405,14,0,0,1,5,4,0,0.72727275,13.801317,0,0,0,0,0,0,15/08/2026
8946260898,1130533,Team Yandex vs Team Resilience,3,1820,298,1,145957968,niu,5017210,Team Resilience,core,108,Underlord,0,0,1,0,0,0,1,0,5,7,197,432,6,0,0,4,0,1,0,0.90909094,108.66548,0,0,0,0,0,0,15/08/2026
8946260898,1130533,Team Yandex vs Team Resilience,3,1820,298,1,150961567,planet,5017210,Team Resilience,support,86,Rubick,0,0,1,0,1,0,0,1,2,8,86,287,3,1,10,3,2,6,2,0.8181818,20.466333,0,0,0,0,0,0,15/08/2026
8946260898,1130533,Team Yandex vs Team Resilience,3,1820,298,1,249835593,zzq,5017210,Team Resilience,support,112,Winter Wyvern,0,1,0,0,0,1,0,0,1,8,12,202,0,0,5,3,0,3,1,0.72727275,16.05,0,0,0,0,1,0,15/08/2026
8946283971,1130536,HULIGANI vs OG,3,2445,44,1,140251702,Mirage`雨,10149530,HULIGANI,mid,7,Earthshaker,0,0,0,0,1,0,0,0,1,8,339,490,14,0,2,1,8,0,1,0.6666667,68.66569,0,0,0,0,0,0,15/08/2026
8946283971,1130536,HULIGANI vs OG,3,2445,44,1,145065875,sayuw,10149530,HULIGANI,support,119,Dark Willow,0,0,1,1,0,0,0,0,3,9,42,266,0,0,5,2,2,1,4,0.8333333,79.76648,0,0,0,0,0,0,15/08/2026
8946283971,1130536,HULIGANI vs OG,3,2445,44,1,320017600,ssnovv1,10149530,HULIGANI,core,6,Drow Ranger,0,0,0,1,0,1,0,1,2,8,514,617,19,1,1,3,1,2,0,0.33333334,0,0,1,0,0,1,0,15/08/2026
8946283971,1130536,HULIGANI vs OG,3,2445,44,1,123787715,RESPECT,10149530,HULIGANI,support,85,Undying,0,0,1,0,0,0,1,0,0,11,40,211,0,0,9,2,2,11,1,0.5,0,0,0,0,0,0,0,15/08/2026
8946283971,1130536,HULIGANI vs OG,3,2445,44,1,92487440,Corrupted,10149530,HULIGANI,core,96,Centaur Warrunner,0,0,0,0,1,0,0,0,0,6,296,462,25,3,1,0,1,7,0,0.33333334,38.132927,0,0,0,0,0,0,15/08/2026
8946283971,1130536,HULIGANI vs OG,3,2445,44,1,324277900,Yopaj-,2586976,OG,mid,120,Pangolier,1,0,0,0,0,0,0,0,11,1,379,645,12,1,2,0,15,2,0,0.5,18.367872,0,0,0,0,0,1,15/08/2026
8946283971,1130536,HULIGANI vs OG,3,2445,44,1,155494381,TIMS,2586976,OG,support,123,Hoodwink,0,0,1,0,0,0,0,0,8,2,108,377,1,0,5,2,4,10,2,0.5714286,57.733097,1,0,1,0,0,1,15/08/2026
8946283971,1130536,HULIGANI vs OG,3,2445,44,1,100594231,skem,2586976,OG,support,30,Witch Doctor,0,0,0,1,0,0,0,0,6,1,22,317,1,0,12,0,0,10,4,0.61904764,19.632286,0,0,0,0,1,1,15/08/2026
8946283971,1130536,HULIGANI vs OG,3,2445,44,1,132309493,Raven,2586976,OG,core,33,Enigma,0,0,0,1,0,0,0,0,5,2,295,590,11,3,0,0,1,3,0,0.6666667,21.866919,0,0,0,0,1,1,15/08/2026
8946283971,1130536,HULIGANI vs OG,3,2445,44,1,355168766,Natsumi,2586976,OG,core,145,Kez,0,1,0,0,0,0,0,0,12,0,490,766,32,2,1,2,4,3,1,0.52380955,12.666383,0,2,1,0,1,1,15/08/2026
8946285985,1130534,Team Falcons vs GamerLegion,3,2477,0,1,10366616,Sneyking,9247354,Team Falcons,support,85,Undying,0,0,1,0,0,0,1,0,0,1,160,457,9,0,10,6,6,12,2,0.516129,0,0,1,1,0,1,1,15/08/2026
8946285985,1130534,Team Falcons vs GamerLegion,3,2477,0,1,100058342,skiter,9247354,Team Falcons,core,56,Clinkz,0,0,0,0,1,1,1,0,13,0,414,742,22,7,0,3,1,1,0,0.61290324,0,0,1,1,0,0,1,15/08/2026
8946285985,1130534,Team Falcons vs GamerLegion,3,2477,0,1,898455820,Malr1ne,9247354,Team Falcons,mid,107,Earth Spirit,0,0,1,0,0,0,1,0,9,3,350,676,9,0,1,1,16,3,0,0.5483871,25.900406,1,0,0,0,0,1,15/08/2026
8946285985,1130534,Team Falcons vs GamerLegion,3,2477,0,1,183719386,AMMAR_THE_F,9247354,Team Falcons,core,69,Doom,1,0,0,0,0,1,1,0,8,2,422,766,18,1,0,5,5,4,0,0.6451613,15.19367,0,0,0,0,0,1,15/08/2026
8946285985,1130534,Team Falcons vs GamerLegion,3,2477,0,1,25907144,Cr1t-,9247354,Team Falcons,support,26,Lion,0,0,0,1,0,0,1,1,1,6,14,289,1,0,8,4,1,8,5,0.41935483,85.199776,0,0,0,0,0,1,15/08/2026
8946285985,1130534,Team Falcons vs GamerLegion,3,2477,0,1,206642367,Ghost,9964962,GamerLegion,core,12,Phantom Lancer,0,1,0,0,0,0,0,0,2,6,537,608,24,0,0,0,2,1,0,0.5,0,0,0,0,0,0,0,15/08/2026
8946285985,1130534,Team Falcons vs GamerLegion,3,2477,0,1,154974246,RCY,9964962,GamerLegion,mid,126,Void Spirit,0,0,0,1,0,0,1,0,4,5,373,501,8,0,3,2,8,1,0,0.5833333,0,0,1,0,0,0,0,15/08/2026
8946285985,1130534,Team Falcons vs GamerLegion,3,2477,0,1,160119017,Fayde,9964962,GamerLegion,core,96,Centaur Warrunner,0,0,0,0,1,0,0,0,0,6,331,432,14,2,0,2,1,5,0,0.25,24.233572,0,0,0,0,0,0,15/08/2026
8946285985,1130534,Team Falcons vs GamerLegion,3,2477,0,1,90423751,Bignum,9964962,GamerLegion,support,123,Hoodwink,0,0,1,0,0,0,0,0,3,8,70,287,1,0,6,4,3,6,3,0.6666667,32.96636,0,0,0,0,0,0,15/08/2026
8946285985,1130534,Team Falcons vs GamerLegion,3,2477,0,1,191362875,Speeed,9964962,GamerLegion,support,112,Winter Wyvern,0,1,0,0,0,1,0,0,3,6,46,285,1,0,10,1,0,3,3,0.75,-1.0505371,0,0,0,0,0,0,15/08/2026
8946288549,1130535,LGD Gaming vs Xtreme Gaming,3,2840,68,1,177203952,Yuma,10150538,LGD Gaming,core,20,Vengeful Spirit,0,1,0,0,0,0,1,0,5,7,405,624,10,4,0,3,3,1,0,0.7692308,38.00016,0,0,1,0,0,1,15/08/2026
8946288549,1130535,LGD Gaming vs Xtreme Gaming,3,2840,68,1,94054712,Topson,10150538,LGD Gaming,mid,49,Dragon Knight,1,0,0,0,0,1,0,0,5,1,478,638,16,1,1,1,13,3,1,0.7307692,51.366943,0,2,0,0,0,1,15/08/2026
8946288549,1130535,LGD Gaming vs Xtreme Gaming,3,2840,68,1,292921272,Wisper,10150538,LGD Gaming,core,38,Beastmaster,1,0,0,0,0,0,0,0,10,1,581,773,25,5,0,2,5,7,0,0.7307692,61.066944,0,1,1,0,0,1,15/08/2026
8946288549,1130535,LGD Gaming vs Xtreme Gaming,3,2840,68,1,105045291,Thiolicor,10150538,LGD Gaming,support,90,Keeper of the Light,0,0,0,0,1,0,0,0,1,7,130,358,2,0,4,9,3,21,2,0.65384614,0,0,0,0,0,2,1,15/08/2026
8946288549,1130535,LGD Gaming vs Xtreme Gaming,3,2840,68,1,81306398,KingJungles,10150538,LGD Gaming,support,123,Hoodwink,0,0,1,0,0,0,0,0,5,1,48,357,1,0,18,2,6,7,4,0.7692308,43.766495,0,0,0,0,1,1,15/08/2026
8946288549,1130535,LGD Gaming vs Xtreme Gaming,3,2840,68,1,898754153,Ame,8261500,Xtreme Gaming,core,19,Tiny,0,0,0,0,1,0,0,0,5,5,510,570,23,1,0,4,2,3,0,0.7647059,20.332502,0,0,0,0,1,0,15/08/2026
8946288549,1130535,LGD Gaming vs Xtreme Gaming,3,2840,68,1,173978074,NothingToSay,8261500,Xtreme Gaming,mid,25,Lina,1,0,0,0,0,1,0,0,4,5,471,562,18,0,2,3,9,1,0,0.5882353,42.666855,0,0,0,0,0,0,15/08/2026
8946288549,1130535,LGD Gaming vs Xtreme Gaming,3,2840,68,1,129958758,Xxs,8261500,Xtreme Gaming,core,135,Dawnbreaker,0,0,0,0,1,1,0,0,3,3,528,534,13,0,0,3,1,7,0,0.5882353,20.166235,0,0,0,0,0,0,15/08/2026
8946288549,1130535,LGD Gaming vs Xtreme Gaming,3,2840,68,1,101695162,fy,8261500,Xtreme Gaming,support,100,Tusk,0,0,0,0,0,1,0,0,0,11,39,233,0,0,6,1,4,13,2,0.64705884,30.933716,0,1,0,0,1,0,15/08/2026
8946288549,1130535,LGD Gaming vs Xtreme Gaming,3,2840,68,1,94296097,xNova,8261500,Xtreme Gaming,support,9,Mirana,0,1,0,0,0,0,0,0,5,2,108,357,5,1,14,5,2,9,6,0.7058824,35.833633,1,0,0,0,2,0,15/08/2026
8946303764,1130559,Vici Gaming vs Nigma Galaxy ,1,3327,175,0,320252024,shiro,726228,Vici Gaming,core,19,Tiny,0,0,0,0,1,0,0,0,4,6,673,636,22,2,0,1,2,0,0,0.7647059,23.166553,0,0,0,0,0,0,15/08/2026
8946303764,1130559,Vici Gaming vs Nigma Galaxy ,1,3327,175,0,137129583,Xm,726228,Vici Gaming,mid,11,Shadow Fiend,1,0,0,0,0,0,1,0,4,7,751,684,21,0,1,3,7,3,0,0.47058824,4.6052504,0,1,0,0,1,0,15/08/2026
8946303764,1130559,Vici Gaming vs Nigma Galaxy ,1,3327,175,0,118134220,Bach,726228,Vici Gaming,core,69,Doom,1,0,0,0,0,1,1,0,2,8,405,557,9,0,0,1,2,4,0,0.47058824,18.499634,0,0,0,0,0,0,15/08/2026
8946303764,1130559,Vici Gaming vs Nigma Galaxy ,1,3327,175,0,157475523,XinQ,726228,Vici Gaming,support,103,Elder Titan,0,0,0,0,1,0,0,0,2,7,71,263,2,0,4,4,2,9,1,0.5882353,104.80301,0,0,0,0,0,0,15/08/2026
8946303764,1130559,Vici Gaming vs Nigma Galaxy ,1,3327,175,0,111114687,y`,726228,Vici Gaming,support,9,Mirana,0,1,0,0,0,0,0,0,5,5,221,430,4,0,21,5,4,14,8,0.88235295,47.834362,1,0,0,0,2,0,15/08/2026
8946303764,1130559,Vici Gaming vs Nigma Galaxy ,1,3327,175,0,111620041,SumaiL-,10136357,Nigma Galaxy ,core,21,Windranger,0,0,1,0,0,0,0,1,15,2,611,700,21,4,0,3,6,5,0,0.6969697,36.966736,0,1,0,0,0,1,15/08/2026
8946303764,1130559,Vici Gaming vs Nigma Galaxy ,1,3327,175,0,152168157,OmaR,10136357,Nigma Galaxy ,support,123,Hoodwink,0,0,1,0,0,0,0,0,5,5,98,397,2,0,17,6,6,16,5,0.7878788,59.799706,0,0,0,0,1,1,15/08/2026
8946303764,1130559,Vici Gaming vs Nigma Galaxy ,1,3327,175,0,138880576,Davai,10136357,Nigma Galaxy ,core,2,Axe,1,0,0,0,0,0,0,0,6,5,518,675,17,0,0,4,8,3,0,0.6060606,50.36685,0,0,0,0,0,1,15/08/2026
8946303764,1130559,Vici Gaming vs Nigma Galaxy ,1,3327,175,0,101356886,GH,10136357,Nigma Galaxy ,support,112,Winter Wyvern,0,1,0,0,0,1,0,0,0,3,49,304,2,0,8,1,6,13,4,0.6060606,28.698397,0,0,0,0,0,1,15/08/2026
8946303764,1130559,Vici Gaming vs Nigma Galaxy ,1,3327,175,0,210053851,lorenof,10136357,Nigma Galaxy ,mid,47,Viper,0,0,1,0,0,0,0,0,6,2,623,753,17,5,1,0,14,0,0,0.6666667,0,0,2,1,0,0,1,15/08/2026
8946337070,1130564,Team Liquid vs Iron Wing,1,2802,40,0,16497807,tOfu,2163,Team Liquid,support,9,Mirana,0,1,0,0,0,0,0,0,5,5,156,321,6,0,9,6,1,11,4,0.8,29.56671,0,0,0,0,1,0,15/08/2026
8946337070,1130564,Team Liquid vs Iron Wing,1,2802,40,0,97590558,Ace ♠,2163,Team Liquid,core,96,Centaur Warrunner,0,0,0,0,1,0,0,0,4,4,380,488,14,1,0,3,3,6,1,0.52,60.496693,0,0,0,0,1,0,15/08/2026
8946337070,1130564,Team Liquid vs Iron Wing,1,2802,40,0,201358612,Nisha,2163,Team Liquid,mid,17,Storm Spirit,0,1,0,0,0,0,1,0,12,2,389,548,12,0,1,3,13,4,0,0.96,36.16679,0,0,0,0,0,0,15/08/2026
8946337070,1130564,Team Liquid vs Iron Wing,1,2802,40,0,77490514,Boxi,2163,Team Liquid,support,90,Keeper of the Light,0,0,0,0,1,0,0,0,2,5,225,428,3,0,10,4,1,2,2,0.72,17.899797,0,0,0,0,1,0,15/08/2026
8946337070,1130564,Team Liquid vs Iron Wing,1,2802,40,0,152962063,m1CKe,2163,Team Liquid,core,114,Monkey King,0,0,1,0,0,0,0,1,2,4,551,592,24,1,1,3,3,6,0,0.36,24.566563,0,1,2,0,0,0,15/08/2026
8946337070,1130564,Team Liquid vs Iron Wing,1,2802,40,0,86698277,33,10150413,Iron Wing,core,55,Dark Seer,0,0,0,1,0,0,0,0,6,4,476,691,24,0,0,4,2,0,0,0.7,18.298052,0,1,0,0,0,1,15/08/2026
8946337070,1130564,Team Liquid vs Iron Wing,1,2802,40,0,346412363,Ari,10150413,Iron Wing,support,27,Shadow Shaman,0,0,0,0,1,0,0,1,1,7,53,299,1,2,6,5,5,4,0,0.45,83.267334,0,0,0,0,1,1,15/08/2026
8946337070,1130564,Team Liquid vs Iron Wing,1,2802,40,0,136829091,Whitemon,10150413,Iron Wing,support,131,Ringmaster,1,0,0,0,1,0,0,0,1,7,46,341,1,0,14,7,2,13,6,0.75,33.59967,1,0,0,0,0,1,15/08/2026
8946337070,1130564,Team Liquid vs Iron Wing,1,2802,40,0,93618577,bzm,10150413,Iron Wing,mid,107,Earth Spirit,0,0,1,0,0,0,1,0,6,6,375,622,6,0,2,4,15,6,0,0.7,10.577118,0,0,0,0,0,1,15/08/2026
8946337070,1130564,Team Liquid vs Iron Wing,1,2802,40,0,331855530,Pure,10150413,Iron Wing,core,54,Lifestealer,0,0,0,0,0,0,1,0,6,1,557,759,24,8,0,1,4,2,0,0.75,11.499854,0,0,0,0,1,1,15/08/2026
8946343023,1130566,BoomBoys vs Aurora Gaming,1,2527,111,0,172099728,Kiritych~,8255888,BoomBoys,core,145,Kez,0,1,0,0,0,0,0,0,6,3,435,637,20,2,0,0,2,6,0,0.68421054,29.533869,1,1,1,0,0,0,15/08/2026
8946343023,1130566,BoomBoys vs Aurora Gaming,1,2527,111,0,480412663,gpk~,8255888,BoomBoys,mid,28,Slardar,0,0,0,1,0,1,0,0,2,3,430,584,12,0,2,2,8,1,0,0.7894737,80.56412,0,0,0,0,1,0,15/08/2026
8946343023,1130566,BoomBoys vs Aurora Gaming,1,2527,111,0,165564598,MieRo,8255888,BoomBoys,core,38,Beastmaster,1,0,0,0,0,0,0,0,4,6,445,601,20,1,0,7,4,1,0,0.5263158,57.899746,0,1,0,0,0,0,15/08/2026
8946343023,1130566,BoomBoys vs Aurora Gaming,1,2527,111,0,317880638,Save-,8255888,BoomBoys,support,123,Hoodwink,0,0,1,0,0,0,0,0,2,6,97,321,4,0,5,6,1,10,3,0.68421054,80.39556,0,0,0,0,0,0,15/08/2026
8946343023,1130566,BoomBoys vs Aurora Gaming,1,2527,111,0,196878136,Kataomi`,8255888,BoomBoys,support,85,Undying,0,0,1,0,0,0,1,0,5,9,66,297,2,0,12,4,3,10,2,0.6315789,0,0,0,0,0,2,0,15/08/2026
8946343023,1130566,BoomBoys vs Aurora Gaming,1,2527,111,0,124801257,Nightfall,9467224,Aurora Gaming,core,12,Phantom Lancer,0,1,0,0,0,0,0,0,10,2,497,797,22,4,0,2,2,0,0,0.7777778,0,0,0,0,0,0,1,15/08/2026
8946343023,1130566,BoomBoys vs Aurora Gaming,1,2527,111,0,301750126,Mikoto,9467224,Aurora Gaming,mid,107,Earth Spirit,0,0,1,0,0,0,1,0,4,2,281,579,12,0,2,2,7,2,0,0.8148148,14.433033,0,0,0,0,0,1,15/08/2026
8946343023,1130566,BoomBoys vs Aurora Gaming,1,2527,111,0,126842529,Ws`,9467224,Aurora Gaming,core,98,Timbersaw,0,0,0,1,0,0,0,0,11,6,401,706,16,0,1,1,4,1,0,0.8148148,0,0,1,1,0,1,1,15/08/2026
8946343023,1130566,BoomBoys vs Aurora Gaming,1,2527,111,0,256156323,Mira,9467224,Aurora Gaming,support,9,Mirana,0,1,0,0,0,0,0,0,1,7,115,353,5,0,9,6,6,13,4,0.7037037,40.03269,0,0,0,0,3,1,15/08/2026
8946343023,1130566,BoomBoys vs Aurora Gaming,1,2527,111,0,320219866,kaori,9467224,Aurora Gaming,support,83,Treant Protector,0,0,1,0,1,0,0,0,1,2,43,355,4,0,7,5,5,8,3,0.8148148,71.5332,0,0,0,0,0,1,15/08/2026
8946351114,1130567,Team Spirit vs TEAM VISION,1,2231,355,0,847565596,rue,7119388,Team Spirit,support,51,Clockwerk,1,0,0,0,0,0,0,1,1,9,24,221,1,0,7,2,0,7,2,0.42857143,58.13262,0,0,0,0,0,0,15/08/2026
8946351114,1130567,Team Spirit vs TEAM VISION,1,2231,355,0,321580662,Yatoro,7119388,Team Spirit,core,6,Drow Ranger,0,0,0,1,0,1,0,1,2,4,451,602,18,1,2,4,5,1,1,0.2857143,0,0,0,1,0,1,0,15/08/2026
8946351114,1130567,Team Spirit vs TEAM VISION,1,2231,355,0,106305042,Larl,7119388,Team Spirit,mid,28,Slardar,0,0,0,1,0,1,0,0,2,8,294,445,9,0,0,1,5,2,0,0.71428573,29.966312,0,0,0,0,0,0,15/08/2026
8946351114,1130567,Team Spirit vs TEAM VISION,1,2231,355,0,218231587,not_me,7119388,Team Spirit,support,131,Ringmaster,1,0,0,0,1,0,0,0,0,10,97,276,6,0,9,8,1,2,3,0.71428573,17.733227,0,0,0,0,0,0,15/08/2026
8946351114,1130567,Team Spirit vs TEAM VISION,1,2231,355,0,302214028,Collapse,7119388,Team Spirit,core,69,Doom,1,0,0,0,0,1,1,0,2,6,261,498,19,1,0,3,1,2,0,0.5714286,17.667095,0,0,0,0,0,0,15/08/2026
8946351114,1130567,Team Spirit vs TEAM VISION,1,2231,355,0,1044002267,Satanic,9572001,TEAM VISION,core,53,Nature's Prophet,0,0,1,0,0,0,0,1,11,0,659,1027,25,8,0,4,8,1,0,0.7837838,0,1,0,0,0,0,1,15/08/2026
8946351114,1130567,Team Spirit vs TEAM VISION,1,2231,355,0,195108598,Noticed,9572001,TEAM VISION,core,98,Timbersaw,0,0,0,1,0,0,0,0,9,1,393,702,17,0,0,3,2,2,0,0.5675676,0,0,1,0,0,1,1,15/08/2026
8946351114,1130567,Team Spirit vs TEAM VISION,1,2231,355,0,106573901,No[o]ne-,9572001,TEAM VISION,mid,107,Earth Spirit,0,0,1,0,0,0,1,0,10,0,292,619,13,0,2,0,15,4,0,0.5675676,16.667292,0,0,0,0,0,1,15/08/2026
8946351114,1130567,Team Spirit vs TEAM VISION,1,2231,355,0,164199202,9Class,9572001,TEAM VISION,support,119,Dark Willow,0,0,1,1,0,0,0,0,7,6,33,373,1,0,9,3,2,9,0,0.7027027,113.63394,0,0,0,0,0,1,15/08/2026
8946351114,1130567,Team Spirit vs TEAM VISION,1,2231,355,0,73401082,Dukalis,9572001,TEAM VISION,support,112,Winter Wyvern,0,1,0,0,0,1,0,0,0,1,25,297,1,0,6,2,2,4,6,0.4054054,7.5832033,0,0,0,0,0,1,15/08/2026
8946386614,1130559,Nigma Galaxy  vs Vici Gaming,2,2377,105,0,111620041,SumaiL-,10136357,Nigma Galaxy ,core,53,Nature's Prophet,0,0,1,0,0,0,0,1,12,0,708,978,29,5,0,7,3,2,0,0.7419355,0,0,0,1,0,0,1,15/08/2026
8946386614,1130559,Nigma Galaxy  vs Vici Gaming,2,2377,105,0,152168157,OmaR,10136357,Nigma Galaxy ,support,51,Clockwerk,1,0,0,0,0,0,0,1,0,8,42,325,0,0,10,1,2,14,4,0.5483871,36.733536,0,0,0,0,1,1,15/08/2026
8946386614,1130559,Nigma Galaxy  vs Vici Gaming,2,2377,105,0,138880576,Davai,10136357,Nigma Galaxy ,core,55,Dark Seer,0,0,0,1,0,0,0,0,8,3,406,679,19,0,0,4,5,1,0,0.8064516,22.564672,1,1,0,0,1,1,15/08/2026
8946386614,1130559,Nigma Galaxy  vs Vici Gaming,2,2377,105,0,101356886,GH,10136357,Nigma Galaxy ,support,9,Mirana,0,1,0,0,0,0,0,0,2,3,145,414,6,0,9,2,3,13,2,0.516129,42.79982,0,0,0,0,0,1,15/08/2026
8946386614,1130559,Nigma Galaxy  vs Vici Gaming,2,2377,105,0,210053851,lorenof,10136357,Nigma Galaxy ,mid,126,Void Spirit,0,0,0,1,0,0,1,0,8,2,345,645,4,2,0,0,14,0,0,0.7419355,1.5332031,0,1,0,0,0,1,15/08/2026
8946386614,1130559,Nigma Galaxy  vs Vici Gaming,2,2377,105,0,320252024,shiro,726228,Vici Gaming,core,11,Shadow Fiend,1,0,0,0,0,0,1,0,7,4,602,739,23,1,0,1,2,1,0,0.875,2.1830082,0,0,0,0,0,0,15/08/2026
8946386614,1130559,Nigma Galaxy  vs Vici Gaming,2,2377,105,0,137129583,Xm,726228,Vici Gaming,mid,13,Puck,0,1,0,0,0,0,0,0,4,5,382,526,17,1,2,0,7,0,0,0.6875,4,0,0,1,0,1,0,15/08/2026
8946386614,1130559,Nigma Galaxy  vs Vici Gaming,2,2377,105,0,118134220,Bach,726228,Vici Gaming,core,29,Tidehunter,0,0,1,0,0,1,0,0,1,5,341,458,8,1,0,3,1,2,0,0.5625,22.668016,0,0,0,0,0,0,15/08/2026
8946386614,1130559,Nigma Galaxy  vs Vici Gaming,2,2377,105,0,157475523,XinQ,726228,Vici Gaming,support,119,Dark Willow,0,0,1,1,0,0,0,0,1,7,42,257,0,0,4,8,0,8,2,0.5,113.76725,0,0,0,0,0,0,15/08/2026
8946386614,1130559,Nigma Galaxy  vs Vici Gaming,2,2377,105,0,111114687,y`,726228,Vici Gaming,support,100,Tusk,0,0,0,0,0,1,0,0,2,10,27,256,0,0,13,0,2,11,5,0.875,25.366941,0,0,0,0,0,0,15/08/2026
8946414154,1130564,Team Liquid vs Iron Wing,2,2380,194,0,16497807,tOfu,2163,Team Liquid,support,79,Shadow Demon,1,0,0,0,0,0,1,1,9,6,79,436,4,0,11,1,1,10,4,0.7380952,24.899658,0,1,0,0,0,1,15/08/2026
8946414154,1130564,Team Liquid vs Iron Wing,2,2380,194,0,97590558,Ace ♠,2163,Team Liquid,core,135,Dawnbreaker,0,0,0,0,1,1,0,0,8,4,396,650,25,1,0,4,2,5,0,0.61904764,29.166868,0,0,1,0,0,1,15/08/2026
8946414154,1130564,Team Liquid vs Iron Wing,2,2380,194,0,201358612,Nisha,2163,Team Liquid,mid,107,Earth Spirit,0,0,1,0,0,0,1,0,11,3,321,682,5,1,2,2,16,3,0,0.78571427,20.466816,0,0,0,0,0,1,15/08/2026
8946414154,1130564,Team Liquid vs Iron Wing,2,2380,194,0,77490514,Boxi,2163,Team Liquid,support,21,Windranger,0,0,1,0,0,0,0,1,7,4,73,396,1,0,6,1,1,5,2,0.71428573,23.433743,0,1,0,0,3,1,15/08/2026
8946414154,1130564,Team Liquid vs Iron Wing,2,2380,194,0,152962063,m1CKe,2163,Team Liquid,core,19,Tiny,0,0,0,0,1,0,0,0,7,0,438,768,19,6,0,0,2,3,0,0.5952381,43.998665,0,0,0,0,0,1,15/08/2026
8946414154,1130564,Team Liquid vs Iron Wing,2,2380,194,0,86698277,33,10150413,Iron Wing,core,55,Dark Seer,0,0,0,1,0,0,0,0,4,7,391,576,18,0,0,1,0,2,0,0.7058824,16.632229,0,0,0,0,1,0,15/08/2026
8946414154,1130564,Team Liquid vs Iron Wing,2,2380,194,0,346412363,Ari,10150413,Iron Wing,support,100,Tusk,0,0,0,0,0,1,0,0,2,10,41,264,0,0,5,1,5,8,1,0.7058824,41.43386,1,0,0,0,0,0,15/08/2026
8946414154,1130564,Team Liquid vs Iron Wing,2,2380,194,0,136829091,Whitemon,10150413,Iron Wing,support,131,Ringmaster,1,0,0,0,1,0,0,0,2,8,30,272,0,1,14,6,1,7,3,0.7647059,47.865032,0,0,0,0,0,0,15/08/2026
8946414154,1130564,Team Liquid vs Iron Wing,2,2380,194,0,93618577,bzm,10150413,Iron Wing,mid,106,Ember Spirit,1,0,0,0,0,1,1,0,1,11,263,425,7,0,0,2,8,2,0,0.5882353,56.9324,0,0,0,0,0,0,15/08/2026
8946414154,1130564,Team Liquid vs Iron Wing,2,2380,194,0,331855530,Pure,10150413,Iron Wing,core,8,Juggernaut,0,0,0,0,0,0,0,1,8,6,495,691,24,1,0,2,5,5,0,0.64705884,0,0,0,1,0,0,0,15/08/2026
8946416702,1130566,Aurora Gaming vs BoomBoys,2,2030,113,0,124801257,Nightfall,9467224,Aurora Gaming,core,67,Spectre,0,0,0,1,0,0,1,0,12,1,363,723,13,4,1,3,3,0,0,0.74285716,0,0,1,1,0,1,1,15/08/2026
8946416702,1130566,Aurora Gaming vs BoomBoys,2,2030,113,0,301750126,Mikoto,9467224,Aurora Gaming,mid,107,Earth Spirit,0,0,1,0,0,0,1,0,6,2,220,575,5,0,3,1,14,2,0,0.62857145,14.699586,0,1,0,0,0,1,15/08/2026
8946416702,1130566,Aurora Gaming vs BoomBoys,2,2030,113,0,126842529,Ws`,9467224,Aurora Gaming,core,36,Necrophos,0,0,1,0,0,0,1,0,7,3,429,756,22,2,0,3,4,0,0,0.5714286,9.133008,0,0,0,0,0,1,15/08/2026
8946416702,1130566,Aurora Gaming vs BoomBoys,2,2030,113,0,256156323,Mira,9467224,Aurora Gaming,support,123,Hoodwink,0,0,1,0,0,0,0,0,7,2,46,355,3,0,6,3,1,10,4,0.71428573,49.099815,1,0,0,0,0,1,15/08/2026
8946416702,1130566,Aurora Gaming vs BoomBoys,2,2030,113,0,320219866,kaori,9467224,Aurora Gaming,support,64,Jakiro,1,1,0,0,0,1,0,0,3,2,41,313,1,0,7,1,1,8,2,0.45714286,22.066528,0,0,0,0,1,1,15/08/2026
8946416702,1130566,Aurora Gaming vs BoomBoys,2,2030,113,0,172099728,Kiritych~,8255888,BoomBoys,core,21,Windranger,0,0,1,0,0,0,0,1,4,4,297,549,11,1,0,3,2,4,0,0.8,32.16643,0,1,0,0,1,0,15/08/2026
8946416702,1130566,Aurora Gaming vs BoomBoys,2,2030,113,0,480412663,gpk~,8255888,BoomBoys,mid,28,Slardar,0,0,0,1,0,1,0,0,4,6,220,422,16,0,2,3,7,0,0,0.9,41.265636,0,0,0,0,0,0,15/08/2026
8946416702,1130566,Aurora Gaming vs BoomBoys,2,2030,113,0,165564598,MieRo,8255888,BoomBoys,core,69,Doom,1,0,0,0,0,1,1,0,0,6,204,478,12,0,0,2,1,1,0,0.7,12.067064,0,0,0,0,0,0,15/08/2026
8946416702,1130566,Aurora Gaming vs BoomBoys,2,2030,113,0,317880638,Save-,8255888,BoomBoys,support,131,Ringmaster,1,0,0,0,1,0,0,0,2,8,58,270,2,0,5,1,1,4,4,0.6,26.499865,0,0,0,0,0,0,15/08/2026
8946416702,1130566,Aurora Gaming vs BoomBoys,2,2030,113,0,196878136,Kataomi`,8255888,BoomBoys,support,112,Winter Wyvern,0,1,0,0,0,1,0,0,0,11,52,247,2,0,9,3,2,4,1,0.5,9.949977,0,0,0,0,0,0,15/08/2026
8946428867,1130567,TEAM VISION vs Team Spirit,2,3230,293,0,1044002267,Satanic,9572001,TEAM VISION,core,54,Lifestealer,0,0,0,0,0,0,1,0,7,0,771,856,23,8,0,0,6,6,0,0.6785714,7.0667963,0,1,0,0,0,1,15/08/2026
8946428867,1130567,TEAM VISION vs Team Spirit,2,3230,293,0,195108598,Noticed,9572001,TEAM VISION,core,69,Doom,1,0,0,0,0,1,1,0,1,3,505,675,13,0,0,8,2,8,2,0.71428573,10.400428,0,0,0,0,1,1,15/08/2026
8946428867,1130567,TEAM VISION vs Team Spirit,2,3230,293,0,106573901,No[o]ne-,9572001,TEAM VISION,mid,107,Earth Spirit,0,0,1,0,0,0,1,0,11,1,541,717,11,1,2,1,20,6,0,0.89285713,28.799982,0,1,0,0,0,1,15/08/2026
8946428867,1130567,TEAM VISION vs Team Spirit,2,3230,293,0,164199202,9Class,9572001,TEAM VISION,support,119,Dark Willow,0,0,1,1,0,0,0,0,3,8,92,331,2,0,11,9,4,7,2,0.5714286,127.96729,0,0,0,0,0,1,15/08/2026
8946428867,1130567,TEAM VISION vs Team Spirit,2,3230,293,0,73401082,Dukalis,9572001,TEAM VISION,support,58,Enchantress,0,0,1,0,0,0,0,0,6,5,142,380,9,1,12,3,4,4,5,0.53571427,31.333399,0,0,0,0,0,1,15/08/2026
8946428867,1130567,TEAM VISION vs Team Spirit,2,3230,293,0,847565596,rue,7119388,Team Spirit,support,131,Ringmaster,1,0,0,0,1,0,0,0,3,5,87,307,0,1,7,6,5,16,2,0.5882353,30.267551,0,0,0,0,0,0,15/08/2026
8946428867,1130567,TEAM VISION vs Team Spirit,2,3230,293,0,321580662,Yatoro,7119388,Team Spirit,core,6,Drow Ranger,0,0,0,1,0,1,0,1,3,3,864,777,33,2,1,3,3,1,0,0.47058824,0,1,0,2,0,0,0,15/08/2026
8946428867,1130567,TEAM VISION vs Team Spirit,2,3230,293,0,106305042,Larl,7119388,Team Spirit,mid,106,Ember Spirit,1,0,0,0,0,1,1,0,7,7,490,559,13,0,0,1,10,2,0,0.7647059,96.53373,0,1,0,0,0,0,15/08/2026
8946428867,1130567,TEAM VISION vs Team Spirit,2,3230,293,0,218231587,not_me,7119388,Team Spirit,support,123,Hoodwink,0,0,1,0,0,0,0,0,2,8,144,298,3,0,17,4,0,3,6,0.64705884,73.83264,0,0,0,0,2,0,15/08/2026
8946428867,1130567,TEAM VISION vs Team Spirit,2,3230,293,0,302214028,Collapse,7119388,Team Spirit,core,155,Largo,0,0,1,0,1,0,0,0,2,5,363,470,11,0,0,2,1,6,1,0.3529412,29.200415,0,1,1,0,0,0,15/08/2026
8946495628,1130564,Team Liquid vs Iron Wing,3,2843,4,1,16497807,tOfu,2163,Team Liquid,support,79,Shadow Demon,1,0,0,0,0,0,1,1,10,2,98,456,1,0,13,1,4,4,3,0.7027027,30.433105,0,0,1,0,0,1,15/08/2026
8946495628,1130564,Team Liquid vs Iron Wing,3,2843,4,1,97590558,Ace ♠,2163,Team Liquid,core,55,Dark Seer,0,0,0,1,0,0,0,0,9,1,401,633,26,2,0,1,2,3,0,0.7027027,19.065697,1,2,0,0,0,1,15/08/2026
8946495628,1130564,Team Liquid vs Iron Wing,3,2843,4,1,201358612,Nisha,2163,Team Liquid,mid,107,Earth Spirit,0,0,1,0,0,0,1,0,7,3,362,614,6,1,1,1,16,9,0,0.8108108,24.533415,0,0,1,0,1,1,15/08/2026
8946495628,1130564,Team Liquid vs Iron Wing,3,2843,4,1,77490514,Boxi,2163,Team Liquid,support,21,Windranger,0,0,1,0,0,0,0,1,4,6,71,338,1,0,7,5,6,14,4,0.6216216,35.232594,0,0,0,0,1,1,15/08/2026
8946495628,1130564,Team Liquid vs Iron Wing,3,2843,4,1,152962063,m1CKe,2163,Team Liquid,core,145,Kez,0,1,0,0,0,0,0,0,7,5,548,780,23,4,1,1,3,3,1,0.45945945,17.46648,0,1,1,0,0,1,15/08/2026
8946495628,1130564,Team Liquid vs Iron Wing,3,2843,4,1,86698277,33,10150413,Iron Wing,core,96,Centaur Warrunner,0,0,0,0,1,0,0,0,0,6,526,579,17,0,0,3,1,1,0,0.5882353,43.734257,0,0,0,0,0,0,15/08/2026
8946495628,1130564,Team Liquid vs Iron Wing,3,2843,4,1,346412363,Ari,10150413,Iron Wing,support,119,Dark Willow,0,0,1,1,0,0,0,0,7,8,20,269,0,0,7,2,0,5,2,0.7647059,227.86697,0,0,0,0,0,0,15/08/2026
8946495628,1130564,Team Liquid vs Iron Wing,3,2843,4,1,136829091,Whitemon,10150413,Iron Wing,support,9,Mirana,0,1,0,0,0,0,0,0,2,12,38,263,1,0,14,2,2,15,3,0.8235294,78.0007,0,0,0,0,2,0,15/08/2026
8946495628,1130564,Team Liquid vs Iron Wing,3,2843,4,1,93618577,bzm,10150413,Iron Wing,mid,106,Ember Spirit,1,0,0,0,0,1,1,0,5,8,422,527,9,0,1,3,8,5,0,0.8235294,87.565186,0,1,0,0,0,0,15/08/2026
8946495628,1130564,Team Liquid vs Iron Wing,3,2843,4,1,331855530,Pure,10150413,Iron Wing,core,80,Lone Druid,0,0,0,0,1,0,0,0,3,3,885,883,13,5,0,9,6,1,0,0.29411766,62.09994,0,1,0,0,1,0,15/08/2026
8946552436,1130619,Team Resilience vs Xtreme Gaming,1,2052,4,0,170896543,YSR-04E,5017210,Team Resilience,core,36,Necrophos,0,0,1,0,0,0,1,0,12,1,511,853,16,4,0,0,1,1,0,0.78571427,12.06626,0,0,0,0,0,1,15/08/2026
8946552436,1130619,Team Resilience vs Xtreme Gaming,1,2052,4,0,315272623,Echozz,5017210,Team Resilience,mid,74,Invoker,0,0,0,0,0,1,0,1,6,1,313,627,7,2,1,2,5,2,0,0.78571427,97.90256,0,0,1,0,0,1,15/08/2026
8946552436,1130619,Team Resilience vs Xtreme Gaming,1,2052,4,0,145957968,niu,5017210,Team Resilience,core,2,Axe,1,0,0,0,0,0,0,0,8,1,248,563,9,0,0,2,6,3,0,0.71428573,63.33291,0,0,0,0,0,1,15/08/2026
8946552436,1130619,Team Resilience vs Xtreme Gaming,1,2052,4,0,150961567,planet,5017210,Team Resilience,support,9,Mirana,0,1,0,0,0,0,0,0,1,2,121,410,3,0,7,6,1,13,2,0.71428573,28.800116,0,0,0,0,1,1,15/08/2026
8946552436,1130619,Team Resilience vs Xtreme Gaming,1,2052,4,0,249835593,zzq,5017210,Team Resilience,support,85,Undying,0,0,1,0,0,0,1,0,1,5,86,351,6,0,8,5,6,6,3,0.64285713,0,0,1,0,0,1,1,15/08/2026
8946552436,1130619,Team Resilience vs Xtreme Gaming,1,2052,4,0,898754153,Ame,8261500,Xtreme Gaming,core,12,Phantom Lancer,0,1,0,0,0,0,0,0,0,3,443,574,19,0,0,1,1,3,0,0.2,0,0,0,0,0,0,0,15/08/2026
8946552436,1130619,Team Resilience vs Xtreme Gaming,1,2052,4,0,173978074,NothingToSay,8261500,Xtreme Gaming,mid,120,Pangolier,1,0,0,0,0,0,0,0,0,2,311,493,4,1,1,0,5,0,0,0.7,23.65176,0,0,0,0,0,0,15/08/2026
8946552436,1130619,Team Resilience vs Xtreme Gaming,1,2052,4,0,129958758,Xxs,8261500,Xtreme Gaming,core,98,Timbersaw,0,0,0,1,0,0,0,0,5,6,341,553,18,0,0,3,0,5,0,0.7,0,0,0,0,0,0,0,15/08/2026
8946552436,1130619,Team Resilience vs Xtreme Gaming,1,2052,4,0,101695162,fy,8261500,Xtreme Gaming,support,86,Rubick,0,0,1,0,1,0,0,1,1,11,61,254,2,0,4,9,2,5,1,0.5,16.999851,0,0,0,0,1,0,15/08/2026
8946552436,1130619,Team Resilience vs Xtreme Gaming,1,2052,4,0,94296097,xNova,8261500,Xtreme Gaming,support,123,Hoodwink,0,0,1,0,0,0,0,0,3,6,29,250,0,0,10,2,4,10,3,1,33.03313,1,0,0,0,0,0,15/08/2026
8946563158,1130622,GamerLegion vs OG,1,2069,343,0,206642367,Ghost,9964962,GamerLegion,core,25,Lina,1,0,0,0,0,1,0,0,6,0,536,870,23,6,0,1,1,2,0,0.52,34.602886,0,2,0,0,0,1,15/08/2026
8946563158,1130622,GamerLegion vs OG,1,2069,343,0,154974246,RCY,9964962,GamerLegion,mid,107,Earth Spirit,0,0,1,0,0,0,1,0,9,1,275,598,3,0,2,0,10,2,0,0.72,11.100098,1,0,0,0,0,1,15/08/2026
8946563158,1130622,GamerLegion vs OG,1,2069,343,0,90423751,Bignum,9964962,GamerLegion,support,119,Dark Willow,0,0,1,1,0,0,0,0,4,3,26,322,0,1,6,0,2,1,3,0.6,63.8323,0,0,0,0,0,1,15/08/2026
8946563158,1130622,GamerLegion vs OG,1,2069,343,0,160119017,Fayde,9964962,GamerLegion,core,135,Dawnbreaker,0,0,0,0,1,1,0,0,5,1,398,704,14,0,0,3,6,2,0,0.56,19.366968,0,0,0,0,0,1,15/08/2026
8946563158,1130622,GamerLegion vs OG,1,2069,343,0,191362875,Speeed,9964962,GamerLegion,support,112,Winter Wyvern,0,1,0,0,0,1,0,0,1,5,67,313,1,1,9,1,1,5,1,0.44,15.916017,0,0,0,0,0,1,15/08/2026
8946563158,1130622,GamerLegion vs OG,1,2069,343,0,324277900,Yopaj-,2586976,OG,mid,137,Primal Beast,1,0,0,0,1,0,0,0,3,6,260,476,8,0,2,3,10,1,1,0.8,41.93431,0,0,0,0,0,0,15/08/2026
8946563158,1130622,GamerLegion vs OG,1,2069,343,0,155494381,TIMS,2586976,OG,support,21,Windranger,0,0,1,0,0,0,0,1,3,5,86,345,0,0,5,8,3,10,1,0.5,16.733057,0,0,0,0,0,0,15/08/2026
8946563158,1130622,GamerLegion vs OG,1,2069,343,0,132309493,Raven,2586976,OG,core,60,Night Stalker,0,1,0,0,0,0,0,0,4,4,192,380,7,0,1,0,2,2,0,0.6,1.0329347,0,0,0,0,2,0,15/08/2026
8946563158,1130622,GamerLegion vs OG,1,2069,343,0,100594231,skem,2586976,OG,support,9,Mirana,0,1,0,0,0,0,0,0,0,5,98,301,3,0,8,7,2,7,4,0.4,22.533222,0,0,0,0,2,0,15/08/2026
8946563158,1130622,GamerLegion vs OG,1,2069,343,0,355168766,Natsumi,2586976,OG,core,12,Phantom Lancer,0,1,0,0,0,0,0,0,0,5,409,560,24,1,0,3,0,0,1,0.3,0,0,1,0,0,0,0,15/08/2026
8946572751,1130625,Vici Gaming vs LGD Gaming,1,3226,0,0,320252024,shiro,726228,Vici Gaming,core,54,Lifestealer,0,0,0,0,0,0,1,0,7,3,685,682,20,1,0,3,2,0,0,0.8235294,0,0,0,0,0,0,0,15/08/2026
8946572751,1130625,Vici Gaming vs LGD Gaming,1,3226,0,0,137129583,Xm,726228,Vici Gaming,mid,106,Ember Spirit,1,0,0,0,0,1,1,0,2,6,511,572,8,1,1,1,7,4,0,0.5882353,63.732666,0,1,0,0,0,0,15/08/2026
8946572751,1130625,Vici Gaming vs LGD Gaming,1,3226,0,0,118134220,Bach,726228,Vici Gaming,core,55,Dark Seer,0,0,0,1,0,0,0,0,3,2,590,626,21,3,0,9,0,5,0,0.64705884,39.16464,0,0,0,0,0,0,15/08/2026
8946572751,1130625,Vici Gaming vs LGD Gaming,1,3226,0,0,157475523,XinQ,726228,Vici Gaming,support,9,Mirana,0,1,0,0,0,0,0,0,4,3,243,398,8,0,3,2,3,14,1,0.88235295,64.56719,0,1,0,0,0,0,15/08/2026
8946572751,1130625,Vici Gaming vs LGD Gaming,1,3226,0,0,111114687,y`,726228,Vici Gaming,support,3,Bane,0,0,0,1,0,0,0,0,1,12,18,260,0,0,20,0,4,10,7,0.5882353,70.83193,0,0,0,0,2,0,15/08/2026
8946572751,1130625,Vici Gaming vs LGD Gaming,1,3226,0,0,177203952,Yuma,10150538,LGD Gaming,core,36,Necrophos,0,0,1,0,0,0,1,0,15,2,768,877,26,0,0,4,8,0,0,0.84615386,14.799464,1,0,0,0,0,1,15/08/2026
8946572751,1130625,Vici Gaming vs LGD Gaming,1,3226,0,0,94054712,Topson,10150538,LGD Gaming,mid,95,Troll Warlord,1,0,0,0,0,0,0,0,5,1,561,707,10,5,1,1,20,2,0,0.8076923,95.56709,0,2,3,0,2,1,15/08/2026
8946572751,1130625,Vici Gaming vs LGD Gaming,1,3226,0,0,292921272,Wisper,10150538,LGD Gaming,core,96,Centaur Warrunner,0,0,0,0,1,0,0,0,2,2,603,698,16,0,0,2,0,9,0,0.7692308,77.43284,0,0,0,0,0,1,15/08/2026
8946572751,1130625,Vici Gaming vs LGD Gaming,1,3226,0,0,105045291,Thiolicor,10150538,LGD Gaming,support,90,Keeper of the Light,0,0,0,0,1,0,0,0,0,8,225,432,7,1,4,6,3,27,2,0.7307692,49.20048,0,1,0,0,1,1,15/08/2026
8946572751,1130625,Vici Gaming vs LGD Gaming,1,3226,0,0,81306398,KingJungles,10150538,LGD Gaming,support,111,Oracle,0,1,0,0,0,0,0,1,4,5,18,321,1,0,18,6,5,6,4,0.61538464,56.401176,0,0,0,1,0,1,15/08/2026
8946648249,1130641,Team Falcons vs BoomBoys,1,2350,111,0,10366616,Sneyking,9247354,Team Falcons,support,85,Undying,0,0,1,0,0,0,1,0,2,9,72,324,5,0,7,2,1,12,3,0.5555556,0,0,0,0,0,1,1,15/08/2026
8946648249,1130641,Team Falcons vs BoomBoys,1,2350,111,0,100058342,skiter,9247354,Team Falcons,core,109,Terrorblade,0,0,0,1,0,0,1,0,3,3,532,839,15,9,0,2,2,0,0,0.6111111,0,0,2,0,0,0,1,15/08/2026
8946648249,1130641,Team Falcons vs BoomBoys,1,2350,111,0,898455820,Malr1ne,9247354,Team Falcons,mid,120,Pangolier,1,0,0,0,0,0,0,0,8,1,293,594,11,0,1,1,9,0,0,1,39.95223,0,0,0,0,0,1,15/08/2026
8946648249,1130641,Team Falcons vs BoomBoys,1,2350,111,0,183719386,AMMAR_THE_F,9247354,Team Falcons,core,36,Necrophos,0,0,1,0,0,0,1,0,5,4,503,705,25,0,0,3,2,6,0,0.5,10.06626,0,0,0,0,0,1,15/08/2026
8946648249,1130641,Team Falcons vs BoomBoys,1,2350,111,0,25907144,Cr1t-,9247354,Team Falcons,support,26,Lion,0,0,0,1,0,0,1,1,0,10,43,299,1,0,11,1,4,3,4,0.5,83.63324,0,0,0,0,0,1,15/08/2026
8946648249,1130641,Team Falcons vs BoomBoys,1,2350,111,0,172099728,Kiritych~,8255888,BoomBoys,core,80,Lone Druid,0,0,0,0,1,0,0,0,5,2,565,723,19,1,0,3,6,2,0,0.42307693,33.267895,1,0,0,0,1,0,15/08/2026
8946648249,1130641,Team Falcons vs BoomBoys,1,2350,111,0,480412663,gpk~,8255888,BoomBoys,mid,114,Monkey King,0,0,1,0,0,0,0,1,9,5,318,530,9,0,1,2,5,1,0,0.65384614,29.865763,0,0,0,0,0,0,15/08/2026
8946648249,1130641,Team Falcons vs BoomBoys,1,2350,111,0,165564598,MieRo,8255888,BoomBoys,core,77,Lycan,1,0,0,0,0,0,0,0,2,1,420,640,19,2,0,2,1,1,0,0.5769231,1.8334229,0,0,2,0,0,0,15/08/2026
8946648249,1130641,Team Falcons vs BoomBoys,1,2350,111,0,317880638,Save-,8255888,BoomBoys,support,79,Shadow Demon,1,0,0,0,0,0,1,1,5,4,85,371,3,1,7,4,7,7,3,0.53846157,41.099865,0,0,0,0,0,0,15/08/2026
8946648249,1130641,Team Falcons vs BoomBoys,1,2350,111,0,196878136,Kataomi`,8255888,BoomBoys,support,123,Hoodwink,0,0,1,0,0,0,0,0,5,6,92,349,1,0,9,1,3,9,1,0.61538464,69.36661,0,0,0,0,1,0,15/08/2026
8946649932,1130622,OG vs GamerLegion,2,1904,115,0,324277900,Yopaj-,2586976,OG,mid,28,Slardar,0,0,0,1,0,1,0,0,1,5,216,395,12,0,2,0,6,0,0,0.33333334,31.132376,0,0,0,0,0,0,15/08/2026
8946649932,1130622,OG vs GamerLegion,2,1904,115,0,155494381,TIMS,2586976,OG,support,123,Hoodwink,0,0,1,0,0,0,0,0,2,8,45,226,4,0,5,0,2,7,3,1,51.866096,0,0,0,0,0,0,15/08/2026
8946649932,1130622,OG vs GamerLegion,2,1904,115,0,100594231,skem,2586976,OG,support,85,Undying,0,0,1,0,0,0,1,0,1,12,65,251,6,0,6,1,2,4,1,0.5555556,0,0,0,0,0,0,0,15/08/2026
8946649932,1130622,OG vs GamerLegion,2,1904,115,0,132309493,Raven,2586976,OG,core,47,Viper,0,0,1,0,0,0,0,0,2,5,221,428,7,2,0,0,2,2,0,0.6666667,0,1,0,0,0,0,0,15/08/2026
8946649932,1130622,OG vs GamerLegion,2,1904,115,0,355168766,Natsumi,2586976,OG,core,21,Windranger,0,0,1,0,0,0,0,1,3,6,308,490,11,0,1,5,0,1,0,0.5555556,37.100075,0,0,0,0,0,0,15/08/2026
8946649932,1130622,OG vs GamerLegion,2,1904,115,0,206642367,Ghost,9964962,GamerLegion,core,36,Necrophos,0,0,1,0,0,0,1,0,10,3,442,807,24,1,0,3,5,2,0,0.6944444,9.632959,0,0,0,0,0,1,15/08/2026
8946649932,1130622,OG vs GamerLegion,2,1904,115,0,191362875,Speeed,9964962,GamerLegion,support,9,Mirana,0,1,0,0,0,0,0,0,3,1,83,407,1,0,7,9,3,6,1,0.6944444,40.033195,0,0,0,0,0,1,15/08/2026
8946649932,1130622,OG vs GamerLegion,2,1904,115,0,154974246,RCY,9964962,GamerLegion,mid,106,Ember Spirit,1,0,0,0,0,1,1,0,10,2,235,598,3,2,2,5,8,1,0,0.7777778,62.898743,0,0,0,0,1,1,15/08/2026
8946649932,1130622,OG vs GamerLegion,2,1904,115,0,90423751,Bignum,9964962,GamerLegion,support,119,Dark Willow,0,0,1,1,0,0,0,0,8,2,31,363,1,0,6,6,2,4,4,0.6388889,125.93355,0,0,0,0,0,1,15/08/2026
8946649932,1130622,OG vs GamerLegion,2,1904,115,0,160119017,Fayde,9964962,GamerLegion,core,96,Centaur Warrunner,0,0,0,0,1,0,0,0,5,1,278,590,14,4,0,2,3,1,0,0.5833333,35.13399,0,0,0,0,1,1,15/08/2026
8946650558,1130619,Xtreme Gaming vs Team Resilience,2,2135,94,0,898754153,Ame,8261500,Xtreme Gaming,core,53,Nature's Prophet,0,0,1,0,0,0,0,1,3,3,521,664,19,1,0,6,2,2,0,0.5833333,0,0,0,0,0,0,0,15/08/2026
8946650558,1130619,Xtreme Gaming vs Team Resilience,2,2135,94,0,173978074,NothingToSay,8261500,Xtreme Gaming,mid,13,Puck,0,1,0,0,0,0,0,0,5,5,269,504,5,1,2,1,4,2,0,0.6666667,6.5,0,0,0,0,0,0,15/08/2026
8946650558,1130619,Xtreme Gaming vs Team Resilience,2,2135,94,0,129958758,Xxs,8261500,Xtreme Gaming,core,96,Centaur Warrunner,0,0,0,0,1,0,0,0,2,6,335,488,16,1,0,1,0,2,0,0.41666666,41.400738,0,0,0,0,0,0,15/08/2026
8946650558,1130619,Xtreme Gaming vs Team Resilience,2,2135,94,0,101695162,fy,8261500,Xtreme Gaming,support,71,Spirit Breaker,0,1,0,0,0,0,0,0,1,8,32,259,1,0,6,3,5,10,1,0.9166667,56.733845,0,0,0,0,0,0,15/08/2026
8946650558,1130619,Xtreme Gaming vs Team Resilience,2,2135,94,0,94296097,xNova,8261500,Xtreme Gaming,support,112,Winter Wyvern,0,1,0,0,0,1,0,0,0,13,14,210,0,0,8,2,3,7,5,0.6666667,16.683205,0,0,0,0,0,0,15/08/2026
8946650558,1130619,Xtreme Gaming vs Team Resilience,2,2135,94,0,170896543,YSR-04E,5017210,Team Resilience,core,145,Kez,0,1,0,0,0,0,0,0,8,1,479,813,8,3,0,2,2,2,0,0.54285717,4.1,0,1,1,0,1,1,15/08/2026
8946650558,1130619,Xtreme Gaming vs Team Resilience,2,2135,94,0,315272623,Echozz,5017210,Team Resilience,mid,7,Earthshaker,0,0,0,0,1,0,0,0,10,3,274,610,10,2,2,0,11,4,0,0.6857143,93.466385,0,0,0,0,0,1,15/08/2026
8946650558,1130619,Xtreme Gaming vs Team Resilience,2,2135,94,0,145957968,niu,5017210,Team Resilience,core,69,Doom,1,0,0,0,0,1,1,0,10,1,292,739,20,0,0,5,2,1,0,0.7714286,15.234277,0,0,0,0,0,1,15/08/2026
8946650558,1130619,Xtreme Gaming vs Team Resilience,2,2135,94,0,150961567,planet,5017210,Team Resilience,support,90,Keeper of the Light,0,0,0,0,1,0,0,0,3,3,98,396,2,0,5,6,3,8,1,0.54285717,0,1,0,0,0,0,1,15/08/2026
8946650558,1130619,Xtreme Gaming vs Team Resilience,2,2135,94,0,249835593,zzq,5017210,Team Resilience,support,9,Mirana,0,1,0,0,0,0,0,0,4,5,75,396,2,1,9,2,3,5,5,0.6571429,22.46679,0,0,0,0,0,1,15/08/2026
8946690366,1130625,LGD Gaming vs Vici Gaming,2,3153,257,0,177203952,Yuma,10150538,LGD Gaming,core,54,Lifestealer,0,0,0,0,0,0,1,0,8,4,598,737,19,4,0,4,7,3,0,0.5588235,0,0,1,1,0,0,1,15/08/2026
8946690366,1130625,LGD Gaming vs Vici Gaming,2,3153,257,0,94054712,Topson,10150538,LGD Gaming,mid,74,Invoker,0,0,0,0,0,1,0,1,9,5,592,786,7,4,1,8,9,2,0,0.8235294,98.40241,1,0,0,0,0,1,15/08/2026
8946690366,1130625,LGD Gaming vs Vici Gaming,2,3153,257,0,292921272,Wisper,10150538,LGD Gaming,core,135,Dawnbreaker,0,0,0,0,1,1,0,0,7,3,732,776,25,0,0,3,4,8,0,0.64705884,16.835194,0,0,0,0,0,1,15/08/2026
8946690366,1130625,LGD Gaming vs Vici Gaming,2,3153,257,0,105045291,Thiolicor,10150538,LGD Gaming,support,100,Tusk,0,0,0,0,0,1,0,0,1,9,131,352,1,0,6,2,7,24,2,0.5588235,40.401127,0,0,0,0,5,1,15/08/2026
8946690366,1130625,LGD Gaming vs Vici Gaming,2,3153,257,0,81306398,KingJungles,10150538,LGD Gaming,support,9,Mirana,0,1,0,0,0,0,0,0,7,5,115,406,4,0,16,3,4,6,5,0.8235294,41.33339,0,0,0,0,1,1,15/08/2026
8946690366,1130625,LGD Gaming vs Vici Gaming,2,3153,257,0,320252024,shiro,726228,Vici Gaming,core,91,Io,0,1,0,0,0,0,0,0,10,8,725,797,36,1,0,2,2,1,0,0.61538464,14.099365,0,2,0,0,0,0,15/08/2026
8946690366,1130625,LGD Gaming vs Vici Gaming,2,3153,257,0,137129583,Xm,726228,Vici Gaming,mid,16,Sand King,0,0,0,0,1,0,0,0,3,3,458,622,12,0,2,2,14,13,0,0.88461536,54.466812,0,0,0,0,1,0,15/08/2026
8946690366,1130625,LGD Gaming vs Vici Gaming,2,3153,257,0,118134220,Bach,726228,Vici Gaming,core,33,Enigma,0,0,0,1,0,0,0,0,5,7,362,496,6,2,0,6,4,2,0,0.7692308,22.532597,0,0,1,0,0,0,15/08/2026
8946690366,1130625,LGD Gaming vs Vici Gaming,2,3153,257,0,157475523,XinQ,726228,Vici Gaming,support,123,Hoodwink,0,0,1,0,0,0,0,0,5,8,99,324,4,1,8,2,1,9,6,0.84615386,34.433006,0,0,0,0,0,0,15/08/2026
8946690366,1130625,LGD Gaming vs Vici Gaming,2,3153,257,0,111114687,y`,726228,Vici Gaming,support,155,Largo,0,0,1,0,1,0,0,0,3,8,35,304,0,0,13,3,0,12,2,0.5769231,12.629724,0,0,0,0,0,0,15/08/2026
8946735226,1130665,Team Yandex vs Iron Wing,1,2388,55,0,171262902,医者watson`,9823272,Team Yandex,core,6,Drow Ranger,0,0,0,1,0,1,0,1,7,3,516,652,20,2,1,3,1,3,0,0.8125,0,0,0,0,0,0,0,15/08/2026
8946735226,1130665,Team Yandex vs Iron Wing,1,2388,55,0,312436974,CHIRA_JUNIOR,9823272,Team Yandex,mid,96,Centaur Warrunner,0,0,0,0,1,0,0,0,3,6,350,522,15,0,2,1,4,0,0,0.4375,37.93343,0,0,0,0,0,0,15/08/2026
8946735226,1130665,Team Yandex vs Iron Wing,1,2388,55,0,56351509,DM,9823272,Team Yandex,core,36,Necrophos,0,0,1,0,0,0,1,0,2,5,339,472,17,0,0,1,0,4,0,0.1875,1.7665038,0,0,0,0,1,0,15/08/2026
8946735226,1130665,Team Yandex vs Iron Wing,1,2388,55,0,93817671,Maladych,9823272,Team Yandex,support,51,Clockwerk,1,0,0,0,0,0,0,1,0,12,23,194,0,0,4,1,4,8,3,0.8125,74.79902,0,0,0,0,1,0,15/08/2026
8946735226,1130665,Team Yandex vs Iron Wing,1,2388,55,0,103735745,Saksa,9823272,Team Yandex,support,123,Hoodwink,0,0,1,0,0,0,0,0,3,11,52,235,1,0,11,2,4,11,1,0.5,35.266354,0,0,0,0,0,0,15/08/2026
8946735226,1130665,Team Yandex vs Iron Wing,1,2388,55,0,86698277,33,10150413,Iron Wing,core,107,Earth Spirit,0,0,1,0,0,0,1,0,8,5,334,606,26,0,0,1,6,0,0,0.7567568,12.199811,0,0,1,0,1,1,15/08/2026
8946735226,1130665,Team Yandex vs Iron Wing,1,2388,55,0,346412363,Ari,10150413,Iron Wing,support,26,Lion,0,0,0,1,0,0,1,1,8,3,33,329,0,1,6,4,9,9,3,0.5675676,95.53389,1,0,0,0,0,1,15/08/2026
8946735226,1130665,Team Yandex vs Iron Wing,1,2388,55,0,136829091,Whitemon,10150413,Iron Wing,support,112,Winter Wyvern,0,1,0,0,0,1,0,0,1,3,58,353,2,0,11,8,2,12,3,0.6486486,11.432228,0,0,0,0,0,1,15/08/2026
8946735226,1130665,Team Yandex vs Iron Wing,1,2388,55,0,93618577,bzm,10150413,Iron Wing,core,25,Lina,1,0,0,0,0,1,0,0,9,1,488,756,21,6,1,4,6,4,0,0.5945946,27.000975,0,1,1,0,0,1,15/08/2026
8946735226,1130665,Team Yandex vs Iron Wing,1,2388,55,0,331855530,Pure,10150413,Iron Wing,mid,145,Kez,0,1,0,0,0,0,0,0,11,4,407,694,9,2,1,3,5,0,0,0.6486486,13.832838,0,0,0,0,0,1,15/08/2026
8946740853,1130669,Aurora Gaming vs Team Liquid,1,1656,42,0,124801257,Nightfall,9467224,Aurora Gaming,core,54,Lifestealer,0,0,0,0,0,0,1,0,6,0,303,729,12,6,0,3,1,1,0,0.4375,0,0,0,0,0,0,1,15/08/2026
8946740853,1130669,Aurora Gaming vs Team Liquid,1,1656,42,0,301750126,Mikoto,9467224,Aurora Gaming,mid,106,Ember Spirit,1,0,0,0,0,1,1,0,9,2,216,621,7,0,2,2,16,1,0,0.6875,50.19922,0,0,0,0,0,1,15/08/2026
8946740853,1130669,Aurora Gaming vs Team Liquid,1,1656,42,0,126842529,Ws`,9467224,Aurora Gaming,core,36,Necrophos,0,0,1,0,0,0,1,0,10,0,375,823,17,1,0,4,4,2,0,0.65625,7.499756,0,1,0,0,0,1,15/08/2026
8946740853,1130669,Aurora Gaming vs Team Liquid,1,1656,42,0,256156323,Mira,9467224,Aurora Gaming,support,9,Mirana,0,1,0,0,0,0,0,0,5,3,44,331,3,1,7,4,1,7,3,0.71875,11.833433,0,0,0,0,0,1,15/08/2026
8946740853,1130669,Aurora Gaming vs Team Liquid,1,1656,42,0,320219866,kaori,9467224,Aurora Gaming,support,86,Rubick,0,0,1,0,1,0,0,1,2,2,52,331,2,0,5,4,1,5,2,0.59375,11.732649,0,0,0,0,0,1,15/08/2026
8946740853,1130669,Aurora Gaming vs Team Liquid,1,1656,42,0,16497807,tOfu,2163,Team Liquid,support,123,Hoodwink,0,0,1,0,0,0,0,0,2,9,43,206,1,0,4,7,2,4,2,0.5714286,31.332644,1,0,0,0,0,0,15/08/2026
8946740853,1130669,Aurora Gaming vs Team Liquid,1,1656,42,0,97590558,Ace ♠,2163,Team Liquid,core,108,Underlord,0,0,1,0,0,0,1,0,1,8,203,376,6,0,0,6,0,2,0,0.2857143,39.599434,0,0,0,0,0,0,15/08/2026
8946740853,1130669,Aurora Gaming vs Team Liquid,1,1656,42,0,201358612,Nisha,2163,Team Liquid,mid,59,Huskar,0,1,0,0,0,1,1,0,4,5,262,439,8,0,2,3,1,2,0,0.5714286,0,0,0,0,0,0,0,15/08/2026
8946740853,1130669,Aurora Gaming vs Team Liquid,1,1656,42,0,77490514,Boxi,2163,Team Liquid,support,90,Keeper of the Light,0,0,0,0,1,0,0,0,0,4,86,270,1,0,7,5,2,4,3,0.42857143,0,0,0,0,0,1,0,15/08/2026
8946740853,1130669,Aurora Gaming vs Team Liquid,1,1656,42,0,152962063,m1CKe,2163,Team Liquid,core,19,Tiny,0,0,0,0,1,0,0,0,0,6,302,461,11,1,0,3,1,1,0,0.2857143,9.499489,0,0,0,0,0,0,15/08/2026
8946758310,1130641,Team Falcons vs BoomBoys,2,2323,138,0,10366616,Sneyking,9247354,Team Falcons,support,85,Undying,0,0,1,0,0,0,1,0,3,18,95,313,3,0,8,3,4,6,4,1,0,1,0,0,0,0,0,15/08/2026
8946758310,1130641,Team Falcons vs BoomBoys,2,2323,138,0,100058342,skiter,9247354,Team Falcons,core,18,Sven,1,1,0,0,0,0,0,1,1,6,420,529,22,0,0,3,5,3,0,0.75,26.233032,0,0,0,0,1,0,15/08/2026
8946758310,1130641,Team Falcons vs BoomBoys,2,2323,138,0,898455820,Malr1ne,9247354,Team Falcons,mid,96,Centaur Warrunner,0,0,0,0,1,0,0,0,0,4,350,527,12,2,2,1,2,3,0,0.5,39.566547,0,0,0,0,0,0,15/08/2026
8946758310,1130641,Team Falcons vs BoomBoys,2,2323,138,0,183719386,AMMAR_THE_F,9247354,Team Falcons,core,98,Timbersaw,0,0,0,1,0,0,0,0,2,7,457,617,15,0,0,3,0,3,0,0.625,0,0,0,0,0,0,0,15/08/2026
8946758310,1130641,Team Falcons vs BoomBoys,2,2323,138,0,25907144,Cr1t-,9247354,Team Falcons,support,119,Dark Willow,0,0,1,1,0,0,0,0,2,5,70,301,1,0,9,6,3,5,3,0.625,100.70046,0,0,0,0,2,0,15/08/2026
8946758310,1130641,Team Falcons vs BoomBoys,2,2323,138,0,172099728,Kiritych~,8255888,BoomBoys,core,145,Kez,0,1,0,0,0,0,0,0,11,1,387,737,13,3,0,1,2,2,0,0.575,8.399464,0,1,1,0,0,1,15/08/2026
8946758310,1130641,Team Falcons vs BoomBoys,2,2323,138,0,480412663,gpk~,8255888,BoomBoys,mid,128,Snapfire,1,0,0,0,0,0,0,0,8,1,334,639,15,1,2,5,17,1,0,0.7,49.66732,0,0,0,0,0,1,15/08/2026
8946758310,1130641,Team Falcons vs BoomBoys,2,2323,138,0,165564598,MieRo,8255888,BoomBoys,core,65,Batrider,1,0,0,0,1,1,0,1,10,2,286,553,12,3,0,7,1,1,0,0.675,55.39966,0,0,0,0,0,1,15/08/2026
8946758310,1130641,Team Falcons vs BoomBoys,2,2323,138,0,317880638,Save-,8255888,BoomBoys,support,86,Rubick,0,0,1,0,1,0,0,1,9,3,79,410,3,0,4,1,2,5,2,0.7,77.066635,0,0,0,0,0,1,15/08/2026
8946758310,1130641,Team Falcons vs BoomBoys,2,2323,138,0,196878136,Kataomi`,8255888,BoomBoys,support,112,Winter Wyvern,0,1,0,0,0,1,0,0,2,1,53,352,2,0,13,4,2,12,5,0.65,12.1332035,0,0,0,0,0,1,15/08/2026
8946858055,1130710,Nigma Galaxy  vs Team Spirit,1,3556,140,0,111620041,SumaiL-,10136357,Nigma Galaxy ,core,56,Clinkz,0,0,0,0,1,1,1,0,13,9,666,778,22,7,0,1,8,7,0,0.64444447,16.800976,0,1,1,0,0,1,15/08/2026
8946858055,1130710,Nigma Galaxy  vs Team Spirit,1,3556,140,0,152168157,OmaR,10136357,Nigma Galaxy ,support,123,Hoodwink,0,0,1,0,0,0,0,0,3,11,101,374,0,0,18,2,3,14,7,0.8,39.733635,0,0,0,0,1,1,15/08/2026
8946858055,1130710,Nigma Galaxy  vs Team Spirit,1,3556,140,0,210053851,lorenof,10136357,Nigma Galaxy ,mid,106,Ember Spirit,1,0,0,0,0,1,1,0,12,7,698,819,9,2,2,2,13,0,0,0.82222223,103.19778,0,0,0,0,0,1,15/08/2026
8946858055,1130710,Nigma Galaxy  vs Team Spirit,1,3556,140,0,101356886,GH,10136357,Nigma Galaxy ,support,112,Winter Wyvern,0,1,0,0,0,1,0,0,2,9,98,368,3,0,7,3,6,7,3,0.5555556,31.606228,0,0,0,0,0,1,15/08/2026
8946858055,1130710,Nigma Galaxy  vs Team Spirit,1,3556,140,0,138880576,Davai,10136357,Nigma Galaxy ,core,98,Timbersaw,0,0,0,1,0,0,0,0,15,7,705,826,22,1,0,1,0,1,0,0.6888889,0,0,2,0,0,1,1,15/08/2026
8946858055,1130710,Nigma Galaxy  vs Team Spirit,1,3556,140,0,847565596,rue,7119388,Team Spirit,support,51,Clockwerk,1,0,0,0,0,0,0,1,4,15,22,320,0,0,9,2,4,11,3,0.55813956,110.998566,0,0,0,0,0,0,15/08/2026
8946858055,1130710,Nigma Galaxy  vs Team Spirit,1,3556,140,0,321580662,Yatoro,7119388,Team Spirit,core,53,Nature's Prophet,0,0,1,0,0,0,0,1,13,8,1208,1062,30,3,0,2,4,0,1,0.81395346,43.66577,0,1,0,0,2,0,15/08/2026
8946858055,1130710,Nigma Galaxy  vs Team Spirit,1,3556,140,0,106305042,Larl,7119388,Team Spirit,mid,25,Lina,1,0,0,0,0,1,0,0,15,8,709,758,14,0,1,0,11,4,0,0.7209302,64.06625,0,0,2,0,0,0,15/08/2026
8946858055,1130710,Nigma Galaxy  vs Team Spirit,1,3556,140,0,218231587,not_me,7119388,Team Spirit,support,21,Windranger,0,0,1,0,0,0,0,1,5,8,144,320,1,1,15,7,4,2,6,0.6511628,40.30056,1,1,0,0,0,0,15/08/2026
8946858055,1130710,Nigma Galaxy  vs Team Spirit,1,3556,140,0,302214028,Collapse,7119388,Team Spirit,core,69,Doom,1,0,0,0,0,1,1,0,5,6,291,566,11,2,1,5,5,4,0,0.74418604,23.001661,0,0,0,0,0,0,15/08/2026
8946860406,1130669,Team Liquid vs Aurora Gaming,2,2130,4,0,16497807,tOfu,2163,Team Liquid,support,83,Treant Protector,0,0,1,0,1,0,0,0,4,6,44,321,0,0,8,0,3,6,1,0.44827586,27.46667,0,0,0,0,1,1,15/08/2026
8946860406,1130669,Team Liquid vs Aurora Gaming,2,2130,4,0,97590558,Ace ♠,2163,Team Liquid,core,96,Centaur Warrunner,0,0,0,0,1,0,0,0,3,4,284,526,10,0,0,3,3,4,0,0.6551724,34.800156,0,0,1,0,0,1,15/08/2026
8946860406,1130669,Team Liquid vs Aurora Gaming,2,2130,4,0,201358612,Nisha,2163,Team Liquid,mid,74,Invoker,0,0,0,0,0,1,0,1,15,2,363,770,2,3,1,2,4,0,0,0.79310346,73.03451,0,0,0,0,1,1,15/08/2026
8946860406,1130669,Team Liquid vs Aurora Gaming,2,2130,4,0,77490514,Boxi,2163,Team Liquid,support,123,Hoodwink,0,0,1,0,0,0,0,0,5,3,46,321,1,0,8,3,0,13,4,0.79310346,36.466473,0,0,0,0,0,1,15/08/2026
8946860406,1130669,Team Liquid vs Aurora Gaming,2,2130,4,0,152962063,m1CKe,2163,Team Liquid,core,48,Luna,0,1,0,0,0,0,0,0,2,2,544,769,30,2,0,6,6,3,1,0.41379312,10.433373,0,1,1,0,0,1,15/08/2026
8946860406,1130669,Team Liquid vs Aurora Gaming,2,2130,4,0,124801257,Nightfall,9467224,Aurora Gaming,core,19,Tiny,0,0,0,0,1,0,0,0,3,5,369,562,13,1,0,1,4,0,0,0.4117647,12.432447,0,0,0,0,0,0,15/08/2026
8946860406,1130669,Team Liquid vs Aurora Gaming,2,2130,4,0,301750126,Mikoto,9467224,Aurora Gaming,mid,25,Lina,1,0,0,0,0,1,0,0,6,5,395,613,13,1,2,1,10,1,0,0.7647059,15.666992,1,0,0,0,0,0,15/08/2026
8946860406,1130669,Team Liquid vs Aurora Gaming,2,2130,4,0,126842529,Ws`,9467224,Aurora Gaming,core,135,Dawnbreaker,0,0,0,0,1,1,0,0,2,3,331,519,13,0,0,4,0,5,0,0.4117647,17.733229,0,0,0,0,0,0,15/08/2026
8946860406,1130669,Team Liquid vs Aurora Gaming,2,2130,4,0,256156323,Mira,9467224,Aurora Gaming,support,26,Lion,0,0,0,1,0,0,1,1,3,9,32,260,1,0,6,6,3,3,3,0.8235294,63.433506,0,0,0,0,0,0,15/08/2026
8946860406,1130669,Team Liquid vs Aurora Gaming,2,2130,4,0,320219866,kaori,9467224,Aurora Gaming,support,64,Jakiro,1,1,0,0,0,1,0,0,3,7,53,280,2,1,9,4,4,6,3,0.5294118,14.699829,0,0,0,0,1,0,15/08/2026
8946872708,1130665,Team Yandex vs Iron Wing,2,2131,44,0,171262902,医者watson`,9823272,Team Yandex,core,109,Terrorblade,0,0,0,1,0,0,1,0,4,1,556,835,18,4,0,2,5,3,0,0.3809524,0,0,1,0,0,1,1,15/08/2026
8946872708,1130665,Team Yandex vs Iron Wing,2,2131,44,0,312436974,CHIRA_JUNIOR,9823272,Team Yandex,mid,74,Invoker,0,0,0,0,0,1,0,1,4,2,304,566,5,0,2,8,3,1,0,0.61904764,39.46926,0,0,0,0,0,1,15/08/2026
8946872708,1130665,Team Yandex vs Iron Wing,2,2131,44,0,56351509,DM,9823272,Team Yandex,core,69,Doom,1,0,0,0,0,1,1,0,5,0,257,627,8,0,0,2,7,3,0,0.61904764,15.228068,0,0,1,0,0,1,15/08/2026
8946872708,1130665,Team Yandex vs Iron Wing,2,2131,44,0,93817671,Maladych,9823272,Team Yandex,support,64,Jakiro,1,1,0,0,0,1,0,0,3,6,58,347,2,2,10,2,2,7,4,0.52380955,7.700077,0,0,0,0,1,1,15/08/2026
8946872708,1130665,Team Yandex vs Iron Wing,2,2131,44,0,103735745,Saksa,9823272,Team Yandex,support,53,Nature's Prophet,0,0,1,0,0,0,0,1,5,2,183,477,7,2,5,1,7,7,2,0.7619048,0,0,0,0,0,0,1,15/08/2026
8946872708,1130665,Team Yandex vs Iron Wing,2,2131,44,0,86698277,33,10150413,Iron Wing,core,78,Brewmaster,1,0,0,0,0,1,0,0,4,4,229,475,7,2,0,1,1,2,0,0.54545456,16.199879,1,0,0,0,0,0,15/08/2026
8946872708,1130665,Team Yandex vs Iron Wing,2,2131,44,0,346412363,Ari,10150413,Iron Wing,support,123,Hoodwink,0,0,1,0,0,0,0,0,2,6,57,222,1,0,4,2,0,3,2,0.90909094,43.19933,0,0,0,0,0,0,15/08/2026
8946872708,1130665,Team Yandex vs Iron Wing,2,2131,44,0,136829091,Whitemon,10150413,Iron Wing,support,131,Ringmaster,1,0,0,0,1,0,0,0,1,3,79,296,1,0,11,10,1,11,4,0.36363637,31.03281,0,0,0,0,0,0,15/08/2026
8946872708,1130665,Team Yandex vs Iron Wing,2,2131,44,0,93618577,bzm,10150413,Iron Wing,mid,107,Earth Spirit,0,0,1,0,0,0,1,0,3,5,310,532,0,0,2,3,6,1,0,0.54545456,10.133739,0,0,1,0,0,0,15/08/2026
8946872708,1130665,Team Yandex vs Iron Wing,2,2131,44,0,331855530,Pure,10150413,Iron Wing,core,46,Templar Assassin,0,0,0,1,0,0,0,0,1,3,599,729,33,1,0,5,3,2,0,0.54545456,0,0,0,0,0,0,0,15/08/2026
8946889239,1130641,Team Falcons vs BoomBoys,3,2697,0,1,10366616,Sneyking,9247354,Team Falcons,support,85,Undying,0,0,1,0,0,0,1,0,1,4,97,339,1,0,8,2,5,18,3,0.68,0,0,0,0,0,0,1,15/08/2026
8946889239,1130641,Team Falcons vs BoomBoys,3,2697,0,1,100058342,skiter,9247354,Team Falcons,core,11,Shadow Fiend,1,0,0,0,0,0,1,0,11,0,561,798,22,6,0,2,6,2,0,0.72,1.8001221,0,1,2,0,0,1,15/08/2026
8946889239,1130641,Team Falcons vs BoomBoys,3,2697,0,1,898455820,Malr1ne,9247354,Team Falcons,mid,96,Centaur Warrunner,0,0,0,0,1,0,0,0,3,4,372,604,17,1,2,6,4,0,0,0.8,30.200518,1,1,0,0,0,1,15/08/2026
8946889239,1130641,Team Falcons vs BoomBoys,3,2697,0,1,183719386,AMMAR_THE_F,9247354,Team Falcons,core,69,Doom,1,0,0,0,0,1,1,0,7,2,412,711,17,0,0,3,2,2,0,0.76,14.728304,0,0,0,0,0,1,15/08/2026
8946889239,1130641,Team Falcons vs BoomBoys,3,2697,0,1,25907144,Cr1t-,9247354,Team Falcons,support,26,Lion,0,0,0,1,0,0,1,1,3,6,45,304,0,0,11,1,9,3,5,0.6,70.47476,0,0,0,0,0,1,15/08/2026
8946889239,1130641,Team Falcons vs BoomBoys,3,2697,0,1,172099728,Kiritych~,8255888,BoomBoys,core,18,Sven,1,1,0,0,0,0,0,1,6,4,562,646,19,0,0,2,5,1,0,0.75,30.033813,0,1,0,0,0,0,15/08/2026
8946889239,1130641,Team Falcons vs BoomBoys,3,2697,0,1,480412663,gpk~,8255888,BoomBoys,mid,25,Lina,1,0,0,0,0,1,0,0,5,1,525,588,23,1,2,3,11,0,0,0.6875,52.066753,0,0,0,0,0,0,15/08/2026
8946889239,1130641,Team Falcons vs BoomBoys,3,2697,0,1,165564598,MieRo,8255888,BoomBoys,core,77,Lycan,1,0,0,0,0,0,0,0,2,5,386,525,13,1,0,0,2,0,0,0.6875,3.0332031,0,0,0,0,0,0,15/08/2026
8946889239,1130641,Team Falcons vs BoomBoys,3,2697,0,1,317880638,Save-,8255888,BoomBoys,support,86,Rubick,0,0,1,0,1,0,0,1,2,6,78,283,2,0,8,1,1,8,4,0.6875,16.73322,0,0,0,0,1,0,15/08/2026
8946889239,1130641,Team Falcons vs BoomBoys,3,2697,0,1,196878136,Kataomi`,8255888,BoomBoys,support,112,Winter Wyvern,0,1,0,0,0,1,0,0,1,9,65,258,1,0,11,2,1,8,4,0.375,14.506338,0,0,0,0,2,0,15/08/2026
8946996385,1130669,Aurora Gaming vs Team Liquid,3,2512,4,1,124801257,Nightfall,9467224,Aurora Gaming,core,19,Tiny,0,0,0,0,1,0,0,0,3,3,466,604,16,1,0,0,0,1,0,0.9444444,17.098486,0,0,0,0,0,0,15/08/2026
8946996385,1130669,Aurora Gaming vs Team Liquid,3,2512,4,1,301750126,Mikoto,9467224,Aurora Gaming,mid,25,Lina,1,0,0,0,0,1,0,0,4,7,412,533,30,0,2,3,4,4,0,0.44444445,20.467577,0,0,0,0,1,0,15/08/2026
8946996385,1130669,Aurora Gaming vs Team Liquid,3,2512,4,1,126842529,Ws`,9467224,Aurora Gaming,core,2,Axe,1,0,0,0,0,0,0,0,6,5,348,538,7,0,0,1,6,0,0,0.7222222,35.56672,0,0,0,0,0,0,15/08/2026
8946996385,1130669,Aurora Gaming vs Team Liquid,3,2512,4,1,256156323,Mira,9467224,Aurora Gaming,support,119,Dark Willow,0,0,1,1,0,0,0,0,1,9,53,249,1,0,8,9,6,8,3,0.44444445,154.06662,0,0,0,0,0,0,15/08/2026
8946996385,1130669,Aurora Gaming vs Team Liquid,3,2512,4,1,320219866,kaori,9467224,Aurora Gaming,support,64,Jakiro,1,1,0,0,0,1,0,0,4,8,75,319,4,1,9,4,4,13,3,0.7777778,28.766874,0,0,0,0,1,0,15/08/2026
8946996385,1130669,Aurora Gaming vs Team Liquid,3,2512,4,1,16497807,tOfu,2163,Team Liquid,support,83,Treant Protector,0,0,1,0,1,0,0,0,0,6,88,335,0,0,7,0,2,7,1,0.5625,38.066967,0,0,0,0,0,1,15/08/2026
8946996385,1130669,Aurora Gaming vs Team Liquid,3,2512,4,1,97590558,Ace ♠,2163,Team Liquid,core,135,Dawnbreaker,0,0,0,0,1,1,0,0,13,3,494,712,21,2,1,4,2,7,0,0.6875,24.067045,1,0,0,0,0,1,15/08/2026
8946996385,1130669,Aurora Gaming vs Team Liquid,3,2512,4,1,201358612,Nisha,2163,Team Liquid,mid,120,Pangolier,1,0,0,0,0,0,0,0,9,2,371,641,14,0,0,0,16,2,0,0.71875,26.635338,0,0,0,0,0,1,15/08/2026
8946996385,1130669,Aurora Gaming vs Team Liquid,3,2512,4,1,77490514,Boxi,2163,Team Liquid,support,123,Hoodwink,0,0,1,0,0,0,0,0,2,6,52,284,1,0,12,1,1,8,5,0.625,30.166481,0,0,0,0,0,1,15/08/2026
8946996385,1130669,Aurora Gaming vs Team Liquid,3,2512,4,1,152962063,m1CKe,2163,Team Liquid,core,21,Windranger,0,0,1,0,0,0,0,1,8,2,465,700,20,5,0,1,2,4,1,0.59375,16.46684,0,2,2,0,0,1,15/08/2026
8947008125,1130665,Team Yandex vs Iron Wing,3,3254,0,1,171262902,医者watson`,9823272,Team Yandex,core,19,Tiny,0,0,0,0,1,0,0,0,7,3,601,673,22,2,0,0,7,2,0,0.6551724,44.500965,0,0,0,0,1,0,15/08/2026
8947008125,1130665,Team Yandex vs Iron Wing,3,3254,0,1,312436974,CHIRA_JUNIOR,9823272,Team Yandex,mid,128,Snapfire,1,0,0,0,0,0,0,0,11,6,464,579,12,0,2,1,6,4,0,0.6551724,52.100365,0,0,0,0,0,0,15/08/2026
8947008125,1130665,Team Yandex vs Iron Wing,3,3254,0,1,56351509,DM,9823272,Team Yandex,core,69,Doom,1,0,0,0,0,1,1,0,6,8,418,598,24,1,0,3,1,4,0,0.7241379,23.7995,0,1,0,0,1,0,15/08/2026
8947008125,1130665,Team Yandex vs Iron Wing,3,3254,0,1,93817671,Maladych,9823272,Team Yandex,support,112,Winter Wyvern,0,1,0,0,0,1,0,0,2,11,67,257,0,0,7,3,1,8,2,0.44827586,23.316406,0,0,0,0,0,0,15/08/2026
8947008125,1130665,Team Yandex vs Iron Wing,3,3254,0,1,103735745,Saksa,9823272,Team Yandex,support,86,Rubick,0,0,1,0,1,0,0,1,3,11,71,299,3,0,15,2,2,13,7,0.82758623,55.7663,0,0,0,0,1,0,15/08/2026
8947008125,1130665,Team Yandex vs Iron Wing,3,3254,0,1,86698277,33,10150413,Iron Wing,core,107,Earth Spirit,0,0,1,0,0,0,1,0,8,5,396,569,8,1,1,1,3,4,0,0.7368421,19.733303,0,0,0,0,0,1,15/08/2026
8947008125,1130665,Team Yandex vs Iron Wing,3,3254,0,1,346412363,Ari,10150413,Iron Wing,support,90,Keeper of the Light,0,0,0,0,1,0,0,0,2,2,279,487,3,0,4,10,3,4,3,0.65789473,7.5,0,0,1,0,1,1,15/08/2026
8947008125,1130665,Team Yandex vs Iron Wing,3,3254,0,1,136829091,Whitemon,10150413,Iron Wing,support,3,Bane,0,0,0,1,0,0,0,0,3,10,48,340,0,1,18,7,3,19,6,0.5263158,122.743286,1,0,0,0,3,1,15/08/2026
8947008125,1130665,Team Yandex vs Iron Wing,3,3254,0,1,93618577,bzm,10150413,Iron Wing,mid,17,Storm Spirit,0,1,0,0,0,0,1,0,10,3,547,684,18,4,2,0,20,3,0,0.7894737,43.599644,0,1,0,0,0,1,15/08/2026
8947008125,1130665,Team Yandex vs Iron Wing,3,3254,0,1,331855530,Pure,10150413,Iron Wing,core,91,Io,0,1,0,0,0,0,0,0,15,9,641,764,24,1,0,10,7,3,0,0.81578946,27.20046,0,1,0,0,0,1,15/08/2026
8947050343,1130710,Team Spirit vs Nigma Galaxy ,2,3661,252,0,847565596,rue,7119388,Team Spirit,support,123,Hoodwink,0,0,1,0,0,0,0,0,3,10,153,375,1,0,5,9,4,18,4,0.5652174,60.565163,0,0,0,0,0,0,15/08/2026
8947050343,1130710,Team Spirit vs Nigma Galaxy ,2,3661,252,0,321580662,Yatoro,7119388,Team Spirit,core,80,Lone Druid,0,0,0,0,1,0,0,0,5,2,1148,950,23,4,1,5,4,0,0,0.4347826,185.06699,0,2,1,0,0,0,15/08/2026
8947050343,1130710,Team Spirit vs Nigma Galaxy ,2,3661,252,0,106305042,Larl,7119388,Team Spirit,mid,74,Invoker,0,0,0,0,0,1,0,1,5,7,700,671,6,3,0,0,6,3,0,0.82608694,161.66939,1,0,0,0,1,0,15/08/2026
8947050343,1130710,Team Spirit vs Nigma Galaxy ,2,3661,252,0,218231587,not_me,7119388,Team Spirit,support,119,Dark Willow,0,0,1,1,0,0,0,0,1,16,59,259,1,0,22,4,4,2,5,0.5217391,192.13425,0,0,0,0,1,0,15/08/2026
8947050343,1130710,Team Spirit vs Nigma Galaxy ,2,3661,252,0,302214028,Collapse,7119388,Team Spirit,core,2,Axe,1,0,0,0,0,0,0,0,9,9,483,584,20,1,0,6,5,7,0,0.65217394,64.43333,0,0,0,0,0,0,15/08/2026
8947050343,1130710,Team Spirit vs Nigma Galaxy ,2,3661,252,0,111620041,SumaiL-,10136357,Nigma Galaxy ,core,53,Nature's Prophet,0,0,1,0,0,0,0,1,16,3,999,1032,30,6,0,1,1,2,0,0.7906977,20.566406,0,2,0,0,0,1,15/08/2026
8947050343,1130710,Team Spirit vs Nigma Galaxy ,2,3661,252,0,152168157,OmaR,10136357,Nigma Galaxy ,support,51,Clockwerk,1,0,0,0,0,0,0,1,1,6,39,336,0,0,19,6,6,17,8,0.8604651,145.26353,0,0,0,0,3,1,15/08/2026
8947050343,1130710,Team Spirit vs Nigma Galaxy ,2,3661,252,0,138880576,Davai,10136357,Nigma Galaxy ,core,155,Largo,0,0,1,0,1,0,0,0,4,5,356,515,8,1,0,8,2,2,0,0.6511628,51.999916,0,1,0,0,0,1,15/08/2026
8947050343,1130710,Team Spirit vs Nigma Galaxy ,2,3661,252,0,101356886,GH,10136357,Nigma Galaxy ,support,50,Dazzle,0,0,0,1,0,0,0,0,0,4,100,346,2,0,8,3,5,13,2,0.5813953,36.56584,0,0,0,0,0,1,15/08/2026
8947050343,1130710,Team Spirit vs Nigma Galaxy ,2,3661,252,0,210053851,lorenof,10136357,Nigma Galaxy ,mid,106,Ember Spirit,1,0,0,0,0,1,1,0,22,5,774,848,17,2,2,3,20,0,0,0.8604651,133.76442,0,1,0,0,1,1,15/08/2026
